Participant_IMD,Contact_IMD,Participant_age_group,Contact_age_group,mean,lower,upper
1,1,0-4,0-4,1.3384107006306143,0.9494164347228133,1.7857122916497008
1,1,0-4,5-9,0.46300616484505147,0.35865388193716213,0.5794652563289909
1,1,0-4,10-14,0.24012981593521915,0.17031785597226123,0.31560041803137884
1,1,0-4,15-19,0.2001180927205145,0.13181474709335478,0.2804240946810683
1,1,0-4,20-24,0.19666997149665685,0.12345595870155601,0.289555740517638
1,1,0-4,25-29,0.38230659219187496,0.27215087550448486,0.5177596810673946
1,1,0-4,30-34,0.3947589504942637,0.2949167218750607,0.5099526869274789
1,1,0-4,35-39,0.33257221292783773,0.23394228992915533,0.4462442276058216
1,1,0-4,40-44,0.13892146058092966,0.0801969228012255,0.2140497485765808
1,1,0-4,45-49,0.0933825178035094,0.05118232035030141,0.1487171265669282
1,1,0-4,50-54,0.14198305779243994,0.06988888946024402,0.26731781395571347
1,1,0-4,55-59,0.06739859272862718,0.033474491374265176,0.11009782352216962
1,1,0-4,60-64,0.06609289820636695,0.02250591814887003,0.15740698324460753
1,1,0-4,65-69,0.0637644679647559,0.026334769653552432,0.11595843567620831
1,1,0-4,70-74,0.0334008678423728,0.005616416979710331,0.07622933980411954
1,1,0-4,75+,0.08417123614607072,0.010022586447495032,0.19407012605352475
1,1,5-9,0-4,0.42926548200738374,0.33251767080703626,0.5372378414180309
1,1,5-9,5-9,2.4438342201596246,1.8037498735382194,3.15684236515549
1,1,5-9,10-14,0.5538923118781881,0.41785956115050665,0.6954009659770162
1,1,5-9,15-19,0.21175992232917654,0.14427902610773172,0.2882672949474293
1,1,5-9,20-24,0.2822273006393661,0.18565543866366005,0.3993778675644925
1,1,5-9,25-29,0.32354107103237895,0.24971687623973923,0.40397775578797807
1,1,5-9,30-34,0.3221767538114961,0.25776180259208104,0.39722530450718724
1,1,5-9,35-39,0.34882595107756403,0.2797635500009586,0.4187173694481535
1,1,5-9,40-44,0.23487538118902104,0.17363468638788246,0.31349812738033334
1,1,5-9,45-49,0.1280691849937311,0.08935818533606209,0.17006006631310067
1,1,5-9,50-54,0.07127082178333374,0.04050210380829605,0.10813131380259966
1,1,5-9,55-59,0.04364714645989123,0.022569612406899538,0.06890575391012202
1,1,5-9,60-64,0.06033320350800815,0.027688577815787003,0.11182484704121834
1,1,5-9,65-69,0.0817585158150568,0.04386533672893476,0.13026332892427592
1,1,5-9,70-74,0.047678777237653465,0.022162920225393998,0.08056934315974265
1,1,5-9,75+,0.04182588777022769,0.01441465385257045,0.07838964801822651
1,1,10-14,0-4,0.21501625348572606,0.15250545689318534,0.2825938928880982
1,1,10-14,5-9,0.5349477257772166,0.4035676559108635,0.6716164085962167
1,1,10-14,10-14,2.4110484560585723,1.6393834516948746,3.378811060076841
1,1,10-14,15-19,0.406660440728514,0.31558480976699976,0.5198452805338616
1,1,10-14,20-24,0.12036208606523577,0.077871707805768,0.17078317992893624
1,1,10-14,25-29,0.1611082430087808,0.11404349653821369,0.21892784682380256
1,1,10-14,30-34,0.2729519244152666,0.2169915285167599,0.3321442266480193
1,1,10-14,35-39,0.32311285297623843,0.254243453013629,0.39759948497080505
1,1,10-14,40-44,0.35233377428485974,0.2572546088368123,0.47619936262310614
1,1,10-14,45-49,0.19920888170875525,0.1480659448103719,0.2526204803250582
1,1,10-14,50-54,0.12821467864387207,0.08956163385853906,0.17674312083407584
1,1,10-14,55-59,0.06373479021369026,0.03548300521889848,0.099072583901985
1,1,10-14,60-64,0.045637975052405556,0.023553046990497914,0.073651729234469
1,1,10-14,65-69,0.04846413562278566,0.02336697555611952,0.0801464949130571
1,1,10-14,70-74,0.03703313283933082,0.017417813381898777,0.06824571113774318
1,1,10-14,75+,0.03430333552627905,0.011361135901085818,0.06651272924297977
1,1,15-19,0-4,0.18653533530884242,0.12286799116184371,0.26139067097279683
1,1,15-19,5-9,0.21290179948756216,0.14505702471357954,0.2898217243030389
1,1,15-19,10-14,0.4233323736964477,0.3285228983224244,0.5411574732202981
1,1,15-19,15-19,1.1918780789696395,0.7272480727330108,1.8343703489040013
1,1,15-19,20-24,0.30394943421335946,0.20728206353865022,0.4218444971037643
1,1,15-19,25-29,0.21174826807401587,0.14483881018800404,0.29001489421797244
1,1,15-19,30-34,0.19143682216086472,0.13218629020625308,0.25407990650940926
1,1,15-19,35-39,0.2458479319464861,0.18262310551764205,0.32298566829593794
1,1,15-19,40-44,0.258532041197391,0.18498579383693378,0.34148120453611513
1,1,15-19,45-49,0.20365970340451928,0.15133821027575614,0.2629485553539501
1,1,15-19,50-54,0.19627543059035096,0.14202998437623665,0.26130873330740756
1,1,15-19,55-59,0.09672873598943467,0.06304086394217352,0.13335948796723457
1,1,15-19,60-64,0.09521601737010073,0.05453024146820257,0.1466230633703454
1,1,15-19,65-69,0.06131831123321791,0.021737909612280733,0.13057538591605308
1,1,15-19,70-74,0.04899432198040531,0.0197736554192134,0.09535201414331793
1,1,15-19,75+,0.09610013952065151,0.032117572015749905,0.19720043037518278
1,1,20-24,0-4,0.18123237080198365,0.11376528869581452,0.26682707550108925
1,1,20-24,5-9,0.2805159402551791,0.18452966747810123,0.39695613352486353
1,1,20-24,10-14,0.12386888282643964,0.08014053066893002,0.1757590151094456
1,1,20-24,15-19,0.30048603916015343,0.20492015858779522,0.4170377299904366
1,1,20-24,20-24,0.7390536352420409,0.5086216257437981,1.0250450709194927
1,1,20-24,25-29,0.47937503326472103,0.3561634853961383,0.6310394016808123
1,1,20-24,30-34,0.29781755348579525,0.20302928005276266,0.40063950159741474
1,1,20-24,35-39,0.22071375682217387,0.1478689592782513,0.29813676726926047
1,1,20-24,40-44,0.20726695419434688,0.1382579118554755,0.284622506716058
1,1,20-24,45-49,0.18864510307267177,0.12314101516284055,0.26471051927385764
1,1,20-24,50-54,0.19093589429570718,0.13397366209089065,0.2567678182149546
1,1,20-24,55-59,0.07230709365776182,0.03846008752269034,0.1086513836516725
1,1,20-24,60-64,0.10503968726702999,0.06099368019946345,0.16087288705168976
1,1,20-24,65-69,0.06942620833089513,0.019338593660454234,0.14064735012198404
1,1,20-24,70-74,0.0605560074737059,0.012411895228178172,0.13636597593945507
1,1,20-24,75+,0.04459694335458688,0.00839652934414636,0.09498470384963736
1,1,25-29,0-4,0.3263980325725755,0.23235150044963215,0.44204244629133904
1,1,25-29,5-9,0.2979380496760674,0.22995584097149158,0.3720094771520972
1,1,25-29,10-14,0.15361311807814682,0.108737931545902,0.20874282132731287
1,1,25-29,15-19,0.19394601265323003,0.1326618156970348,0.26563254970266403
1,1,25-29,20-24,0.4441334057559298,0.32997985042649614,0.5846480504542979
1,1,25-29,25-29,0.6701178720541682,0.49993085388211966,0.8520067229697038
1,1,25-29,30-34,0.4375827284049614,0.34656793934221003,0.5385244350361451
1,1,25-29,35-39,0.2516740817351682,0.18125745119944858,0.3412930107234137
1,1,25-29,40-44,0.15951436766888513,0.11042298721555599,0.21741622571040298
1,1,25-29,45-49,0.16976744209031494,0.11782601110533777,0.2246482560575964
1,1,25-29,50-54,0.1475128120005693,0.10357743903298613,0.19463476325125278
1,1,25-29,55-59,0.09813441912274547,0.06348382626718514,0.1395994399563349
1,1,25-29,60-64,0.10504254208011521,0.062339967634021574,0.15361051255430852
1,1,25-29,65-69,0.08193448237763974,0.03647500228358764,0.14426469163805536
1,1,25-29,70-74,0.040107046916291265,0.01598534139287825,0.0728285771444019
1,1,25-29,75+,0.057613076673049275,0.019770973091558727,0.10452482316560956
1,1,30-34,0-4,0.32656533609055516,0.24397060098895332,0.42185964469771714
1,1,30-34,5-9,0.2874703816666882,0.2299945073429908,0.35443435487949515
1,1,30-34,10-14,0.25217327366125836,0.2004729009332132,0.3068595216573359
1,1,30-34,15-19,0.1698982155402728,0.11731397633658669,0.2254933101862402
1,1,30-34,20-24,0.2673564542721203,0.1822632272443167,0.3596616631045664
1,1,30-34,25-29,0.4239967468120329,0.3358077668331961,0.5218044353953634
1,1,30-34,30-34,0.616493951655481,0.4787068069548853,0.7724410486531507
1,1,30-34,35-39,0.41231386955659655,0.3258816302317517,0.5135596342412576
1,1,30-34,40-44,0.2305499133400676,0.16496169933696034,0.3017225067783086
1,1,30-34,45-49,0.1317267618272714,0.09286038075640733,0.17386529384274962
1,1,30-34,50-54,0.1486605978052651,0.10562667186335342,0.1927104117675734
1,1,30-34,55-59,0.12046474217416403,0.07998599687102181,0.16457545749296226
1,1,30-34,60-64,0.12954821633849822,0.0835008040319527,0.18969871676456818
1,1,30-34,65-69,0.10142247453804296,0.051788169717682304,0.17090310713038662
1,1,30-34,70-74,0.04357790460552803,0.01863150886526374,0.07387335876951533
1,1,30-34,75+,0.07605674654810961,0.03265179089377789,0.13157593559242292
1,1,35-39,0-4,0.2825864241485661,0.19878063349372962,0.37917347172786803
1,1,35-39,5-9,0.31969432481819327,0.2563995567130552,0.38374887619990267
1,1,35-39,10-14,0.30661568344457096,0.2412625477105805,0.3772992522538188
1,1,35-39,15-19,0.22410788446903565,0.16647395611053134,0.2944244202606355
1,1,35-39,20-24,0.20351527908907757,0.13634670058364673,0.274905326569219
1,1,35-39,25-29,0.2504771313587365,0.18039539908447347,0.3396698368358111
1,1,35-39,30-34,0.42350172099872596,0.33472420268916775,0.5274947194246505
1,1,35-39,35-39,0.4614609343439604,0.3457039055062111,0.6009874074525468
1,1,35-39,40-44,0.2810634516753594,0.2136229896144378,0.3594768579610849
1,1,35-39,45-49,0.16234545776220743,0.115093075246859,0.21414676400810326
1,1,35-39,50-54,0.158384550275033,0.10823229468866082,0.21678019387327171
1,1,35-39,55-59,0.1013839456680968,0.06335729531193252,0.14532768698385656
1,1,35-39,60-64,0.14621570662411615,0.09861448410819972,0.20200338831790998
1,1,35-39,65-69,0.13078217408992474,0.06799999466079515,0.21462354138479414
1,1,35-39,70-74,0.04330950707533489,0.020422349144761334,0.0717887543414998
1,1,35-39,75+,0.05905491973768276,0.021535181896480373,0.10700163641465593
1,1,40-44,0-4,0.1318143721445206,0.07609412529036763,0.20309916911561512
1,1,40-44,5-9,0.24037634577662204,0.1777013461466175,0.3208404979952024
1,1,40-44,10-14,0.3733554527328242,0.27260347420517195,0.5046113702386325
1,1,40-44,15-19,0.26316797739414455,0.18830291589871748,0.3476045657616248
1,1,40-44,20-24,0.21341540904962625,0.14235925320404136,0.2930656694968418
1,1,40-44,25-29,0.1772790785470234,0.12272051546239457,0.24162931978089244
1,1,40-44,30-34,0.26443582382600067,0.18920754396278072,0.3460692675649856
1,1,40-44,35-39,0.3138574677084409,0.2385481647117052,0.4014200198102251
1,1,40-44,40-44,0.44962030024601524,0.31487459816764046,0.623191617509592
1,1,40-44,45-49,0.22638989387591385,0.1652502329466139,0.29256372220064397
1,1,40-44,50-54,0.17523977436598284,0.12083593536478933,0.23421729912725064
1,1,40-44,55-59,0.11290417173963166,0.06699230123665939,0.1660695251524441
1,1,40-44,60-64,0.14558142745517372,0.09035036608962539,0.214507738485046
1,1,40-44,65-69,0.12803301852792612,0.0558907676273681,0.22448348160500056
1,1,40-44,70-74,0.09236447440052495,0.036414433778540006,0.17466568364542784
1,1,40-44,75+,0.07018912178967697,0.022302291343509285,0.13773422135190883
1,1,45-49,0-4,0.10387786795419557,0.05693475010092456,0.16543158611928316
1,1,45-49,5-9,0.15366073277761824,0.10721427046708884,0.2040424822502035
1,1,45-49,10-14,0.2474804763111411,0.18394476306886218,0.3138345853886039
1,1,45-49,15-19,0.2430456194319965,0.18060563010416658,0.3138003907813375
1,1,45-49,20-24,0.22772214567843024,0.14864916044547188,0.31954419410225815
1,1,45-49,25-29,0.22119540839812588,0.1535192633255452,0.2927013691951103
1,1,45-49,30-34,0.17713050704489008,0.1248676130772287,0.23379340104221083
1,1,45-49,35-39,0.2125358794664481,0.1506750376959648,0.28035198182151644
1,1,45-49,40-44,0.2654123084220248,0.19373411525903994,0.34299239926484304
1,1,45-49,45-49,0.30920204124707173,0.21526781970598496,0.4222599263442021
1,1,45-49,50-54,0.2175898681341445,0.1568230238222503,0.2770700558354248
1,1,45-49,55-59,0.11986112746835054,0.07218438070464714,0.17489119301194933
1,1,45-49,60-64,0.11303719567693375,0.07184074433804444,0.16736812766577844
1,1,45-49,65-69,0.09953897175902535,0.0488697032667407,0.18891300103635397
1,1,45-49,70-74,0.06097150997473788,0.030177676135950033,0.09875944216586943
1,1,45-49,75+,0.12612739223048738,0.06118816799454012,0.20363961775665104
1,1,50-54,0-4,0.15498194218255243,0.07628738240984041,0.29179139138850585
1,1,50-54,5-9,0.08391066182977444,0.04768512907545963,0.12730834131929308
1,1,50-54,10-14,0.15629933125455078,0.10917956996980417,0.21545763622696273
1,1,50-54,15-19,0.22984536784705023,0.16632206031126018,0.30600163121812796
1,1,50-54,20-24,0.2261697077043132,0.15869611162920255,0.3041497388836235
1,1,50-54,25-29,0.1885986459314367,0.1324262244461297,0.24884518369991046
1,1,50-54,30-34,0.1961563405180747,0.13937345685209587,0.25427967941831936
1,1,50-54,35-39,0.20346609784868422,0.13903883063891284,0.27848309738344923
1,1,50-54,40-44,0.20159689306966877,0.13901038864517948,0.2694449931703902
1,1,50-54,45-49,0.2135137237876064,0.1538852340830425,0.27187966001702996
1,1,50-54,50-54,0.2953598507631947,0.20775365717612157,0.3916095157165223
1,1,50-54,55-59,0.1646164522762551,0.11274539481570399,0.22430294086345
1,1,50-54,60-64,0.15063892645973645,0.09899918170495908,0.22185765001448168
1,1,50-54,65-69,0.03418685716447247,0.012711540672109412,0.06196619020823831
1,1,50-54,70-74,0.04508346567920403,0.020009691247096555,0.07392042907237656
1,1,50-54,75+,0.0986439538427267,0.04511220687488631,0.16303936162903088
1,1,55-59,0-4,0.07437673279313108,0.03694028613259452,0.12149684540424534
1,1,55-59,5-9,0.051952078823385615,0.026864030707115988,0.08201675135425089
1,1,55-59,10-14,0.07854845126833866,0.04373019973779055,0.12209968845213026
1,1,55-59,15-19,0.11451622515256718,0.07463347572124611,0.15788302197968337
1,1,55-59,20-24,0.08659034240393478,0.04605733654899248,0.13011393539878066
1,1,55-59,25-29,0.1268445694780717,0.08205661870387923,0.1804405734393043
1,1,55-59,30-34,0.16069713187313078,0.1066994379866203,0.2195397883107694
1,1,55-59,35-39,0.1316709968934675,0.08228441080313079,0.18874232301069022
1,1,55-59,40-44,0.13131152125145654,0.07791440167337677,0.19314469647377802
1,1,55-59,45-49,0.11890693336641163,0.0716097330955741,0.17349891389379135
1,1,55-59,50-54,0.16642360757196667,0.11398311094000953,0.22676533293799686
1,1,55-59,55-59,0.24434891605820633,0.15859445214584694,0.3492172246822364
1,1,55-59,60-64,0.19647079747229057,0.1361695659552322,0.26729575556351437
1,1,55-59,65-69,0.08446199615177932,0.040007253487469516,0.13743232716938417
1,1,55-59,70-74,0.05541294195922798,0.024522513629815997,0.09470790571677348
1,1,55-59,75+,0.08215287748572175,0.03521266137786142,0.1425961336060944
1,1,60-64,0-4,0.08248805992339832,0.028088789798542207,0.19645373434375632
1,1,60-64,5-9,0.08121822329582135,0.03727329173707515,0.15053428077640926
1,1,60-64,10-14,0.06361176667639869,0.032829040463723105,0.10265829301138953
1,1,60-64,15-19,0.1274886575630372,0.073012792105632,0.19631967428555022
1,1,60-64,20-24,0.1422630109622625,0.08260824856405104,0.21788203953791593
1,1,60-64,25-29,0.15355563941954056,0.09113120647951045,0.2245543568323964
1,1,60-64,30-34,0.19544728086798638,0.12597630102210744,0.2861953597176864
1,1,60-64,35-39,0.21476573211298713,0.14484772098313597,0.296708244162358
1,1,60-64,40-44,0.19149120929205937,0.11884277524212296,0.2821537538341159
1,1,60-64,45-49,0.12682364168702182,0.08060271456571787,0.18778098063913495
1,1,60-64,50-54,0.17223798300256532,0.11319397831956941,0.2536682585984637
1,1,60-64,55-59,0.22220203537518315,0.15400331805379466,0.30230274268488666
1,1,60-64,60-64,0.3056848007374674,0.1929846933593329,0.44144818246532996
1,1,60-64,65-69,0.19144405527179292,0.1281412718923419,0.27049110505520807
1,1,60-64,70-74,0.08026463321593105,0.03571127449185822,0.1418017015375077
1,1,60-64,75+,0.1602879308838916,0.07739935387713251,0.2758979224071841
1,1,65-69,0-4,0.10068655645892935,0.04158361790175811,0.18310284635410065
1,1,65-69,5-9,0.13924722616506938,0.07470936089541902,0.2218583231716762
1,1,65-69,10-14,0.08546494482449161,0.04120691003679168,0.14133576669838294
1,1,65-69,15-19,0.10387431574309099,0.03682440760758576,0.2211970387333882
1,1,65-69,20-24,0.11896479974343611,0.03313751359098541,0.24100529531959025
1,1,65-69,25-29,0.151538755527624,0.06746093089898568,0.2668191853174321
1,1,65-69,30-34,0.1935926442628143,0.09885194344589672,0.32621551162895734
1,1,65-69,35-39,0.24303899833377587,0.12636776153987295,0.39884556805992516
1,1,65-69,40-44,0.2130695102081211,0.0930120887599144,0.3735800813362733
1,1,65-69,45-49,0.14129553875085013,0.06937052824279566,0.2681619448821691
1,1,65-69,50-54,0.049454674874516755,0.01838850257772935,0.08964023148479368
1,1,65-69,55-59,0.12085588990898023,0.057246009369154874,0.19665064714395983
1,1,65-69,60-64,0.24221349689209343,0.16212331857043397,0.3422231959128463
1,1,65-69,65-69,0.25857447694491353,0.13230499124257805,0.44266925875789914
1,1,65-69,70-74,0.15820216905244427,0.09051871513240879,0.2453876246245489
1,1,65-69,75+,0.15243125487171455,0.06843357574974665,0.2691232707875421
1,1,70-74,0-4,0.06694907833447229,0.011257609895293523,0.15279495329330206
1,1,70-74,5-9,0.1030796099843265,0.047915347358010174,0.17418769840097462
1,1,70-74,10-14,0.08289953646757728,0.038990183787655605,0.15276962507504985
1,1,70-74,15-19,0.1053556537707847,0.04252056789279837,0.2050415922165041
1,1,70-74,20-24,0.1317183763139223,0.02699772912116159,0.2966163999997469
1,1,70-74,25-29,0.09416115824631908,0.037529521025514365,0.17098299936320557
1,1,70-74,30-34,0.10558812970840172,0.04514366150774374,0.17899322737884465
1,1,70-74,35-39,0.10216561619654421,0.048175609131875026,0.1693471669054999
1,1,70-74,40-44,0.1951184737119277,0.07692490847879938,0.3689784608632234
1,1,70-74,45-49,0.10986423956626654,0.054376994139179055,0.177954113618597
1,1,70-74,50-54,0.08278650941387206,0.03674368125520023,0.13573965987491954
1,1,70-74,55-59,0.10064953932846805,0.04454157481537632,0.1720231185012874
1,1,70-74,60-64,0.12890649024021408,0.057352969450019664,0.22773616377359096
1,1,70-74,65-69,0.2008198034130741,0.1149032954919118,0.31149190199008686
1,1,70-74,70-74,0.36870914270949195,0.203385152416717,0.5862167574918712
1,1,70-74,75+,0.28388329725285555,0.1489227629939938,0.4435024544405711
1,1,75+,0-4,0.09542806726434301,0.011362979771551058,0.22002453440146877
1,1,75+,5-9,0.051146791679136015,0.017626961124518472,0.09585879011139521
1,1,75+,10-14,0.0434333743994282,0.01438497048826701,0.0842154917945234
1,1,75+,15-19,0.11688578120857147,0.039064329295554714,0.2398532038979654
1,1,75+,20-24,0.05486808455984306,0.010330337628765807,0.1168606718464154
1,1,75+,25-29,0.0765063962191176,0.026254558657997928,0.13880212614269472
1,1,75+,30-34,0.10423463942130655,0.044748793561922774,0.18032286188210797
1,1,75+,35-39,0.07879581876560723,0.028733969961128876,0.14277018050322832
1,1,75+,40-44,0.08386655553656922,0.026648237046730784,0.16457386030430263
1,1,75+,45-49,0.1285477238515149,0.06236234320906684,0.20754737639206058
1,1,75+,50-54,0.10245621786901751,0.04685564513659584,0.16934029614143642
1,1,75+,55-59,0.08440126077864905,0.03617637149933892,0.14649874510612002
1,1,75+,60-64,0.14560522252961788,0.07030941183645348,0.250625098009762
1,1,75+,65-69,0.1094444391461698,0.04913476782042649,0.19322838650979893
1,1,75+,70-74,0.1605703714397287,0.08423385102673818,0.25085432828590815
1,1,75+,75+,0.5240167219908992,0.27774828592233447,0.8372264753812174
1,2,0-4,0-4,0.4129017561004281,0.26991452773121505,0.5920196851261529
1,2,0-4,5-9,0.14683316376722333,0.0863010489231115,0.2151648473868562
1,2,0-4,10-14,0.08378433083402453,0.04276150976516353,0.12664780320858693
1,2,0-4,15-19,0.07397757641033258,0.03623001216009957,0.11873069094713028
1,2,0-4,20-24,0.12506846337968452,0.04198549584487497,0.25224160119742267
1,2,0-4,25-29,0.08310333415777879,0.03685045068232487,0.14158266492148963
1,2,0-4,30-34,0.11146038379044076,0.04852363427995437,0.1890284205888732
1,2,0-4,35-39,0.11517125126911887,0.0543238353513976,0.19922458570088317
1,2,0-4,40-44,0.05256267246358759,0.016396719361541096,0.10863909895655609
1,2,0-4,45-49,0.04423690088248004,0.014480631772218247,0.0908358056620556
1,2,0-4,50-54,0.07061330703091655,0.026427716161933505,0.1459883785909512
1,2,0-4,55-59,0.036054760216931867,0.008508359474223733,0.09232510893557953
1,2,0-4,60-64,0.04636755602836617,0.009747509863126419,0.11666070222394065
1,2,0-4,65-69,0.033085279501039906,0.005491551460035269,0.07495947718758161
1,2,0-4,70-74,0.02424954155144245,0.0031981427401010514,0.06089634106915266
1,2,0-4,75+,0.06510788999523269,0.01323366341473884,0.14544396705529786
1,2,5-9,0-4,0.15965755957805644,0.08924968082689191,0.24472010016412823
1,2,5-9,5-9,0.9048345728732818,0.705366206243668,1.143878954723049
1,2,5-9,10-14,0.22849589425670713,0.15824350609198892,0.31532686267180976
1,2,5-9,15-19,0.08248909637240609,0.04566254114837193,0.12784492311017195
1,2,5-9,20-24,0.17674739515207502,0.08459443102805411,0.32912896064523905
1,2,5-9,25-29,0.10409084617071927,0.06364083563590585,0.1527140016408078
1,2,5-9,30-34,0.10858946892038639,0.05970315959510416,0.16687095141218694
1,2,5-9,35-39,0.08034846842152157,0.046117172158601984,0.12686646486524844
1,2,5-9,40-44,0.052885499189913206,0.027024601481134558,0.08852881383785755
1,2,5-9,45-49,0.04686673872305006,0.020943848805965462,0.08538915726286157
1,2,5-9,50-54,0.03131990397328635,0.010988568223420623,0.0614462711589005
1,2,5-9,55-59,0.008512511077031399,0,0.0241666213958987
1,2,5-9,60-64,0.023083215891032686,0.0053319315077180645,0.054318548370735076
1,2,5-9,65-69,0.05279374348391258,0.02041430239980226,0.09492852788051995
1,2,5-9,70-74,0.020495437023992796,0.004973898978016324,0.0417084784038545
1,2,5-9,75+,0.030564013721400808,0.009344725311257903,0.06140005777145713
1,2,10-14,0-4,0.04120242559815322,0.016886978161543127,0.07233029697507536
1,2,10-14,5-9,0.19269784799060846,0.13058551493484818,0.26126047993353085
1,2,10-14,10-14,1.0718876594452633,0.7787418339439391,1.4194115032236598
1,2,10-14,15-19,0.16050059692330126,0.1052622692282349,0.2320574472060852
1,2,10-14,20-24,0.060994692043720135,0.02197322921328864,0.1175339575708534
1,2,10-14,25-29,0.04834836730510414,0.02484369678226953,0.07543987843877302
1,2,10-14,30-34,0.08219110341358082,0.04259799162853109,0.1299973208144783
1,2,10-14,35-39,0.07358325263806968,0.03712666554765493,0.14213055198920738
1,2,10-14,40-44,0.06584117080980052,0.034725321161125665,0.11127116693227289
1,2,10-14,45-49,0.04358303006606178,0.016834454814100515,0.08220631200873162
1,2,10-14,50-54,0.03409774133007801,0.014071154383599412,0.07269194157916832
1,2,10-14,55-59,0.016291700618546706,0.0046500910948244194,0.03360435809038449
1,2,10-14,60-64,0.017973028822346845,0.004901175514069709,0.035896799091814466
1,2,10-14,65-69,0.017021826615367743,0.004347355543117632,0.03650386075233694
1,2,10-14,70-74,0.018095546849365228,0.004404803307829044,0.0406440738205459
1,2,10-14,75+,0.023314526831782388,0.006577517162498656,0.04929638577008153
1,2,15-19,0-4,0.058515637536845286,0.025863513880740964,0.09455811305314145
1,2,15-19,5-9,0.07421684452087475,0.04215259239718382,0.11321331303911403
1,2,15-19,10-14,0.1797841576371213,0.12014402301191303,0.25978058303512575
1,2,15-19,15-19,0.5866754474401438,0.3907464592323749,0.8329301026088711
1,2,15-19,20-24,0.14063989372043484,0.06665292068827072,0.23784472781723162
1,2,15-19,25-29,0.10265984695822626,0.060585560796064315,0.15313905976544534
1,2,15-19,30-34,0.09180129827996722,0.0497140291737128,0.14316882532767317
1,2,15-19,35-39,0.08226951102680684,0.04674071039906395,0.12975756997312665
1,2,15-19,40-44,0.05620127248232824,0.027054423242756663,0.09631761449682454
1,2,15-19,45-49,0.06300767966912585,0.03074905539755811,0.10849027163452285
1,2,15-19,50-54,0.061757476270658154,0.029508429244636012,0.11235467995908624
1,2,15-19,55-59,0.023830033953905712,0.005791008543525913,0.05279293625069805
1,2,15-19,60-64,0.02425284726799038,0.005178717024802067,0.05226036748447238
1,2,15-19,65-69,0.03171191372645055,0.006134373407755639,0.0767650132980892
1,2,15-19,70-74,0.02672975654400217,0.005713474026286101,0.05838809134934909
1,2,15-19,75+,0.04269098568508004,0.010868098103295623,0.08928825158326227
1,2,20-24,0-4,0.05198884631815289,0.018813820271848792,0.10086291320342305
1,2,20-24,5-9,0.08228426886745767,0.04170077674111518,0.13249466414831446
1,2,20-24,10-14,0.06180467261775777,0.02712940785571865,0.10563683285252116
1,2,20-24,15-19,0.1085349001799482,0.058703081117236385,0.1711175768093601
1,2,20-24,20-24,0.33589294313683477,0.20901361781830535,0.5024983651449964
1,2,20-24,25-29,0.2152699550316301,0.13597013641590672,0.3061855350153464
1,2,20-24,30-34,0.1388907003810141,0.08315923474146068,0.20453326859145693
1,2,20-24,35-39,0.10002654003525295,0.05709890383558855,0.15392596442164191
1,2,20-24,40-44,0.08597780228937485,0.045579820169627104,0.13333553375584578
1,2,20-24,45-49,0.06933256651894484,0.033243794517610954,0.11481420416570379
1,2,20-24,50-54,0.06675783064048707,0.03484598124956368,0.10781700566538346
1,2,20-24,55-59,0.035801127958546196,0.012978171235615196,0.06268954835155637
1,2,20-24,60-64,0.04064326193323052,0.01600566526688784,0.07311837948356531
1,2,20-24,65-69,0.028274147808033997,0.0042363979493448825,0.06564131542559704
1,2,20-24,70-74,0.02964219129707739,0.004132231405058725,0.0885150236169017
1,2,20-24,75+,0.07765680445166044,0.01885502657498175,0.16368674591516744
1,2,25-29,0-4,0.10709036229817663,0.05465233690321083,0.17673143349882187
1,2,25-29,5-9,0.08588608589010023,0.05053693670933663,0.12922087086362316
1,2,25-29,10-14,0.05074495821472676,0.02676505612319157,0.07892169682265514
1,2,25-29,15-19,0.09329471394278592,0.05342575908860077,0.14153713375301358
1,2,25-29,20-24,0.21176955115847312,0.12310209358014049,0.3283060773063839
1,2,25-29,25-29,0.25500890635441004,0.18138971367734655,0.3388248344897215
1,2,25-29,30-34,0.2046002799310517,0.13936116732293832,0.2709606863067331
1,2,25-29,35-39,0.12748820537873434,0.08365664347935464,0.18066920200794276
1,2,25-29,40-44,0.09474217139058462,0.05746883830004624,0.14015661894810075
1,2,25-29,45-49,0.06004388443341631,0.032781691483941895,0.09320880438767024
1,2,25-29,50-54,0.07423200276371379,0.04343203693266124,0.11056365579254904
1,2,25-29,55-59,0.04936132004927029,0.02291512729789429,0.08107519167004508
1,2,25-29,60-64,0.045987412375658676,0.01961303424546887,0.07700395399371651
1,2,25-29,65-69,0.04404574490564943,0.016928130922530798,0.0813949623871915
1,2,25-29,70-74,0.025582243455054304,0.007871144785310985,0.05089356976154768
1,2,25-29,75+,0.04326638359802676,0.014505063087894659,0.08636391304064378
1,2,30-34,0-4,0.06997848780233423,0.031164834688931865,0.11971679369375324
1,2,30-34,5-9,0.07847639273405595,0.04337098025807208,0.11861102039068515
1,2,30-34,10-14,0.05900391832967003,0.0300187602866765,0.09491573472088795
1,2,30-34,15-19,0.0617406433600682,0.033832986456102755,0.09402324571042289
1,2,30-34,20-24,0.14701766064064356,0.07453268648140847,0.24175984218019822
1,2,30-34,25-29,0.21336512587687134,0.14959163651146037,0.285128042859292
1,2,30-34,30-34,0.21799343924974238,0.154499629002151,0.2887774646005995
1,2,30-34,35-39,0.15841564136310832,0.1082562712750897,0.22576434337227244
1,2,30-34,40-44,0.10338364506569515,0.06612276248931134,0.14813719506133788
1,2,30-34,45-49,0.0666072344615166,0.03667941470829278,0.10358173132573388
1,2,30-34,50-54,0.07618310887035307,0.04828084330869894,0.10991060628839062
1,2,30-34,55-59,0.06274556320089418,0.03333691733923362,0.10074801202583338
1,2,30-34,60-64,0.05040786314583371,0.024730662742788595,0.08413640614011111
1,2,30-34,65-69,0.046095518921354293,0.016611680389347048,0.08647411726506922
1,2,30-34,70-74,0.022341000944210196,0.005152800259022287,0.045130491475614425
1,2,30-34,75+,0.037852144483358684,0.011559175297827474,0.07377356399858792
1,2,35-39,0-4,0.061003702641646715,0.029683495314719775,0.10401647264787192
1,2,35-39,5-9,0.06499751534746923,0.03544909310818612,0.10119199339862542
1,2,35-39,10-14,0.05730772799719454,0.029570144930352437,0.09789583216600538
1,2,35-39,15-19,0.06214216904384054,0.03395877429787246,0.09929397404157422
1,2,35-39,20-24,0.11212917084721064,0.057600134249829335,0.17913803368960493
1,2,35-39,25-29,0.14088718228973254,0.0888161385661933,0.20394475894794742
1,2,35-39,30-34,0.17195656272863402,0.11465046098402681,0.2373533413795147
1,2,35-39,35-39,0.16005454084416787,0.10561533341022364,0.22445086180255203
1,2,35-39,40-44,0.10543745230965433,0.06452929211933078,0.15113886237671684
1,2,35-39,45-49,0.07147657523609055,0.041198446063328585,0.10646591358452719
1,2,35-39,50-54,0.07910807802520166,0.04680958348587491,0.11580749197047932
1,2,35-39,55-59,0.05612016480977953,0.03040318395357093,0.09092421954023225
1,2,35-39,60-64,0.05400977599499125,0.027836302425375353,0.08770807378889167
1,2,35-39,65-69,0.06044664717243165,0.02186051673003063,0.12268167008293256
1,2,35-39,70-74,0.022054757627938477,0.005075888228051112,0.0464071474990337
1,2,35-39,75+,0.04280208376362023,0.011406383017829492,0.08930208783896167
1,2,40-44,0-4,0.04659975636813563,0.012812831770007775,0.09238226671235018
1,2,40-44,5-9,0.07597020894364312,0.0344974001042994,0.1361186541483884
1,2,40-44,10-14,0.10965613351491833,0.053314766951078105,0.19331797096852646
1,2,40-44,15-19,0.0592952859042799,0.026053440124959644,0.10595358954466227
1,2,40-44,20-24,0.10525794158112577,0.04873606515578464,0.17592843713505593
1,2,40-44,25-29,0.10915805976176375,0.06302306386271332,0.16156376788241902
1,2,40-44,30-34,0.14390860685830356,0.09098105454905206,0.2031804381622352
1,2,40-44,35-39,0.13510126183955826,0.0857448176246646,0.1967776916487329
1,2,40-44,40-44,0.14225021386019945,0.08928642046358179,0.20247117587467925
1,2,40-44,45-49,0.09259182201920291,0.053221295840811304,0.13835872331011714
1,2,40-44,50-54,0.09283001950996342,0.05499799970041692,0.13631483149720647
1,2,40-44,55-59,0.0711889945128374,0.03435244355445277,0.11804648544154463
1,2,40-44,60-64,0.06389359452841183,0.030470433068008607,0.10861872944771107
1,2,40-44,65-69,0.06978262689313235,0.01762931155451399,0.15488871020035186
1,2,40-44,70-74,0.0534204178180143,0.009434994187996103,0.12506046169788365
1,2,40-44,75+,0.04797755549291871,0.00918093174382391,0.10078707165246054
1,2,45-49,0-4,0.05090520263581356,0.018097600190001433,0.09547031237348944
1,2,45-49,5-9,0.03540753859904499,0.01426043209346182,0.060930497759716575
1,2,45-49,10-14,0.044402003907552355,0.01922090650694596,0.07532676636258746
1,2,45-49,15-19,0.0536655945945559,0.025282347863332524,0.08834801694792932
1,2,45-49,20-24,0.12376732851930916,0.057078154419857245,0.2049287809329742
1,2,45-49,25-29,0.08635171537347335,0.04708372079229018,0.1315446205877198
1,2,45-49,30-34,0.09368714004633126,0.05636543482684921,0.13902076419795062
1,2,45-49,35-39,0.08293060611765146,0.045524335699668426,0.12384098441460624
1,2,45-49,40-44,0.09121233500714565,0.05407771954820619,0.13668118795692885
1,2,45-49,45-49,0.0845417250082533,0.0473323239185836,0.1307782385986234
1,2,45-49,50-54,0.082471083426810185,0.04675244197785237,0.12657146865446853
1,2,45-49,55-59,0.06951072524129298,0.034522123105476095,0.11303433733321143
1,2,45-49,60-64,0.048639161360413755,0.020268847192817192,0.08583925122731383
1,2,45-49,65-69,0.03373861160352594,0.009783060916379174,0.08128266325210622
1,2,45-49,70-74,0.0147948628348007,0,0.034913416711264106
1,2,45-49,75+,0.04773705167795127,0.010065195446207903,0.10150386639187019
1,2,50-54,0-4,0.0574698896701953,0.018832443811712687,0.1136177377060941
1,2,50-54,5-9,0.03376288051392921,0.013694326385302397,0.05840536319395725
1,2,50-54,10-14,0.03178831241511415,0.012370452546989699,0.057500673332071775
1,2,50-54,15-19,0.05079132156283214,0.020822078049940827,0.09539989508988714
1,2,50-54,20-24,0.07086950384617989,0.031075326893232363,0.12329735344347525
1,2,50-54,25-29,0.08584502335358213,0.04927885860243454,0.129839908199513
1,2,50-54,30-34,0.1002400973320645,0.06071595129173588,0.1491918257123515
1,2,50-54,35-39,0.09151971751555035,0.0528914408495521,0.13861310256405315
1,2,50-54,40-44,0.0955753397057118,0.055514501779750446,0.1430050232178301
1,2,50-54,45-49,0.07918750797131027,0.04266631866126759,0.11842938522534187
1,2,50-54,50-54,0.10946862510346571,0.07058387708517094,0.15387753814603616
1,2,50-54,55-59,0.08566350545215894,0.04600608956948881,0.1304165733117258
1,2,50-54,60-64,0.0719833079609526,0.037498061829450896,0.12054641128712482
1,2,50-54,65-69,0.017820252360016837,0.0033545935374940943,0.037977552325301846
1,2,50-54,70-74,0.01841819968587976,0.0032889361885104903,0.03850404216933288
1,2,50-54,75+,0.03978671627058429,0.01164295444255622,0.08000315880808014
1,2,55-59,0-4,0.036913642790209075,0.009117468755185357,0.07406534865335274
1,2,55-59,5-9,0.016514856598262975,0.002965150001956952,0.032640260296114984
1,2,55-59,10-14,0.01918294699847955,0.005728374959011642,0.037457111204511465
1,2,55-59,15-19,0.01943411419198047,0.0038737667372516875,0.03883648660414963
1,2,55-59,20-24,0.04065471396745802,0.013542297446164026,0.076301260794196
1,2,55-59,25-29,0.059343082091297725,0.027137555883311,0.09717704860224183
1,2,55-59,30-34,0.08429323960534316,0.04731762644207098,0.12621334921996677
1,2,55-59,35-39,0.06146809381216495,0.030454188129027126,0.1026709836168858
1,2,55-59,40-44,0.07220943976802899,0.038389748126386285,0.11666413795058597
1,2,55-59,45-49,0.061182161490820904,0.029668402658231088,0.10209687709186627
1,2,55-59,50-54,0.08039682283802549,0.046849365411010244,0.12213220116417742
1,2,55-59,55-59,0.08362767361794439,0.0433469957041815,0.13458897799879319
1,2,55-59,60-64,0.067750790717921,0.03295462348618078,0.1119603709388209
1,2,55-59,65-69,0.035901306951130404,0.00812520079392604,0.08002313135459782
1,2,55-59,70-74,0.0189569624805238,0.0032895768794584195,0.050286303367271766
1,2,55-59,75+,0.04104394215799712,0.008127452471870533,0.08733839934003317
1,2,60-64,0-4,0.030607515763117887,0.004165805785518851,0.07739480814153708
1,2,60-64,5-9,0.028119846003368434,0.007088278964201562,0.06837478345320507
1,2,60-64,10-14,0.02339838866527524,0.0038924661568325455,0.05716924060583527
1,2,60-64,15-19,0.025693824199764695,0.006981646651090256,0.056063474958245214
1,2,60-64,20-24,0.05221407504159215,0.017695348962310276,0.09853009802527879
1,2,60-64,25-29,0.06347298087814661,0.02917164628870341,0.10871019200279329
1,2,60-64,30-34,0.08655478830669955,0.043228117313903254,0.14246136891391814
1,2,60-64,35-39,0.08573046355468279,0.04328722666681894,0.13738590492142266
1,2,60-64,40-44,0.09697943226456775,0.05016657527374421,0.15749627020063225
1,2,60-64,45-49,0.057872007099813154,0.025683000147865027,0.10302831463133015
1,2,60-64,50-54,0.08069742189237016,0.04006475474619141,0.13629958106243992
1,2,60-64,55-59,0.10177665301225308,0.05161562110406715,0.16390888737159384
1,2,60-64,60-64,0.100861485463536,0.05402329815348195,0.16844884247079875
1,2,60-64,65-69,0.05422148488340239,0.012980753507414386,0.11756564367960462
1,2,60-64,70-74,0.03832993486125553,0.004995192309257151,0.09167466498537116
1,2,60-64,75+,0.09566138580680048,0.03174478648495599,0.1890489456189243
1,2,65-69,0-4,0.06525325404209414,0.015868849252619936,0.1394012013574099
1,2,65-69,5-9,0.06075322153961768,0.017662115845889597,0.11970316972871899
1,2,65-69,10-14,0.022294669862680937,0.004192559247741006,0.05247140792991335
1,2,65-69,15-19,0.042902891814605014,0.008946273072414591,0.0966205918560951
1,2,65-69,20-24,0.12033270248243995,0.022881733930336524,0.2822476997977827
1,2,65-69,25-29,0.07567079357262012,0.022923480139794988,0.1472851635269576
1,2,65-69,30-34,0.1664025215204123,0.05775760649176359,0.3122730505389345
1,2,65-69,35-39,0.10427924634201927,0.03360798732100225,0.23067753922707201
1,2,65-69,40-44,0.0668769227014134,0.01685969819090352,0.1447393212888927
1,2,65-69,45-49,0.05929424275344428,0.01618124360585683,0.14362804691140824
1,2,65-69,50-54,0.032130533978261606,0.006080219509263218,0.06698286541382023
1,2,65-69,55-59,0.06675489637723184,0.014293175790349,0.13611173815948435
1,2,65-69,60-64,0.04740090216299418,0.011332330035946357,0.09342979848639146
1,2,65-69,65-69,0.07480389861535354,0.020725614178183045,0.16549842118640481
1,2,65-69,70-74,0.051483534417893426,0.012980795199778997,0.11398123440972778
1,2,65-69,75+,0.10330738821101448,0.03061268032391765,0.21014991075514466
1,2,70-74,0-4,0.06369175853691528,0.009802008532372383,0.16246557547626006
1,2,70-74,5-9,0.046236250325184,0.010458400570308559,0.09414672179739694
1,2,70-74,10-14,0.04070496412097904,0.00931467729014473,0.0887194360765911
1,2,70-74,15-19,0.035852506861327745,0.005448348345515465,0.08874501051842942
1,2,70-74,20-24,0.14828781899446236,0.024214766827247006,0.34095566847302106
1,2,70-74,25-29,0.04388182043065006,0.007793325500790529,0.09613454386105488
1,2,70-74,30-34,0.07100482938809813,0.015896083546211377,0.14968680450452404
1,2,70-74,35-39,0.03812707608634087,0.006737667855115768,0.0884012002255881
1,2,70-74,40-44,0.04462544975842764,0.00657831805158322,0.11359115636390403
1,2,70-74,45-49,0.023801543523329798,0,0.05503648175557479
1,2,70-74,50-54,0.03471835464991443,0.006799717771005272,0.07011804060090304
1,2,70-74,55-59,0.053998080084065696,0.007495410429902452,0.12476650032682399
1,2,70-74,60-64,0.03076770776535745,0.006374150963648613,0.06872490038340967
1,2,70-74,65-69,0.07171849221156323,0.020755899106741745,0.15954755433819276
1,2,70-74,70-74,0.09628871754676688,0.03100329294094464,0.19237082478985063
1,2,70-74,75+,0.15786114000534887,0.051332008118416886,0.3066573082423551
1,2,75+,0-4,0.034166261688713555,0,0.08014189578140758
1,2,75+,5-9,0.03182469734485912,0.006731738128030863,0.06894998366329438
1,2,75+,10-14,0.020314913266105253,0.0031553181868938193,0.04688546496606545
1,2,75+,15-19,0.05169762560555772,0.010342710675095672,0.11489449922025159
1,2,75+,20-24,0.04404505946266987,0.0053307388909956495,0.11000926946844108
1,2,75+,25-29,0.03494263878074864,0.0045575050433561085,0.08017410714893439
1,2,75+,30-34,0.06270087753664318,0.01659325661680214,0.1240121910145838
1,2,75+,35-39,0.03292278407473403,0.007118323029600639,0.07062748511148437
1,2,75+,40-44,0.038957633923179864,0.004824638885411189,0.09574681002760434
1,2,75+,45-49,0.0334402734273346,0.006528019956341495,0.07139641901112974
1,2,75+,50-54,0.037459471268037274,0.01233406083360001,0.07362248818187021
1,2,75+,55-59,0.04421029084269572,0.009486668874127533,0.09120129001472453
1,2,75+,60-64,0.04607142353821102,0.0130393006743243,0.09219803733397725
1,2,75+,65-69,0.05570354128918222,0.011625593916820573,0.11958630946207492
1,2,75+,70-74,0.0685283373748521,0.015293098692257387,0.14350245385636579
1,2,75+,75+,0.23864303035099135,0.10576158975936206,0.4196173466726883
1,3,0-4,0-4,0.2229677617011992,0.13008530686875336,0.33154835398358445
1,3,0-4,5-9,0.11926139075683838,0.0692405496169132,0.18525506786399096
1,3,0-4,10-14,0.05703952413972096,0.026307458286561444,0.09545785142973633
1,3,0-4,15-19,0.05637848450150026,0.023529194217778628,0.09927245987630136
1,3,0-4,20-24,0.05804830630069652,0.014157125933330237,0.12456119546827346
1,3,0-4,25-29,0.05450568690966369,0.019366601111574604,0.10279753256685999
1,3,0-4,30-34,0.09955353537772886,0.045744711897355024,0.1773245092870643
1,3,0-4,35-39,0.08687937841038781,0.03819369854461359,0.1589785101375711
1,3,0-4,40-44,0.03740740861887917,0.00908066935779871,0.07579343106146301
1,3,0-4,45-49,0.05056931312093937,0.01625678838856521,0.09945377894541078
1,3,0-4,50-54,0.053842305591732,0.017977549358649293,0.11748654695477788
1,3,0-4,55-59,0.03400855898279354,0.007185815795522327,0.08281347239586298
1,3,0-4,60-64,0.049235968190456475,0.010866643297580652,0.1197285359370897
1,3,0-4,65-69,0.030550983128763812,0.004899604072776068,0.07236885666459635
1,3,0-4,70-74,0.015392784333357886,0,0.03943836784736392
1,3,0-4,75+,0.04277931208203326,0.004854368933697831,0.10661490111158269
1,3,5-9,0-4,0.12072587096557005,0.058229035270924906,0.20971824177126097
1,3,5-9,5-9,0.6164996051529421,0.4578278413161591,0.7872435853461791
1,3,5-9,10-14,0.15545011052034435,0.0959374446425588,0.22627975733146333
1,3,5-9,15-19,0.07027389918650523,0.03562856914126894,0.11126118597442572
1,3,5-9,20-24,0.10167116660808853,0.03254281613932816,0.2152229315637165
1,3,5-9,25-29,0.0754538783451368,0.04151902354945621,0.11347259014408105
1,3,5-9,30-34,0.09967685756117414,0.05524937748600414,0.161578913971553
1,3,5-9,35-39,0.06872476157866067,0.035802711989066566,0.11411098181265898
1,3,5-9,40-44,0.052271822675945614,0.024672841212749347,0.0886134226875254
1,3,5-9,45-49,0.030205143688527107,0.010237091551011176,0.05832270443919916
1,3,5-9,50-54,0.02466210152417652,0.007485196759418377,0.049793823920706214
1,3,5-9,55-59,0.009770540377570388,0,0.025248921034642463
1,3,5-9,60-64,0.026753917657539216,0.007006923210471523,0.05971143543858005
1,3,5-9,65-69,0.04302446864518909,0.015418622995928053,0.08034244224777107
1,3,5-9,70-74,0.02507121944415702,0.00704225352112675,0.04785937876289463
1,3,5-9,75+,0.028976088787974214,0.007500000000889,0.058472754392079426
1,3,10-14,0-4,0.032081128623600554,0.011354933258928258,0.0609681071051898
1,3,10-14,5-9,0.14781049079465755,0.09369952517383036,0.21651284508259838
1,3,10-14,10-14,0.7458352379801143,0.5271588238482063,0.9962956714524287
1,3,10-14,15-19,0.12651535326498153,0.07427592911301806,0.18626612380189175
1,3,10-14,20-24,0.0382825626602256,0.009941704017360789,0.08249123488395359
1,3,10-14,25-29,0.037181494571528584,0.015751938611830156,0.06254319722710416
1,3,10-14,30-34,0.0693761745766592,0.03305998447777655,0.12260813907310529
1,3,10-14,35-39,0.059745126914230326,0.024480511503489226,0.12528082141669244
1,3,10-14,40-44,0.06826245695492526,0.02975863723575787,0.1355774391584165
1,3,10-14,45-49,0.04612409615444352,0.016654425523030664,0.09019889594989665
1,3,10-14,50-54,0.026363740108636412,0.00660792952017895,0.0752961338821885
1,3,10-14,55-59,0.015234590513542258,0.003967879552770468,0.03442555388297759
1,3,10-14,60-64,0.009712545904584683,0,0.02556886320651662
1,3,10-14,65-69,0.018846212429434864,0.004829192546943908,0.037872438652138574
1,3,10-14,70-74,0.017419272776274336,0.004423329598140381,0.03529653912824293
1,3,10-14,75+,0.020455433677914258,0.004544430794442215,0.04546056514307646
1,3,15-19,0-4,0.04559523846744101,0.019006722037490282,0.0763954726365287
1,3,15-19,5-9,0.05470700524116583,0.02839389217514409,0.0895651955596275
1,3,15-19,10-14,0.1187610242601358,0.07401968619777384,0.17540467144491806
1,3,15-19,15-19,0.4199156557409347,0.28658376730613083,0.5653197944827076
1,3,15-19,20-24,0.11686814715037168,0.05124811040727545,0.21410673887750933
1,3,15-19,25-29,0.07248474604609378,0.04085754710495173,0.11687065741538763
1,3,15-19,30-34,0.0765190708848119,0.0417433553292541,0.12032862116358442
1,3,15-19,35-39,0.06685334606157722,0.03256222577961717,0.11505705906510556
1,3,15-19,40-44,0.044967853093695616,0.017720952825331697,0.08535045588871046
1,3,15-19,45-49,0.06414079061951931,0.032023955955017926,0.10596547433325487
1,3,15-19,50-54,0.05035055447917324,0.02167477863575285,0.08770206568511234
1,3,15-19,55-59,0.027319167155337668,0.007832478954211087,0.05999840865140007
1,3,15-19,60-64,0.022766657272691525,0.0029744601328934336,0.05578318025550455
1,3,15-19,65-69,0.034180858413127554,0.006021422969992758,0.08039590220653253
1,3,15-19,70-74,0.026221171937477094,0.0058462630576889465,0.05793467397715268
1,3,15-19,75+,0.038777707926321736,0.008719670692077734,0.08654228322876634
1,3,20-24,0-4,0.04056929178433042,0.009668690327144909,0.07990055648703012
1,3,20-24,5-9,0.049406242911782076,0.02055088199733904,0.08754423460307334
1,3,20-24,10-14,0.04250648133063092,0.015834065942550456,0.07811532016922336
1,3,20-24,15-19,0.10350592326844968,0.05244876560457728,0.17327701662775666
1,3,20-24,20-24,0.23348920532924958,0.1429237352654363,0.3388817907800148
1,3,20-24,25-29,0.1494917856182266,0.09015885691674791,0.2155494599239155
1,3,20-24,30-34,0.11099971997196317,0.06672551486442074,0.16168822685260656
1,3,20-24,35-39,0.07191709625252711,0.03656571279359704,0.11533140388844138
1,3,20-24,40-44,0.07628487034992582,0.039522940843186076,0.12172095259531547
1,3,20-24,45-49,0.055830435792728825,0.02657462879073374,0.09242278225723183
1,3,20-24,50-54,0.05105410707072249,0.02347766509735303,0.08460715843644505
1,3,20-24,55-59,0.030173670589630722,0.008595701404655126,0.056683753952950625
1,3,20-24,60-64,0.03353232666238008,0.011392159679545093,0.06239228899988266
1,3,20-24,65-69,0.022594187373021407,0.003055315347378744,0.05266740722541078
1,3,20-24,70-74,0.026069678943379186,0.002973639404442556,0.0823139593502552
1,3,20-24,75+,0.06170698166170869,0.011998710960673065,0.1302961504897432
1,3,25-29,0-4,0.0699665799452277,0.031097673847911,0.12474937666183328
1,3,25-29,5-9,0.059928573478111424,0.03139256768473422,0.0928492566442761
1,3,25-29,10-14,0.041212043053573365,0.01846327832396124,0.06982900243558454
1,3,25-29,15-19,0.06983167752426532,0.033895230905683194,0.11103204493273997
1,3,25-29,20-24,0.12413942856080869,0.07140282672788155,0.18730941817202698
1,3,25-29,25-29,0.18281399668588574,0.12598164369260398,0.2520477969772106
1,3,25-29,30-34,0.17285534339519545,0.11467640598708016,0.23865049137782898
1,3,25-29,35-39,0.10212929966722548,0.06365862920000342,0.1489859704917123
1,3,25-29,40-44,0.07837645651680597,0.04555315602226627,0.12160278036822557
1,3,25-29,45-49,0.048414743190122275,0.023700252396081103,0.07601694418575436
1,3,25-29,50-54,0.05485696478194574,0.02727803172194959,0.08452366495459686
1,3,25-29,55-59,0.042667601368008304,0.019516013792471885,0.07229916518470705
1,3,25-29,60-64,0.03368350389126785,0.012509144038593031,0.061856565023111744
1,3,25-29,65-69,0.04520245181779983,0.017155720355188732,0.084969338270439565
1,3,25-29,70-74,0.016525162989659423,0.0030845604642301392,0.03594751659641474
1,3,25-29,75+,0.0306939737254106,0.008144704645518573,0.06390350727936686
1,3,30-34,0-4,0.04996202388297031,0.020887049000079684,0.09210028664811801
1,3,30-34,5-9,0.053875830787791845,0.028425051222715363,0.08660885071361105
1,3,30-34,10-14,0.04771391181725739,0.02187999769604945,0.07977496130332382
1,3,30-34,15-19,0.04712701150182194,0.022930223459508403,0.07600459686217513
1,3,30-34,20-24,0.09276825743718867,0.05036690882794911,0.14801163281590957
1,3,30-34,25-29,0.1584683347338108,0.10584611595974476,0.2152077127854895
1,3,30-34,30-34,0.17752084945113847,0.12587276374499898,0.23557119281548888
1,3,30-34,35-39,0.1294500911923264,0.08658026447911163,0.17817815824555186
1,3,30-34,40-44,0.08809882699553441,0.053137899401425305,0.1287860949337667
1,3,30-34,45-49,0.056036603664964116,0.029434341103116296,0.08578540760415072
1,3,30-34,50-54,0.06284511834352927,0.037015907161668596,0.09728274478300232
1,3,30-34,55-59,0.04875796668820349,0.02257815490186577,0.08005074223710443
1,3,30-34,60-64,0.04357761711409244,0.019325001599889532,0.07621729452208821
1,3,30-34,65-69,0.03248209782694365,0.009164907459097415,0.06472793338133094
1,3,30-34,70-74,0.019437005895319878,0.0030111517498565697,0.04132295278162942
1,3,30-34,75+,0.03717782475930287,0.010615848626498508,0.0752893699443912
1,3,35-39,0-4,0.045190680597699956,0.018228397073142066,0.07890152527459318
1,3,35-39,5-9,0.04844175064494828,0.024722844967694283,0.07907814899182636
1,3,35-39,10-14,0.05029088019019859,0.023850489127008292,0.08837073219888382
1,3,35-39,15-19,0.039604584819041284,0.019318880050622243,0.06755334123401084
1,3,35-39,20-24,0.060661778311254626,0.030303187943439495,0.09773578405305858
1,3,35-39,25-29,0.09523140036741143,0.05682632953447193,0.14134757312371443
1,3,35-39,30-34,0.13502937973496898,0.0880106837662254,0.1917595128331686
1,3,35-39,35-39,0.12583995299160222,0.08243833690024072,0.18066789157246552
1,3,35-39,40-44,0.09037606248321581,0.05350206278143231,0.13416358007578982
1,3,35-39,45-49,0.06756461927169878,0.03874810320515058,0.10352399631761827
1,3,35-39,50-54,0.06177344443556005,0.03418554555007722,0.094538590169606
1,3,35-39,55-59,0.04839630090515942,0.024307084941777603,0.076324359793343
1,3,35-39,60-64,0.04883870065382766,0.02171877053714193,0.08396038429738188
1,3,35-39,65-69,0.046474502588930516,0.015384554892995174,0.09441493229148967
1,3,35-39,70-74,0.02932755597058579,0.00686683874798529,0.06314078667667664
1,3,35-39,75+,0.04087488880746654,0.010201504849717952,0.08609456841561476
1,3,40-44,0-4,0.032036627340360196,0.0053113439027768685,0.07233746387415178
1,3,40-44,5-9,0.053833597458265416,0.019391710716459638,0.10110861752409608
1,3,40-44,10-14,0.07902554305530281,0.03613417571683994,0.1398110985116565
1,3,40-44,15-19,0.050117879687560846,0.018033611080073765,0.09341054516575706
1,3,40-44,20-24,0.06815448511531606,0.03149118984883062,0.11389059081688971
1,3,40-44,25-29,0.07434883758414947,0.039321322536248975,0.11565788793752585
1,3,40-44,30-34,0.11301158419582023,0.07047466656887422,0.16806298505237827
1,3,40-44,35-39,0.10955433158119629,0.06744547612352092,0.15698675236648324
1,3,40-44,40-44,0.1282843990859088,0.07597416102510239,0.190579492701148
1,3,40-44,45-49,0.07678271793112104,0.042817531355818825,0.12089004028348546
1,3,40-44,50-54,0.0793023371234407,0.04465522247333873,0.1191330777132519
1,3,40-44,55-59,0.06320601269663789,0.03029387529160206,0.10217523407858264
1,3,40-44,60-64,0.05888826177904372,0.024959753747319534,0.10275210402824696
1,3,40-44,65-69,0.06505070543435795,0.014374582664059074,0.13947690139445026
1,3,40-44,70-74,0.05284543713408788,0.009102570898881859,0.11885589302964777
1,3,40-44,75+,0.05412567492293007,0.014658488843696728,0.11111725431126
1,3,45-49,0-4,0.046351235590886254,0.016447156707217213,0.09611432921467394
1,3,45-49,5-9,0.028759337748062535,0.009843068429279636,0.05325901132889606
1,3,45-49,10-14,0.039076135936894935,0.014845316806430154,0.06922996346543661
1,3,45-49,15-19,0.04112912027967356,0.016691225023314764,0.07230372368006144
1,3,45-49,20-24,0.07223426176068737,0.03387493409222686,0.12101593191930746
1,3,45-49,25-29,0.05844180447783104,0.02995862891102617,0.09601504777162002
1,3,45-49,30-34,0.07889856034204999,0.04378619723582973,0.11867415176506833
1,3,45-49,35-39,0.06746844321920387,0.036838452085642286,0.105554915766622
1,3,45-49,40-44,0.08097838903044136,0.04612833616921763,0.12497951999986696
1,3,45-49,45-49,0.07593078496781062,0.04310306122978004,0.12081874920014968
1,3,45-49,50-54,0.06943924192054801,0.03763099833021733,0.1079991385667653
1,3,45-49,55-59,0.05524461588404436,0.02625388848425987,0.09160908409971676
1,3,45-49,60-64,0.046761856379154684,0.018117733358824106,0.08627846294037925
1,3,45-49,65-69,0.028364046933167877,0.00704225352254645,0.06787073282528346
1,3,45-49,70-74,0.01793284501641482,0.003333333333333335,0.04151040119280622
1,3,45-49,75+,0.04179169593745678,0.010413102667289058,0.0814592942272313
1,3,50-54,0-4,0.03442765822075713,0.006533839342234446,0.0823109376822394
1,3,50-54,5-9,0.026894726674513442,0.007014598392847132,0.05152508076189946
1,3,50-54,10-14,0.02208901613335226,0.006546318933132172,0.04248206588656973
1,3,50-54,15-19,0.03831091462120705,0.011032470376092968,0.08026427712035686
1,3,50-54,20-24,0.04593168075169115,0.019934284819945042,0.07886768177415454
1,3,50-54,25-29,0.0627380344778417,0.03247282748059068,0.09790698519288214
1,3,50-54,30-34,0.08486275444417735,0.04722540415036666,0.1227982574651995
1,3,50-54,35-39,0.07678388654078307,0.04305006300613805,0.11760933208482945
1,3,50-54,40-44,0.08601504432950259,0.04850495890975806,0.12815339544264
1,3,50-54,45-49,0.0697542923111818,0.03604752905732834,0.11118123792891484
1,3,50-54,50-54,0.09634561484190185,0.059198430307564075,0.14079804585370306
1,3,50-54,55-59,0.07541314874449281,0.03913404810261797,0.11843607683799472
1,3,50-54,60-64,0.0670673126856726,0.032669198763341394,0.11368075282697401
1,3,50-54,65-69,0.018457600260543924,0.003104637427277018,0.03834936027810482
1,3,50-54,70-74,0.01748609411111165,0.003225289495559073,0.03468830223325134
1,3,50-54,75+,0.04524658465060047,0.013153622698149108,0.08547790893575069
1,3,55-59,0-4,0.032133220879170254,0.007402087282113504,0.07041025689833182
1,3,55-59,5-9,0.016667805971989476,0.0031866302336253623,0.03490325519232491
1,3,55-59,10-14,0.015464701761607351,0.003204303332977593,0.03307284087290979
1,3,55-59,15-19,0.018311269090369005,0.0036354351863795912,0.038032504613275994
1,3,55-59,20-24,0.02672520591301479,0.008126829276552897,0.051904353622858154
1,3,55-59,25-29,0.044770211000091174,0.017093489377747635,0.07729507793764186
1,3,55-59,30-34,0.06712277795286269,0.03491887789885246,0.10709638183818619
1,3,55-59,35-39,0.04923804635881198,0.01980222036170468,0.08038247991374207
1,3,55-59,40-44,0.06773753940232656,0.034875411156534496,0.10880465447962712
1,3,55-59,45-49,0.05563060392851574,0.02570291177968251,0.09464026624378269
1,3,55-59,50-54,0.06099484217951572,0.029948832648903974,0.0971259003223854
1,3,55-59,55-59,0.06407347158216357,0.02986697067413822,0.10467226464601155
1,3,55-59,60-64,0.0595246409612967,0.02616798412777344,0.10636638911084187
1,3,55-59,65-69,0.027729978764783003,0.004414178411645759,0.059151164636808154
1,3,55-59,70-74,0.022714287647180226,0.0034075469150774227,0.05841816130830718
1,3,55-59,75+,0.04630749447707143,0.010547527844131044,0.09503291686963954
1,3,60-64,0-4,0.019919655748957567,0,0.05691843571350229
1,3,60-64,5-9,0.025557515660014032,0.004271708683879614,0.0653489599213918
1,3,60-64,10-14,0.012436617350126324,0,0.03738376284482685
1,3,60-64,15-19,0.02009184968947652,0.003875918422638283,0.046516965925942906
1,3,60-64,20-24,0.040184346320468606,0.01315504710492922,0.07823691708797942
1,3,60-64,25-29,0.0435622871231672,0.01484977834141861,0.07877058080925292
1,3,60-64,30-34,0.0779699781555654,0.035528225870394226,0.13237179783537723
1,3,60-64,35-39,0.07333893772959718,0.03438088421342725,0.11981110497098722
1,3,60-64,40-44,0.08622688728851596,0.04495671045375682,0.14282134758447745
1,3,60-64,45-49,0.0524571198302124,0.022235561345963713,0.09217850106103204
1,3,60-64,50-54,0.07256357103750763,0.03416219773500064,0.12770082256301685
1,3,60-64,55-59,0.08798186426262306,0.04217866401262263,0.1456107492145884
1,3,60-64,60-64,0.09114630416305652,0.042730844804190024,0.14927315287715606
1,3,60-64,65-69,0.0659919392017323,0.017023877420785705,0.1428780638629049
1,3,60-64,70-74,0.0436849984941793,0.008369379177160815,0.10652932361400398
1,3,60-64,75+,0.0804559266036398,0.023449519007432928,0.1666123828879437
1,3,65-69,0-4,0.037833806728126966,0,0.09855744569310439
1,3,65-69,5-9,0.03841218271871882,0.006570723684216618,0.08203914961807336
1,3,65-69,10-14,0.020277570346208033,0,0.04944933584357829
1,3,65-69,15-19,0.037577848516017455,0.004566384216769023,0.10768806293056868
1,3,65-69,20-24,0.05265013812248553,0.007139780389595011,0.1299727061044931
1,3,65-69,25-29,0.039424096823762564,0.006215987265743088,0.09120983000805294
1,3,65-69,30-34,0.16626319222115526,0.057372634814877706,0.29916621344676286
1,3,65-69,35-39,0.09152800937574691,0.026632252360637956,0.20046355253048787
1,3,65-69,40-44,0.08419414817938535,0.024011682310105066,0.17211044344096915
1,3,65-69,45-49,0.05334188230420247,0.012699908727572155,0.12248263491050419
1,3,65-69,50-54,0.0322742767944816,0.005097707144339703,0.06904873134785038
1,3,65-69,55-59,0.04058876073058797,0.006855286156991455,0.0879660763088272
1,3,65-69,60-64,0.04428019012986006,0.011406373205671134,0.08795569260133364
1,3,65-69,65-69,0.08621637932649524,0.025366199591288094,0.1870632275718401
1,3,65-69,70-74,0.056566428508847875,0.015706183018015518,0.1214113286410787
1,3,65-69,75+,0.10991117777998798,0.035192489653691976,0.2203511488537803
1,3,70-74,0-4,0.04145843359375966,0,0.10046018796169455
1,3,70-74,5-9,0.03170518617673903,0.005109307824200656,0.07695615655103087
1,3,70-74,10-14,0.027775209592867407,0,0.07018477525246744
1,3,70-74,15-19,0.03349370308161387,0,0.11732033508067226
1,3,70-74,20-24,0.05984123220923494,0.008338236967739438,0.15557255520293434
1,3,70-74,25-29,0.03037163629515334,0,0.08423973712496063
1,3,70-74,30-34,0.06359951373044292,0.014103007124779042,0.13114936354023546
1,3,70-74,35-39,0.02986510524762471,0,0.07462196098668937
1,3,70-74,40-44,0.05699089913747421,0.007352065174586476,0.12843417786931308
1,3,70-74,45-49,0.03095976075113948,0.005040473770117842,0.0731952463766476
1,3,70-74,50-54,0.03127251231938967,0.00607102480038329,0.06638017005994429
1,3,70-74,55-59,0.05302053160858629,0.007733700131719949,0.12478871593942312
1,3,70-74,60-64,0.032884110123735495,0.0069327957347726215,0.07401014995394259
1,3,70-74,65-69,0.07095898945898708,0.017001502382340314,0.14945368035072287
1,3,70-74,70-74,0.09074743186540007,0.03412198204195531,0.17283371656189478
1,3,70-74,75+,0.1321975574207821,0.04508736345234743,0.25169329801204043
1,3,75+,0-4,0.025845633935795975,0,0.06888217224238703
1,3,75+,5-9,0.02186896974194904,0.0033439842564677307,0.053460053403668606
1,3,75+,10-14,0.017865854367989906,0,0.046100222665086295
1,3,75+,15-19,0.040075885500438946,0.004257213856774235,0.10958881917296816
1,3,75+,20-24,0.024142046325547506,0,0.061566369647626684
1,3,75+,25-29,0.031856409803490394,0,0.07865671641730608
1,3,75+,30-34,0.06429559951321812,0.01704316135508108,0.1246333821828166
1,3,75+,35-39,0.03289485420137632,0.003923998349586194,0.07928048137715643
1,3,75+,40-44,0.04577982913800523,0.007764491314785444,0.09881745089759517
1,3,75+,45-49,0.031102151749784004,0.006113956202280568,0.0710022867607145
1,3,75+,50-54,0.043724339925465636,0.010562490556734423,0.08915893401198971
1,3,75+,55-59,0.03825604440610186,0.008619452655812043,0.08324697974015849
1,3,75+,60-64,0.046786661057087696,0.010618855628332034,0.09892157161103635
1,3,75+,65-69,0.048846078184560104,0.008725099720908938,0.10254694325224605
1,3,75+,70-74,0.06881359493690194,0.017463042711314075,0.14948760321134463
1,3,75+,75+,0.22606916889832077,0.09929598268823445,0.3937010617124869
1,4,0-4,0-4,0.21194183770044933,0.12159344659989026,0.3264723301659728
1,4,0-4,5-9,0.11963507177301631,0.0698708788312386,0.17890860685250712
1,4,0-4,10-14,0.055146448541868294,0.024872361769335445,0.09638116638016016
1,4,0-4,15-19,0.043063129376344225,0.016492269053238626,0.07721867500534017
1,4,0-4,20-24,0.04103226630423385,0.01063756168712178,0.08485574120856522
1,4,0-4,25-29,0.0438076731642749,0.015760959480311736,0.07992486042936801
1,4,0-4,30-34,0.07755032699375038,0.03320437136773713,0.13773176669015164
1,4,0-4,35-39,0.07051135944493186,0.032588375759244684,0.11742840300704979
1,4,0-4,40-44,0.046379095075206295,0.01386935519549071,0.09332176005227209
1,4,0-4,45-49,0.050223605145021735,0.013039664786037885,0.10130726491615895
1,4,0-4,50-54,0.03994091824576767,0.009736303312778517,0.08885847712473245
1,4,0-4,55-59,0.03587753748127538,0.005672751450735843,0.09739012994859694
1,4,0-4,60-64,0.04525327059602082,0.009460996605187524,0.10845225680705234
1,4,0-4,65-69,0.029490599654122106,0.004949281694022214,0.07615917668888209
1,4,0-4,70-74,0.02771123757950397,0.003092625015040131,0.06640838624781593
1,4,0-4,75+,0.03486417326470038,0,0.08582774309234359
1,4,5-9,0-4,0.10411556130782385,0.049536414287885695,0.17216092460078963
1,4,5-9,5-9,0.4947619825479787,0.37409846340683317,0.6474001673040302
1,4,5-9,10-14,0.11254284980757782,0.06581440803649768,0.1686504263258634
1,4,5-9,15-19,0.06485107633538037,0.030973608498448855,0.10563207317488149
1,4,5-9,20-24,0.06591455746194017,0.019137712095932912,0.14281521333352115
1,4,5-9,25-29,0.0736596762357014,0.040332807397567116,0.11727922377795723
1,4,5-9,30-34,0.06793821822492081,0.03315763077741543,0.1154641006538637
1,4,5-9,35-39,0.050283028460758855,0.025636417035674396,0.07700928203247247
1,4,5-9,40-44,0.050656292259206065,0.020518030560245898,0.08520650928790324
1,4,5-9,45-49,0.034037972378084515,0.01249619659113634,0.06147907881346078
1,4,5-9,50-54,0.025964803108129736,0.009399518412633536,0.050576633175512684
1,4,5-9,55-59,0.009551959650114804,0,0.026710774561251715
1,4,5-9,60-64,0.031073561860099647,0.005660649596814382,0.07781711493559824
1,4,5-9,65-69,0.04920569340166982,0.01740709633297546,0.0923570691767772
1,4,5-9,70-74,0.022167691185458298,0.005550686781714166,0.043848754695540275
1,4,5-9,75+,0.040604934573236766,0.013625303888107915,0.07760301764902236
1,4,10-14,0-4,0.030778164082228675,0.009999786681552747,0.05712833094135079
1,4,10-14,5-9,0.14792738678603434,0.09491196162584628,0.20853870605541083
1,4,10-14,10-14,0.5845694632446711,0.40315358958840813,0.8001385846397931
1,4,10-14,15-19,0.11511319746153761,0.06469084257523688,0.17386490092561394
1,4,10-14,20-24,0.02640402860617729,0.005499783588534561,0.06169709480898327
1,4,10-14,25-29,0.040030574608295275,0.01983979201894948,0.06720688404472577
1,4,10-14,30-34,0.05192654915624025,0.023529037197808998,0.09609596417611281
1,4,10-14,35-39,0.04264958518622742,0.018795708374710077,0.07540175834510429
1,4,10-14,40-44,0.06512644382788757,0.027582505483643206,0.11901468019011809
1,4,10-14,45-49,0.03357528966162784,0.01136572618365522,0.0656296700654676
1,4,10-14,50-54,0.03087513861558054,0.006845492910612034,0.08828539552309295
1,4,10-14,55-59,0.013866155502161687,0.0025365004774600304,0.02987556328162227
1,4,10-14,60-64,0.01683859150462481,0.0025609756097560985,0.03802198504939929
1,4,10-14,65-69,0.017374618411424424,0.0050273792662016425,0.03554133671687752
1,4,10-14,70-74,0.017409349574391466,0.00431034482794233,0.03604752047571442
1,4,10-14,75+,0.019865037882081216,0.004672353836137558,0.041306174617384575
1,4,15-19,0-4,0.047603622426072544,0.019444942991534146,0.08091133996104219
1,4,15-19,5-9,0.043444047008632296,0.019819296849014418,0.06968536881146178
1,4,15-19,10-14,0.08359652900452798,0.04636782945999876,0.12610562763352612
1,4,15-19,15-19,0.35612717097713137,0.23994029191481292,0.5058788029630751
1,4,15-19,20-24,0.07810385308994144,0.028363184817030648,0.15494065977648214
1,4,15-19,25-29,0.0631240425256079,0.029435926363259604,0.10563118199214881
1,4,15-19,30-34,0.06711771472948173,0.03454720215622339,0.10867305359614003
1,4,15-19,35-39,0.05798728147466837,0.02988983231814925,0.08941219329412574
1,4,15-19,40-44,0.04187924819278917,0.01711077003327488,0.0737199079565096
1,4,15-19,45-49,0.055910915229316176,0.023328676772089715,0.09767763345210534
1,4,15-19,50-54,0.05318848734539154,0.023736581391251406,0.09541504759508179
1,4,15-19,55-59,0.019408858181971765,0.003997730435443714,0.04086358699051658
1,4,15-19,60-64,0.023520791421288087,0.002701624496837265,0.05971039356997102
1,4,15-19,65-69,0.0361941253120816,0.005987736221033521,0.09660498636857598
1,4,15-19,70-74,0.028499378902205885,0.008167881517943051,0.05714260959898824
1,4,15-19,75+,0.03474340681332027,0.006793308075873752,0.07868512678326353
1,4,20-24,0-4,0.029705407790832018,0.006062489941344584,0.06546245630686051
1,4,20-24,5-9,0.052066924948503554,0.024534815583782996,0.08382201825754629
1,4,20-24,10-14,0.034674650107682524,0.010948665481368714,0.06586885527492028
1,4,20-24,15-19,0.057535241407209226,0.02712321138815065,0.1029612544988043
1,4,20-24,20-24,0.16183664934497574,0.09213012120381535,0.24066489624145693
1,4,20-24,25-29,0.11712408346986751,0.06812438367066984,0.17677807030938097
1,4,20-24,30-34,0.09299887155265167,0.05215857121725317,0.1431491311124693
1,4,20-24,35-39,0.05824180131416142,0.027969877632157913,0.09284617029335324
1,4,20-24,40-44,0.0653337733069642,0.031930917023091074,0.10359021237534803
1,4,20-24,45-49,0.044774510116034914,0.02015140306697061,0.07379120281109856
1,4,20-24,50-54,0.045178163405034506,0.018807436251865543,0.08159945773206445
1,4,20-24,55-59,0.025329031743660826,0.006910957393115258,0.049768269194422426
1,4,20-24,60-64,0.026897181365095862,0.008235090087028656,0.04939452330605862
1,4,20-24,65-69,0.016560860844671003,0,0.03995322819784792
1,4,20-24,70-74,0.03498948033796036,0.006511901646008703,0.09479271379632331
1,4,20-24,75+,0.08349529783975494,0.020146217353695407,0.17320422861397455
1,4,25-29,0-4,0.05736517886549521,0.022231701357116825,0.11215081883013509
1,4,25-29,5-9,0.04876631944285172,0.022978971283383588,0.08003793997823379
1,4,25-29,10-14,0.03424443191528838,0.01401852556569863,0.060505731602198624
1,4,25-29,15-19,0.06369836699313353,0.030891584069857352,0.10306937178792192
1,4,25-29,20-24,0.09252191468543061,0.05010735693819504,0.1510206029860429
1,4,25-29,25-29,0.1520374966042545,0.09764397248039199,0.21293066601545022
1,4,25-29,30-34,0.14819641170737632,0.09623494528431817,0.20825203420989807
1,4,25-29,35-39,0.08591839152801402,0.05085541145661842,0.12430032622063779
1,4,25-29,40-44,0.06742833475789023,0.03454397774855903,0.10427809106492854
1,4,25-29,45-49,0.043637831129120945,0.02106566908280316,0.06932137963562214
1,4,25-29,50-54,0.05676933964395573,0.029497070178587992,0.08966139804614039
1,4,25-29,55-59,0.03576322612869191,0.014702226623128728,0.06265362738635818
1,4,25-29,60-64,0.027381421990484222,0.009558128244115768,0.05046273879512072
1,4,25-29,65-69,0.03978064942293499,0.014792345022194906,0.07213411423764625
1,4,25-29,70-74,0.018919123978191763,0.00480886693111343,0.03914421571769809
1,4,25-29,75+,0.027072427105774018,0.006209274856019519,0.05644402669381495
1,4,30-34,0-4,0.048305221137400156,0.01904590172842088,0.08883698643294742
1,4,30-34,5-9,0.049557251488020614,0.024134978098324537,0.08341313661677452
1,4,30-34,10-14,0.044442179944137794,0.019539185912866172,0.08049298457237591
1,4,30-34,15-19,0.04745496759828431,0.02199626849761157,0.0784209846366003
1,4,30-34,20-24,0.08857095931382925,0.045191736895191195,0.14023417346385547
1,4,30-34,25-29,0.13475891013899985,0.0894934646965423,0.18844644916783349
1,4,30-34,30-34,0.1405443492341998,0.09210398623542852,0.1917107953025869
1,4,30-34,35-39,0.10684816444922557,0.06838289373212879,0.15027100977666166
1,4,30-34,40-44,0.0815469999825747,0.046407202732685844,0.12107815116845101
1,4,30-34,45-49,0.05130098408324771,0.027731259240356878,0.0811647164550433
1,4,30-34,50-54,0.0666365584641464,0.0391073050893952,0.09589829348118956
1,4,30-34,55-59,0.03976852996924178,0.018127097615523523,0.06669794097004049
1,4,30-34,60-64,0.03462518627123449,0.014255203706765229,0.059363043327647
1,4,30-34,65-69,0.03518498214826434,0.011022278480909026,0.06932134090290465
1,4,30-34,70-74,0.033412292680782704,0.011067937496429057,0.06476243533930173
1,4,30-34,75+,0.03854252932062115,0.012042845946187888,0.07415394030041195
1,4,35-39,0-4,0.041543766119145724,0.015661567574128964,0.07426117545611798
1,4,35-39,5-9,0.03776544539253147,0.01719002201937429,0.06370655400681166
1,4,35-39,10-14,0.04748517942584827,0.022652624704148985,0.07992859860374864
1,4,35-39,15-19,0.036653089886931535,0.016227855052637064,0.06164585084060318
1,4,35-39,20-24,0.056279343141047815,0.02833351566092485,0.09366517868611146
1,4,35-39,25-29,0.07319709192644037,0.040212487232014406,0.11195022172298695
1,4,35-39,30-34,0.10642551727402161,0.06339800640431816,0.1559059512687944
1,4,35-39,35-39,0.10523639520375426,0.06444176069167147,0.14924217455941155
1,4,35-39,40-44,0.0764075430652636,0.043583304945571714,0.1129899476377257
1,4,35-39,45-49,0.0598733712980785,0.033465496357399704,0.0949422623231996
1,4,35-39,50-54,0.06324748118608671,0.03608607368573226,0.09443492166461799
1,4,35-39,55-59,0.041848060083104203,0.019149663121795075,0.06879583624595223
1,4,35-39,60-64,0.03775440688173111,0.01711960030494087,0.06679816666235325
1,4,35-39,65-69,0.04145866347354036,0.013266484374064075,0.08524666229899233
1,4,35-39,70-74,0.03215246933135231,0.00785340314194585,0.06844554703700023
1,4,35-39,75+,0.03938998488553902,0.00987789986058899,0.08144072131988013
1,4,40-44,0-4,0.026995692241224844,0.005378329355195995,0.06048041132095386
1,4,40-44,5-9,0.06300927444360757,0.02137625543263321,0.12652458878591988
1,4,40-44,10-14,0.09470032886473341,0.04159946878695375,0.16922606849032998
1,4,40-44,15-19,0.037888330961467646,0.012342076666799687,0.0723873624776332
1,4,40-44,20-24,0.05233817486455907,0.02198625835097472,0.0936637290704113
1,4,40-44,25-29,0.06287156232312763,0.034187268133341414,0.09735261600197159
1,4,40-44,30-34,0.0949819531077588,0.055490833768358894,0.1388400142888923
1,4,40-44,35-39,0.09031164391865074,0.05473205471322407,0.1350318879839145
1,4,40-44,40-44,0.11391044410300213,0.06870523975476699,0.16782673644204862
1,4,40-44,45-49,0.08289166202579891,0.04514937538537555,0.12629801583048342
1,4,40-44,50-54,0.0789241999475735,0.04360892983717821,0.1198419964479522
1,4,40-44,55-59,0.060990148122416904,0.029143711371248163,0.0979489071207566
1,4,40-44,60-64,0.04615992647994923,0.02171789508291327,0.08177358175504786
1,4,40-44,65-69,0.07769495309918809,0.019402302789880737,0.1712820737242687
1,4,40-44,70-74,0.06328123629688892,0.012927244950542763,0.14596757845403852
1,4,40-44,75+,0.06001589751457727,0.015042984647885973,0.1201204283742941
1,4,45-49,0-4,0.047204962205239544,0.015920740834597196,0.0947369261664074
1,4,45-49,5-9,0.028341882898866546,0.009998344371113152,0.05148577825615466
1,4,45-49,10-14,0.03219324851760068,0.010799224673399586,0.05913086011676479
1,4,45-49,15-19,0.0414465191576545,0.016271060921935334,0.074584108631622
1,4,45-49,20-24,0.05696317550073789,0.022423401879903927,0.10688735768723016
1,4,45-49,25-29,0.0438695075721118,0.018247400881879726,0.07501879843370789
1,4,45-49,30-34,0.0632459091538943,0.03371464409689881,0.09887262028549755
1,4,45-49,35-39,0.0566568667008139,0.028265844182470416,0.09058552589843778
1,4,45-49,40-44,0.0722195907568696,0.03788840502086032,0.11099881955651913
1,4,45-49,45-49,0.06199290108063893,0.032440002044596954,0.09711270925859483
1,4,45-49,50-54,0.06603012498936574,0.033770937156476694,0.10453904474738646
1,4,45-49,55-59,0.04970226848762572,0.024597427453804114,0.0851981915481807
1,4,45-49,60-64,0.04018808104502733,0.016123945256213888,0.07188561876678463
1,4,45-49,65-69,0.027382605802637402,0.007139894454314301,0.06447279597093471
1,4,45-49,70-74,0.025231167869975275,0.006559927187578735,0.05396282566001924
1,4,45-49,75+,0.03355787670894179,0.00675675675826375,0.07315571866953585
1,4,50-54,0-4,0.028764713299288563,0.0057732007879444614,0.06633990258961778
1,4,50-54,5-9,0.029627469461305525,0.010162922778245351,0.05836371928783129
1,4,50-54,10-14,0.021197424238661843,0.0037269621328794027,0.042091501462804284
1,4,50-54,15-19,0.030085159367512476,0.00964070540148531,0.063532630148711855
1,4,50-54,20-24,0.04039400783616616,0.016699336359667735,0.0700601867456895
1,4,50-54,25-29,0.0550350644302421,0.02714677140112054,0.0892963665074917
1,4,50-54,30-34,0.07049758591552038,0.03810382900900948,0.10715770033971297
1,4,50-54,35-39,0.06410646178224484,0.034160201258851,0.09909306602333952
1,4,50-54,40-44,0.07194612729397931,0.03835331469870206,0.1086294187751595
1,4,50-54,45-49,0.06909561792617153,0.03559014318058448,0.10915880616407109
1,4,50-54,50-54,0.09362869551192182,0.05539153364901944,0.13623924513016422
1,4,50-54,55-59,0.05754649332426707,0.027629959510653793,0.09435334377895348
1,4,50-54,60-64,0.0566169137902834,0.027408254125259116,0.0956920149702951
1,4,50-54,65-69,0.018852847915747057,0.003621894409953014,0.03847606843716353
1,4,50-54,70-74,0.023558494776022256,0.007545583153188876,0.04456235486847772
1,4,50-54,75+,0.0405649840755346,0.012326793992955548,0.07791238147992231
1,4,55-59,0-4,0.028280369594830417,0.005971245480538558,0.0619175646676863
1,4,55-59,5-9,0.01169759636474721,0,0.027061886519940213
1,4,55-59,10-14,0.014714655981011321,0.0028281725210848848,0.03220999168006599
1,4,55-59,15-19,0.013833403288122265,0,0.030856759532506255
1,4,55-59,20-24,0.022584148993753977,0.004235522599204422,0.047983024715445244
1,4,55-59,25-29,0.04121680315451982,0.0151538096273882,0.07404258254579563
1,4,55-59,30-34,0.051948591484287585,0.023116265969226068,0.08530063539185609
1,4,55-59,35-39,0.04086128841587671,0.015540632629168336,0.07096994744041593
1,4,55-59,40-44,0.057773233017166116,0.028118533227606716,0.09279770951263959
1,4,55-59,45-49,0.051873261508228866,0.023506256486290435,0.08683960897548135
1,4,55-59,50-54,0.05841480994362033,0.027523576147193373,0.09492323745767675
1,4,55-59,55-59,0.057531373104566706,0.02735516096236131,0.09257248093682882
1,4,55-59,60-64,0.0512878848594112,0.02295367479285168,0.08894028388831954
1,4,55-59,65-69,0.019034943329723532,0.0037359124146832735,0.04195523217095881
1,4,55-59,70-74,0.022850070093437685,0.003558607916648464,0.05934250712348006
1,4,55-59,75+,0.0497405447737627,0.013389894130409617,0.10446630037800603
1,4,60-64,0-4,0.02090009031934036,0,0.059349839266638164
1,4,60-64,5-9,0.025269836491673157,0.004098360656175465,0.06782144022090314
1,4,60-64,10-14,0.017632452911524914,0,0.04955407098896591
1,4,60-64,15-19,0.012485854307839633,0,0.03252919258129389
1,4,60-64,20-24,0.031684879215685476,0.008331671309293371,0.06364499131040906
1,4,60-64,25-29,0.039170077581286655,0.014674641513037183,0.07004948869804789
1,4,60-64,30-34,0.06439799186209255,0.027984343586441824,0.10964613433214138
1,4,60-64,35-39,0.06712275927501239,0.03302738233957516,0.11288397711775743
1,4,60-64,40-44,0.07390977282625215,0.037001858431907134,0.12225282669224395
1,4,60-64,45-49,0.05251709019282178,0.021415564678952944,0.08736237315480617
1,4,60-64,50-54,0.06964541875493721,0.03565912016741717,0.11817069871831876
1,4,60-64,55-59,0.07622529706863247,0.03524494964193614,0.12266513940002745
1,4,60-64,60-64,0.0802493972594686,0.039331084098840376,0.13145295044730895
1,4,60-64,65-69,0.053628313829404,0.012566255232747082,0.1166797411673121
1,4,60-64,70-74,0.044554122980757435,0.008058426437977792,0.0981061626311057
1,4,60-64,75+,0.09554094766128389,0.03075213236057994,0.19383933988244936
1,4,65-69,0-4,0.03143074872955315,0,0.08577051900774892
1,4,65-69,5-9,0.034887045064809455,0.005131784052019463,0.08657818204956134
1,4,65-69,10-14,0.03105103748321392,0.0046273248679918316,0.07046456597631211
1,4,65-69,15-19,0.036423236447683784,0.004950914071317637,0.09492227032329222
1,4,65-69,20-24,0.04146726994132139,0.006097086790918351,0.10006489610135125
1,4,65-69,25-29,0.04302549868280419,0.00574909118654156,0.10415196945689398
1,4,65-69,30-34,0.1411672218428524,0.04469082094185426,0.278201625575704
1,4,65-69,35-39,0.09602694599774173,0.02443988823939709,0.1986909972515989
1,4,65-69,40-44,0.07081803233700257,0.017790570826406147,0.155812277686915
1,4,65-69,45-49,0.04838636759037328,0.013670143649912127,0.10500662878118656
1,4,65-69,50-54,0.031232871476404026,0.005408893241913057,0.07291144278971212
1,4,65-69,55-59,0.03643685743717168,0.0063189904403552506,0.08114530007039808
1,4,65-69,60-64,0.04297668078271713,0.011189306133632887,0.08786463895574612
1,4,65-69,65-69,0.09323548086906693,0.029913692265295725,0.19506116683469898
1,4,65-69,70-74,0.07148163358948004,0.020711027755004524,0.1477803130030849
1,4,65-69,75+,0.10093410447410966,0.029249859062057175,0.21218828020367228
1,4,70-74,0-4,0.030732334551578946,0,0.08589886138959163
1,4,70-74,5-9,0.025210550646292736,0,0.06620246628343557
1,4,70-74,10-14,0.0370208577738266,0.005832512950463402,0.09122241055381
1,4,70-74,15-19,0.049458313845747705,0,0.16073506931021445
1,4,70-74,20-24,0.0338296949894946,0,0.08286575072487419
1,4,70-74,25-29,0.02726288177221815,0,0.07928691262457083
1,4,70-74,30-34,0.06168368177699667,0.013356731726431002,0.140233376938311
1,4,70-74,35-39,0.02427294943262173,0,0.06086715546138632
1,4,70-74,40-44,0.05309550900943492,0.008077952335450287,0.128104025601958
1,4,70-74,45-49,0.027879873494632487,0.004968845300853482,0.06657093642603759
1,4,70-74,50-54,0.038030963605245334,0.0066806885672629265,0.0818764961541284
1,4,70-74,55-59,0.02825187229561279,0,0.07217200590795878
1,4,70-74,60-64,0.030601071702608527,0,0.07127797120908685
1,4,70-74,65-69,0.06629242011489458,0.018974429781762336,0.13660601696890193
1,4,70-74,70-74,0.10875544920092434,0.04126223496902848,0.198890453215772
1,4,70-74,75+,0.12220536881889245,0.038766254920406314,0.23295265458625242
1,4,75+,0-4,0.02070034745225546,0,0.055868048864812725
1,4,75+,5-9,0.018621737510272594,0,0.045816571815879316
1,4,75+,10-14,0.015097857852353498,0,0.03882817110602036
1,4,75+,15-19,0.03460386304425316,0,0.09046515828070718
1,4,75+,20-24,0.027947964506110326,0,0.07086351183973742
1,4,75+,25-29,0.0419666662575628,0.004637194209550389,0.0955919548592835
1,4,75+,30-34,0.052017329961320496,0.012139941940738775,0.11383103449774588
1,4,75+,35-39,0.038969420590957635,0.007017594493237835,0.09325913107989581
1,4,75+,40-44,0.041967644046737994,0.004390959367432184,0.09506999270838372
1,4,75+,45-49,0.02992833613265663,0.006016972786092832,0.06607517977002214
1,4,75+,50-54,0.05316864523929582,0.014265301071387359,0.10563090514411469
1,4,75+,55-59,0.043709347861179,0.008373084623921714,0.09238371553365725
1,4,75+,60-64,0.03556251746988198,0.007350026889983913,0.07399138452982146
1,4,75+,65-69,0.04626331408289807,0.0094339622658047,0.10061847034774343
1,4,75+,70-74,0.0711314052611109,0.019268902277121625,0.14027646192461474
1,4,75+,75+,0.19938761857811316,0.0876438443781855,0.34425706534249
1,5,0-4,0-4,0.16035346048951357,0.08353492264714607,0.25826847584632107
1,5,0-4,5-9,0.11209300539287849,0.06497898232042651,0.1678809032716973
1,5,0-4,10-14,0.0598236607213666,0.02734620359886377,0.09917906535391163
1,5,0-4,15-19,0.0415736375685385,0.01269173527922604,0.07768915578748536
1,5,0-4,20-24,0.06374744753536857,0.01533891187007813,0.14213835565062433
1,5,0-4,25-29,0.034233019672853963,0.010089742711394761,0.06578632258963443
1,5,0-4,30-34,0.06387835176052863,0.023055302093065444,0.12308633338770482
1,5,0-4,35-39,0.08036442987178072,0.036029914011453265,0.13924647343607216
1,5,0-4,40-44,0.0357260812777932,0.009177224803673383,0.07374381783393476
1,5,0-4,45-49,0.05067142278579059,0.013919580680311376,0.10020517243174898
1,5,0-4,50-54,0.05246067965973493,0.014433451898285665,0.11044489167861651
1,5,0-4,55-59,0.029080365003438503,0.004038910163467375,0.08490019747634837
1,5,0-4,60-64,0.05506538287066094,0.009233175181224719,0.1371369353985843
1,5,0-4,65-69,0.01966833298182039,0,0.056147894958441656
1,5,0-4,70-74,0.02021778877286271,0,0.04951006200344039
1,5,0-4,75+,0.024629113577857072,0,0.06074025269157877
1,5,5-9,0-4,0.08187723230221666,0.033747952097694545,0.15493578657561155
1,5,5-9,5-9,0.4496526535515328,0.33042431727276383,0.5838231011340587
1,5,5-9,10-14,0.139888230074871,0.08244631598489054,0.20391303157934768
1,5,5-9,15-19,0.061927499911425106,0.028625090132382895,0.10788474951373209
1,5,5-9,20-24,0.05238091884189149,0.015282653323700756,0.11017552694199989
1,5,5-9,25-29,0.05016269990536779,0.02183994687185479,0.08556846343920695
1,5,5-9,30-34,0.05933358883669589,0.027901442756923914,0.11334109326953028
1,5,5-9,35-39,0.05036186692653056,0.026416359941613198,0.08115794206820846
1,5,5-9,40-44,0.03875451956111272,0.01619919509167392,0.0703019672627339
1,5,5-9,45-49,0.037856561122239965,0.014001117474823755,0.07131464994165802
1,5,5-9,50-54,0.025608906160634007,0.009898563398609287,0.04726761129151103
1,5,5-9,55-59,0.005852539443056422,0,0.021200951374994288
1,5,5-9,60-64,0.05125348011204856,0.006373178533268483,0.13756593958382912
1,5,5-9,65-69,0.03924375575529548,0.013850158470012718,0.07448332205869097
1,5,5-9,70-74,0.024355245531561032,0.0073153057649468604,0.049774824161754244
1,5,5-9,75+,0.02613858751223226,0.006845492910612034,0.05309163007377382
1,5,10-14,0-4,0.019680153257314956,0.003915331295391268,0.042520249071578614
1,5,10-14,5-9,0.14057516522318103,0.089179101584667,0.2003173181498146
1,5,10-14,10-14,0.6234096838227617,0.41911341216026915,0.8418953719846394
1,5,10-14,15-19,0.11339765158290788,0.06735131429451928,0.16914442193407317
1,5,10-14,20-24,0.02495937167203876,0.006141287174444625,0.05679814611226659
1,5,10-14,25-29,0.026749925391684467,0.008504048680942731,0.050239786633176894
1,5,10-14,30-34,0.044244479489104344,0.019804327596756436,0.08215871874127398
1,5,10-14,35-39,0.06047289813580344,0.021997476281267296,0.11654871990882894
1,5,10-14,40-44,0.054419517487706806,0.020723498992642735,0.10650506794451121
1,5,10-14,45-49,0.029038326179364343,0.007339629069981246,0.05897410501544257
1,5,10-14,50-54,0.034778892287181666,0.005591072355759377,0.10926338522471934
1,5,10-14,55-59,0.01445572075819598,0.00225225225225225,0.03214324152907178
1,5,10-14,60-64,0.021624994240362128,0.0022318948412711585,0.0555428347133668
1,5,10-14,65-69,0.01798686432520064,0.004759679572763683,0.036010279077383016
1,5,10-14,70-74,0.013171874395346301,0.0024981796116504856,0.027780144743477016
1,5,10-14,75+,0.018446722361483366,0.0043850114416501326,0.04095086008211561
1,5,15-19,0-4,0.0352189434163768,0.014526625268783509,0.0637440522795867
1,5,15-19,5-9,0.031091677935841774,0.01232186184585543,0.05666633131242166
1,5,15-19,10-14,0.09275331786980227,0.05348741391340088,0.14329796850821708
1,5,15-19,15-19,0.3134637190062505,0.20834306315791631,0.44236916906867113
1,5,15-19,20-24,0.08073658574386262,0.03430404763025181,0.14765389436756582
1,5,15-19,25-29,0.05145777143194853,0.025094721321219895,0.08282014687477789
1,5,15-19,30-34,0.06456176995463754,0.032029093958510196,0.10761169715628524
1,5,15-19,35-39,0.056214979841728206,0.02541761105646776,0.09478248869424458
1,5,15-19,40-44,0.04537240445652446,0.01840371447654593,0.08064763505562152
1,5,15-19,45-49,0.07033874419599521,0.02972357911585045,0.12628986405482548
1,5,15-19,50-54,0.04189278029519748,0.01626408993192579,0.07546849995883956
1,5,15-19,55-59,0.020925432444535503,0.0031028006101142787,0.048257414132435276
1,5,15-19,60-64,0.018785728283471914,0.00253807106598985,0.04598524645212821
1,5,15-19,65-69,0.03156659327532485,0.006425151721237048,0.07715031716925569
1,5,15-19,70-74,0.01995378151257348,0.002958579881656805,0.046205078922257385
1,5,15-19,75+,0.034358285434566246,0.005845432548106591,0.07784373469135092
1,5,20-24,0-4,0.015957134732425552,0,0.039317915617604046
1,5,20-24,5-9,0.047717408323899604,0.019654492908482913,0.08538221120964959
1,5,20-24,10-14,0.030562749391442524,0.009249582547141021,0.06067728715920021
1,5,20-24,15-19,0.06662832906947205,0.029730142838762155,0.1104679309112009
1,5,20-24,20-24,0.17404469978225767,0.09919329474322743,0.26629244936228386
1,5,20-24,25-29,0.08456242718973117,0.04394877581730271,0.13629639500549529
1,5,20-24,30-34,0.08705404408611796,0.04912377157302927,0.13183534074621203
1,5,20-24,35-39,0.0466174349606017,0.019484458126278394,0.08031300686431082
1,5,20-24,40-44,0.05992635326218672,0.0255639947281967,0.09953334670817647
1,5,20-24,45-49,0.04558130661259783,0.020910630839286685,0.07965705849259537
1,5,20-24,50-54,0.03911695229163548,0.015059139147416986,0.06884278177186048
1,5,20-24,55-59,0.02252953599450091,0.00421213855453331,0.04685901499225725
1,5,20-24,60-64,0.030736457931214385,0.008568607353570552,0.05529183223725654
1,5,20-24,65-69,0.013521119966632314,0,0.039117468746910765
1,5,20-24,70-74,0.02994635028382773,0.0049929245298347535,0.09137423117254816
1,5,20-24,75+,0.06804847749929051,0.015603338271036426,0.13924707714387932
1,5,25-29,0-4,0.0453822205678272,0.011736906331764592,0.09848434244185879
1,5,25-29,5-9,0.04935327091186061,0.023395367689190302,0.08234564349764302
1,5,25-29,10-14,0.035335558779532136,0.011850306719627625,0.06423753677901643
1,5,25-29,15-19,0.068398534606909,0.03381440878780951,0.1139522723662069
1,5,25-29,20-24,0.11167037032267668,0.058067940753434,0.18777014538222056
1,5,25-29,25-29,0.10777858218445376,0.06660243364114526,0.15464356629281192
1,5,25-29,30-34,0.12653004791729133,0.07960941713892747,0.18212527264758877
1,5,25-29,35-39,0.06287053478431474,0.0349353302045721,0.0939760449757726
1,5,25-29,40-44,0.07209023990614101,0.03761232812847305,0.11087344897163108
1,5,25-29,45-49,0.04590247721805991,0.020234141318114043,0.07798719481260072
1,5,25-29,50-54,0.050327125789489245,0.02559719568456888,0.07857959724943998
1,5,25-29,55-59,0.03445392296573398,0.012133937282742462,0.059497043203907314
1,5,25-29,60-64,0.025310204502671876,0.007181989674886933,0.04824566563910605
1,5,25-29,65-69,0.04493055992232194,0.015733452672562487,0.08200842948806607
1,5,25-29,70-74,0.011504269513797532,0,0.02627669736982721
1,5,25-29,75+,0.045904544924823154,0.0133888356515097,0.0905337585982454
1,5,30-34,0-4,0.03118943831715677,0.008378724396974279,0.05985262132849073
1,5,30-34,5-9,0.04919205007800378,0.023686553677197682,0.08445236660631268
1,5,30-34,10-14,0.047740750867232416,0.02042036728219501,0.08131993294435311
1,5,30-34,15-19,0.04843229669683648,0.020236790697706643,0.08557063245488154
1,5,30-34,20-24,0.09279497297858924,0.04884461434122999,0.15428007695357374
1,5,30-34,25-29,0.11138288732173465,0.0716118297516502,0.15732361117840832
1,5,30-34,30-34,0.12235493233361598,0.08023139684845153,0.17206088965946653
1,5,30-34,35-39,0.08070024894298261,0.04894393864673926,0.11732959100050606
1,5,30-34,40-44,0.08744100505940212,0.04944713940648156,0.1302401093341063
1,5,30-34,45-49,0.05588477369823494,0.029677756192054417,0.08815625299073572
1,5,30-34,50-54,0.05883236767221703,0.03205615014055727,0.08887859249983848
1,5,30-34,55-59,0.03968695447191018,0.017382908861392085,0.06680761425500603
1,5,30-34,60-64,0.034256865180160065,0.015436590343985306,0.05809120283709143
1,5,30-34,65-69,0.04001808644171556,0.013287590500715292,0.07624896790313902
1,5,30-34,70-74,0.03216432831032701,0.008519273964455934,0.06274157996347215
1,5,30-34,75+,0.028386604179120038,0.005778695293480101,0.058079369311199655
1,5,35-39,0-4,0.028812757428929713,0.007691432644914746,0.05814553207225509
1,5,35-39,5-9,0.02849304620314373,0.010677683432952362,0.04982710071908604
1,5,35-39,10-14,0.06025709286764152,0.026200575650059555,0.10458932414031073
1,5,35-39,15-19,0.02635753211440704,0.008829327703499833,0.04830043061086769
1,5,35-39,20-24,0.06822350594258705,0.031418304433750606,0.12100612293443062
1,5,35-39,25-29,0.05193249935177402,0.02672037396378897,0.08073486633320491
1,5,35-39,30-34,0.09276439799337353,0.055011311047013206,0.1403335451724845
1,5,35-39,35-39,0.085353581198676,0.050187861373462116,0.1266620978669803
1,5,35-39,40-44,0.07848892993140659,0.04435322711714005,0.12082115494016568
1,5,35-39,45-49,0.058468587428889676,0.030760758715393924,0.09223972687007113
1,5,35-39,50-54,0.05022352278659927,0.024906300810263352,0.07995148362941719
1,5,35-39,55-59,0.043800358206796855,0.020503595320353757,0.0725802612370611
1,5,35-39,60-64,0.029391098606394113,0.010380370987125576,0.05243218834348018
1,5,35-39,65-69,0.03541915210675869,0.011573963381397816,0.06969213775670433
1,5,35-39,70-74,0.022496832279339168,0.005290845027257902,0.04684864802835037
1,5,35-39,75+,0.033522078321396066,0.00861717574241477,0.07112582807122293
1,5,40-44,0-4,0.030084445942805772,0.003448275862068965,0.06818707873168918
1,5,40-44,5-9,0.04902095525848908,0.016115660978807678,0.09395704432824008
1,5,40-44,10-14,0.07648480343942293,0.03360769326951845,0.1348256782699314
1,5,40-44,15-19,0.030631249944029017,0.010059693238704183,0.05845461109287695
1,5,40-44,20-24,0.05391430747052733,0.019675355140794517,0.09766419383283784
1,5,40-44,25-29,0.05135891768462063,0.02336257010867385,0.08354236373891864
1,5,40-44,30-34,0.07736549636057516,0.04127091040558468,0.12146453176642961
1,5,40-44,35-39,0.07078826219241405,0.03929540223175248,0.10808559386545999
1,5,40-44,40-44,0.10944251150544179,0.06322985269131998,0.1625910287731743
1,5,40-44,45-49,0.07293346159024953,0.038517995427133106,0.11755096402826784
1,5,40-44,50-54,0.07004422357064044,0.03783818635302671,0.10828457553593215
1,5,40-44,55-59,0.0650409541962342,0.03230080470271256,0.10380464439056944
1,5,40-44,60-64,0.03841782024163353,0.015342115039417936,0.06733084997689959
1,5,40-44,65-69,0.07079657608308705,0.019804258295804105,0.15206293766332962
1,5,40-44,70-74,0.04641812511401263,0.009613323983169442,0.103176195452046
1,5,40-44,75+,0.062254258870150944,0.0147846037599377,0.12293022694989988
1,5,45-49,0-4,0.03256398322536838,0.007141590679404903,0.06821486715512513
1,5,45-49,5-9,0.017455809601463795,0.0034270763793478984,0.036102363867993696
1,5,45-49,10-14,0.043186115276168696,0.015727448789271382,0.0787639053048311
1,5,45-49,15-19,0.05161584899921447,0.02112503821030552,0.09365697637100252
1,5,45-49,20-24,0.08476481472965,0.03467787549359934,0.15237070682497905
1,5,45-49,25-29,0.032822270533810885,0.013395874875748871,0.05885714193159863
1,5,45-49,30-34,0.05967264480294221,0.0302860695057756,0.09468869302273847
1,5,45-49,35-39,0.0426528572183111,0.018735372323891608,0.07309645662355033
1,5,45-49,40-44,0.06783733104631655,0.031057315385808568,0.11007068906395943
1,5,45-49,45-49,0.07108749366040752,0.03770817462193797,0.11134247852129028
1,5,45-49,50-54,0.061868172705774785,0.031750027508760645,0.09887129925616772
1,5,45-49,55-59,0.04482774808191083,0.01874683207855738,0.07768231071599195
1,5,45-49,60-64,0.0324674164879007,0.008853063861180212,0.06125981489183602
1,5,45-49,65-69,0.030331467392218037,0.007742985417155998,0.06781123573776408
1,5,45-49,70-74,0.02468213081261378,0.006512214858797982,0.049172437280983895
1,5,45-49,75+,0.0314203735591863,0.006368418932451943,0.06804346690078515
1,5,50-54,0-4,0.01550441653092913,0,0.03926358434750787
1,5,50-54,5-9,0.033882681879204055,0.01083552536082495,0.06345466002755892
1,5,50-54,10-14,0.017858080559878274,0.0035448884184582784,0.0408423484383736
1,5,50-54,15-19,0.03996538818585687,0.013088436038545728,0.07714734452015139
1,5,50-54,20-24,0.038656393445861005,0.014166952697286543,0.07057560106098237
1,5,50-54,25-29,0.04166494772874157,0.01836679712350121,0.0693730351958061
1,5,50-54,30-34,0.06961428167255074,0.03440903569818982,0.11304767246945151
1,5,50-54,35-39,0.052151519694962054,0.02556710012045832,0.08288391543008163
1,5,50-54,40-44,0.07303441614985955,0.03805181212962766,0.11346325857637267
1,5,50-54,45-49,0.07696008738530556,0.043021117576004735,0.12295021407469038
1,5,50-54,50-54,0.08153277634797251,0.0443579001150575,0.12221994795106148
1,5,50-54,55-59,0.05314124439491294,0.02440462013349765,0.0875248873013581
1,5,50-54,60-64,0.05178541849337422,0.023929445632410805,0.08611409096100182
1,5,50-54,65-69,0.016332105130282114,0.003085478771609564,0.03537520029629644
1,5,50-54,70-74,0.014840886306993357,0.0030115972873570383,0.032306097662341056
1,5,50-54,75+,0.045248194537840354,0.014576050315863556,0.08726869294944482
1,5,55-59,0-4,0.023864075551395615,0.0035454749775279877,0.06048296269547896
1,5,55-59,5-9,0.01145108163588348,0,0.026216671390263055
1,5,55-59,10-14,0.014510023295581759,0,0.03306298133220487
1,5,55-59,15-19,0.013402595736877566,0,0.033829055225301066
1,5,55-59,20-24,0.017676272153849683,0,0.03922945168061414
1,5,55-59,25-29,0.035097400803734975,0.012404579981644183,0.0622619737476531
1,5,55-59,30-34,0.05002572316646272,0.02258085074800299,0.08271103389478182
1,5,55-59,35-39,0.027724390036243503,0.007810985950452672,0.05366968720307817
1,5,55-59,40-44,0.06166106280488467,0.028484357097127173,0.10287740920625914
1,5,55-59,45-49,0.05095682522265592,0.02219038317979846,0.08906584066527967
1,5,55-59,50-54,0.05253514581055896,0.024029587380533745,0.08872644111183689
1,5,55-59,55-59,0.05688233006542276,0.026519249918014267,0.09665072700510918
1,5,55-59,60-64,0.04414762358849704,0.017143921055105572,0.07737529910543677
1,5,55-59,65-69,0.021571848309916503,0.0038319002733820874,0.0496348556189844
1,5,55-59,70-74,0.018594003817921593,0.0033465201357916695,0.042899268979911705
1,5,55-59,75+,0.05972644028928915,0.01709229724226626,0.11897207723955595
1,5,60-64,0-4,0.01494714424914203,0,0.04726845469544165
1,5,60-64,5-9,0.01809927714618615,0,0.04893665743992449
1,5,60-64,10-14,0.014121355688511078,0,0.04472644790973828
1,5,60-64,15-19,0.010968953919704892,0,0.030515753182224502
1,5,60-64,20-24,0.02956656461985821,0.004948403813348249,0.05811468588254846
1,5,60-64,25-29,0.03136309269460376,0.008563287206121518,0.058826029621089404
1,5,60-64,30-34,0.0656299666862945,0.030014416763434824,0.10933513575696215
1,5,60-64,35-39,0.050912189225553316,0.02086017374192824,0.09126520568128062
1,5,60-64,40-44,0.07390795384547963,0.03702157248971838,0.11813455405741034
1,5,60-64,45-49,0.05008707328988775,0.021168783831257552,0.086044164415601
1,5,60-64,50-54,0.058158308398737285,0.025895478499691857,0.09837086532839143
1,5,60-64,55-59,0.07410469957428126,0.0330369219001895,0.12240672439471408
1,5,60-64,60-64,0.05686398049469388,0.023910121885043985,0.09552574439320169
1,5,60-64,65-69,0.04650276466338048,0.012924151245398741,0.09699484632378687
1,5,60-64,70-74,0.03396939266025696,0.00786947360779206,0.078517541991033
1,5,60-64,75+,0.06444098161529564,0.017237695331104756,0.14211889139582048
1,5,65-69,0-4,0.023314484339421803,0,0.07475869004827569
1,5,65-69,5-9,0.034658989023981804,0.005100098614281823,0.08401383634574316
1,5,65-69,10-14,0.027530457185290336,0,0.06427410376835009
1,5,65-69,15-19,0.050588725894376504,0,0.1705219047553106
1,5,65-69,20-24,0.06856572983660622,0.008847993689339051,0.14805523364924061
1,5,65-69,25-29,0.03486082314692196,0.005414281278117804,0.07948383131719439
1,5,65-69,30-34,0.1397107463152468,0.04548642136618438,0.2876465405465091
1,5,65-69,35-39,0.07630207030030699,0.020359679037872964,0.1679815495691526
1,5,65-69,40-44,0.0870647175791241,0.025034673180000393,0.1889029916342701
1,5,65-69,45-49,0.06378261606497977,0.020115097954756994,0.12890538506407018
1,5,65-69,50-54,0.033902303169919344,0.005705619836989971,0.07974420611103747
1,5,65-69,55-59,0.04435080106711996,0.007475653235066906,0.09792163772998086
1,5,65-69,60-64,0.049655970105278426,0.013100826466573649,0.10272264148762457
1,5,65-69,65-69,0.10284719840946896,0.029380558722844084,0.21923628025153086
1,5,65-69,70-74,0.0485490510328218,0.010214558750576691,0.11745139583489582
1,5,65-69,75+,0.09218818544325129,0.026290286327864464,0.19214569707984613
1,5,70-74,0-4,0.020633940898600604,0,0.06558715191932787
1,5,70-74,5-9,0.024080019441552088,0,0.06802366421105889
1,5,70-74,10-14,0.02408060077182431,0,0.06627190885456859
1,5,70-74,15-19,0.047849565704651556,0,0.14976272617241
1,5,70-74,20-24,0.029613876028033663,0,0.08772138023772638
1,5,70-74,25-29,0.01534543476147108,0,0.05250073861910058
1,5,70-74,30-34,0.044602982593733076,0.006892832544331368,0.10111608588173782
1,5,70-74,35-39,0.016319654874188474,0,0.04772280722526824
1,5,70-74,40-44,0.03733723602308814,0,0.09826027385887438
1,5,70-74,45-49,0.03192338748926827,0.005788578965923511,0.06951676473301444
1,5,70-74,50-54,0.044190575913371104,0.007241356452851811,0.10652223424249636
1,5,70-74,55-59,0.025005504955623693,0,0.06353485579145361
1,5,70-74,60-64,0.03986508975327758,0.007911191953812811,0.09028173749444623
1,5,70-74,65-69,0.07923651754840216,0.022565321830077156,0.15446783874003053
1,5,70-74,70-74,0.07676252529459508,0.023737882224844006,0.148627730685491
1,5,70-74,75+,0.11892340146772702,0.03657660559703252,0.23048038774498986
1,5,75+,0-4,0.02088418572693775,0,0.05988498578952346
1,5,75+,5-9,0.023720727066171864,0,0.05948870486390975
1,5,75+,10-14,0.015439201865513558,0,0.04178090568008905
1,5,75+,15-19,0.02948763251819722,0,0.08592018416358857
1,5,75+,20-24,0.030092467779985452,0.004724221514649046,0.07342163569663399
1,5,75+,25-29,0.025250797635916648,0,0.06159228464139965
1,5,75+,30-34,0.06032980590766446,0.014365706537561432,0.12546637503919425
1,5,75+,35-39,0.027251106417549822,0,0.06719171497080977
1,5,75+,40-44,0.03562733955132916,0.004298710844017924,0.08538555283258255
1,5,75+,45-49,0.03903672371879822,0.009519731333698229,0.08324391431676058
1,5,75+,50-54,0.04605165691379384,0.01342317907878583,0.08948325328006966
1,5,75+,55-59,0.04092969472428224,0.009844845900752006,0.08344785618459405
1,5,75+,60-64,0.026248825833295457,0.004625730277125378,0.05774602978472839
1,5,75+,65-69,0.04616545753551281,0.009171395538122904,0.09412989691443659
1,5,75+,70-74,0.061396567120729884,0.016011944294212176,0.12159317107597925
1,5,75+,75+,0.17538454888689245,0.07818746251183868,0.301983484037352
2,1,0-4,0-4,0.48897601076482167,0.3196443877205964,0.7010951628329293
2,1,0-4,5-9,0.2039346941414985,0.11400090549899744,0.31258725806120646
2,1,0-4,10-14,0.05449270976179777,0.0223340540356933,0.09566120981537762
2,1,0-4,15-19,0.07434264475382209,0.032858943445857096,0.12013370277090601
2,1,0-4,20-24,0.06681181753474631,0.024177984628510063,0.12962077503568423
2,1,0-4,25-29,0.14854412003502057,0.07580778623701752,0.24514265063848079
2,1,0-4,30-34,0.10017682853286208,0.044613629115660615,0.17137907792804724
2,1,0-4,35-39,0.08502207207027063,0.04137047701466404,0.14496982397794952
2,1,0-4,40-44,0.05816089012945275,0.015991622250886843,0.11530178015782111
2,1,0-4,45-49,0.05419329354613026,0.019266568224742636,0.1016369721659311
2,1,0-4,50-54,0.06235002221205243,0.02043162596458705,0.12326573985632709
2,1,0-4,55-59,0.039613339881810754,0.009784279235555282,0.07948215369435932
2,1,0-4,60-64,0.029042407308165468,0.0039527882408391295,0.0734372419826493
2,1,0-4,65-69,0.0489384544369978,0.011901275538166316,0.10454772625885467
2,1,0-4,70-74,0.03763025935504937,0.0057912064566374875,0.09598764238697546
2,1,0-4,75+,0.03568830019688799,0,0.0837120566789839
2,1,5-9,0-4,0.16361280466797093,0.09616326651166224,0.23975322225385293
2,1,5-9,5-9,1.0874846242477008,0.8477515412768684,1.3747825431909724
2,1,5-9,10-14,0.23979757957131406,0.1625035813060893,0.32511847630365825
2,1,5-9,15-19,0.08871986276168195,0.050389803509840576,0.13533679126980958
2,1,5-9,20-24,0.09949751419095436,0.05042426313900019,0.16021154356438969
2,1,5-9,25-29,0.11209344026490262,0.06595782119408652,0.16865143892649842
2,1,5-9,30-34,0.10570464371603756,0.05841902075355323,0.15976442359782564
2,1,5-9,35-39,0.08523629317493386,0.04648715072879364,0.1327009251072402
2,1,5-9,40-44,0.0892160578066305,0.04051222294474376,0.15985173511990877
2,1,5-9,45-49,0.0354675689879658,0.014284609410457595,0.061033800096517606
2,1,5-9,50-54,0.03446577517717784,0.013979422585226537,0.05962127894134716
2,1,5-9,55-59,0.016675607779688635,0.002994011976209215,0.03295797182896555
2,1,5-9,60-64,0.025105552182169033,0.006328454195524983,0.06104538032403593
2,1,5-9,65-69,0.042871600532972697,0.012463588858712417,0.08447068888015655
2,1,5-9,70-74,0.02570330015186315,0.0058139534905286006,0.05233732042830444
2,1,5-9,75+,0.031278433355700595,0.006616189311212886,0.06776647223127097
2,1,10-14,0-4,0.09013336821751373,0.04600190592720113,0.13624496331124378
2,1,10-14,5-9,0.2651319110376628,0.18361556699278647,0.3658849712536292
2,1,10-14,10-14,1.2877953833922033,0.935601907317783,1.7053201096943502
2,1,10-14,15-19,0.2074910926651752,0.13865968469951861,0.2998159444946832
2,1,10-14,20-24,0.07215167017254066,0.03167126375198587,0.12332196902305072
2,1,10-14,25-29,0.06394107726309434,0.03372525235477255,0.09944511714677882
2,1,10-14,30-34,0.07673006220995524,0.03903709125541566,0.1234306201351911
2,1,10-14,35-39,0.07255555232122322,0.03743785127453265,0.12394290300774108
2,1,10-14,40-44,0.12432609676786825,0.06044729704257089,0.21918034126500696
2,1,10-14,45-49,0.04294058115975181,0.018588280329508492,0.07284750326199083
2,1,10-14,50-54,0.03132893948614198,0.012191687127013521,0.056669731054246844
2,1,10-14,55-59,0.018700441239365467,0.005584290011672368,0.0365149581621564
2,1,10-14,60-64,0.020168446753082204,0.003355145413870244,0.04927752938748657
2,1,10-14,65-69,0.015189066845269059,0.002856335754640838,0.03574808361916674
2,1,10-14,70-74,0.021846572983504894,0.0049992373567051785,0.04761619810158982
2,1,10-14,75+,0.01927637404906112,0.0029940119762092154,0.04448858571589167
2,1,15-19,0-4,0.08001194875477607,0.03918530475045294,0.12841558781255338
2,1,15-19,5-9,0.09623035792835279,0.05326913339901576,0.14914168358292249
2,1,15-19,10-14,0.19386803057661023,0.12714587497175941,0.2803012644992105
2,1,15-19,15-19,0.6807347250770375,0.4533932426540059,0.9664703830403398
2,1,15-19,20-24,0.12738739105183958,0.06889979479255848,0.20084066633604702
2,1,15-19,25-29,0.11818872313653365,0.06768145784930661,0.17930376124988337
2,1,15-19,30-34,0.08072123567733248,0.044234078635426326,0.12292830400027117
2,1,15-19,35-39,0.07909987974890116,0.043225638961632507,0.12638988190029277
2,1,15-19,40-44,0.06758985140999407,0.029697945121773928,0.12077498682171493
2,1,15-19,45-49,0.05217869900002301,0.024581857876378187,0.0859001864863822
2,1,15-19,50-54,0.05032684300161816,0.020631663456334368,0.09452747821535278
2,1,15-19,55-59,0.019047291616252016,0.003796662094751786,0.03806347325082375
2,1,15-19,60-64,0.022266256319523697,0.0060502917999627134,0.04858458179981314
2,1,15-19,65-69,0.02938654762720623,0.00612779392271659,0.06618075155906909
2,1,15-19,70-74,0.019345832576063027,0.002939901394234298,0.04788636181260623
2,1,15-19,75+,0.049318847949274935,0.00986680856603111,0.10960782571496873
2,1,20-24,0-4,0.11769672733622011,0.03951080330721432,0.23737407621981704
2,1,20-24,5-9,0.17940328918801182,0.08586558891214946,0.33407461567387275
2,1,20-24,10-14,0.0641037466962216,0.023093260616465303,0.12352496244961636
2,1,20-24,15-19,0.1419875761529881,0.06729162260928116,0.24012387602244764
2,1,20-24,20-24,0.34302023162986434,0.21344866292300715,0.5131608422492119
2,1,20-24,25-29,0.23342337471823843,0.1356895075857891,0.3618759736049843
2,1,20-24,30-34,0.16724301290709795,0.084786215430807,0.275018961871463
2,1,20-24,35-39,0.12418520257439504,0.06379325099865704,0.19839880054794676
2,1,20-24,40-44,0.10439459676007097,0.048336323066790754,0.17448544002913444
2,1,20-24,45-49,0.10470445049970255,0.04828686912423696,0.1733652625120162
2,1,20-24,50-54,0.061098618614535555,0.026790924771995118,0.10629816162640678
2,1,20-24,55-59,0.03466899199581659,0.011548422211058642,0.06506718512057694
2,1,20-24,60-64,0.03937022248132291,0.013342567592662627,0.07429322222545864
2,1,20-24,65-69,0.0717145860315033,0.013636808969170702,0.168210939601359
2,1,20-24,70-74,0.06962018919401569,0.01136867922957898,0.1600765208283916
2,1,20-24,75+,0.036559592887437084,0.004424778761150415,0.09131317234386528
2,1,25-29,0-4,0.06937251651780146,0.030761804259194343,0.11818955112261302
2,1,25-29,5-9,0.09372217222633031,0.057301459038131775,0.13750188887577738
2,1,25-29,10-14,0.04507394923024385,0.023161144623333983,0.07033067382041762
2,1,25-29,15-19,0.0919379585387915,0.05425794934980324,0.1371450761378408
2,1,25-29,20-24,0.19500902184256302,0.12317280086006364,0.2773677435706779
2,1,25-29,25-29,0.2493380759374264,0.1773560102261429,0.3312901244087199
2,1,25-29,30-34,0.21530511072834055,0.15095177213599628,0.28772051940203913
2,1,25-29,35-39,0.13841244822445586,0.08725605112542041,0.20036239585287752
2,1,25-29,40-44,0.09603540754262761,0.055446621494098694,0.14214105973094202
2,1,25-29,45-49,0.06480112145711511,0.035333147656860124,0.09871533991962299
2,1,25-29,50-54,0.06565072852826173,0.03768643588068904,0.09929619950397464
2,1,25-29,55-59,0.044890333403080844,0.02052832256795122,0.07351000246618014
2,1,25-29,60-64,0.04245429195763465,0.019511634262191383,0.07271147764301862
2,1,25-29,65-69,0.04000410344485489,0.012118721471427051,0.07786373895987105
2,1,25-29,70-74,0.01827539553110017,0.003245674510123015,0.04003700840167376
2,1,25-29,75+,0.025728370237909574,0.003355704697986575,0.05903243670761555
2,1,30-34,0-4,0.09119162766174514,0.03969974837312367,0.15465413595055877
2,1,30-34,5-9,0.09582590919496954,0.05268567575560871,0.14725701116584394
2,1,30-34,10-14,0.0750989805913133,0.03892228737266699,0.11878008528056944
2,1,30-34,15-19,0.08057651861758106,0.04363536760726591,0.12566320668244682
2,1,30-34,20-24,0.1233132898384534,0.07383243650069103,0.18159365718680098
2,1,30-34,25-29,0.19606718396380368,0.13354894548592477,0.2596599513302907
2,1,30-34,30-34,0.2155955330437979,0.15280014841009543,0.28560094113784806
2,1,30-34,35-39,0.16557236605551723,0.1103938564091806,0.2285411716760555
2,1,30-34,40-44,0.12408742647449002,0.07844982425577314,0.17519548157627293
2,1,30-34,45-49,0.068905988424338,0.041456233991035804,0.10224843200282673
2,1,30-34,50-54,0.07513310531845394,0.045508514898986475,0.11182396518197464
2,1,30-34,55-59,0.06249437229674392,0.03508093148292755,0.09357362549951846
2,1,30-34,60-64,0.05673998789324385,0.02833769108587544,0.093388898587428
2,1,30-34,65-69,0.08621872349162729,0.029926151708228297,0.1617991335245521
2,1,30-34,70-74,0.02898247500472632,0.00648840153580225,0.0610985774837579
2,1,30-34,75+,0.045247608454890585,0.011974396657364262,0.08949244864047877
2,1,35-39,0-4,0.09960081596184302,0.04697959141325051,0.17229066348425282
2,1,35-39,5-9,0.07494751194054036,0.043017214626769155,0.11833860778104788
2,1,35-39,10-14,0.07106775394405618,0.035857462633269443,0.13727171244229538
2,1,35-39,15-19,0.0763278395796149,0.043365001209433623,0.12038621430389068
2,1,35-39,20-24,0.09387205834847813,0.053585694662631106,0.14445513269220017
2,1,35-39,25-29,0.12913770774849948,0.0847390324835441,0.1830067851276545
2,1,35-39,30-34,0.16560703165606472,0.11317064141998522,0.2360130757162058
2,1,35-39,35-39,0.16290014740194939,0.10749306636156193,0.22844136929378844
2,1,35-39,40-44,0.12313592914331226,0.07815077108588059,0.1793499451146366
2,1,35-39,45-49,0.064472751147369,0.03539198981073513,0.09627771149629484
2,1,35-39,50-54,0.07250849786336702,0.04190440082136971,0.10981926216492739
2,1,35-39,55-59,0.04817062578908476,0.023865996309510164,0.08046004397532604
2,1,35-39,60-64,0.059404273657708874,0.02999454513807452,0.09519731439989834
2,1,35-39,65-69,0.05711155002870182,0.01840638781519438,0.12633723664299396
2,1,35-39,70-74,0.016449983272376883,0.00290697674430882,0.03814082836239138
2,1,35-39,75+,0.025113251274397664,0.0054298030959016525,0.05387411272562058
2,1,40-44,0-4,0.05055285207735622,0.01576976378079187,0.10448510400936328
2,1,40-44,5-9,0.05486124240807775,0.028034210427212825,0.0918361515056782
2,1,40-44,10-14,0.07071972563825552,0.03729832193156523,0.11951589408442823
2,1,40-44,15-19,0.05798819839662829,0.02791462173744599,0.0993800441135571
2,1,40-44,20-24,0.08973396278945174,0.047571091353153495,0.1391606380480529
2,1,40-44,25-29,0.106727371312047,0.06473883756405613,0.15788689759544183
2,1,40-44,30-34,0.1201937725241157,0.07687428962536726,0.1722242267067359
2,1,40-44,35-39,0.11934323178474215,0.0730398363921534,0.1710720421367311
2,1,40-44,40-44,0.14418753847700616,0.09050242412091651,0.2052286577973519
2,1,40-44,45-49,0.07886137591460095,0.046755116723646614,0.11817334292649312
2,1,40-44,50-54,0.08421113110774557,0.04891365285386848,0.1260012760231204
2,1,40-44,55-59,0.06293263727047246,0.033457787534481705,0.10167620604317829
2,1,40-44,60-64,0.07473285412713813,0.038658623426078606,0.12136744371076819
2,1,40-44,65-69,0.04073350279276902,0.01026893187670397,0.08815805676746545
2,1,40-44,70-74,0.02141233251959901,0.003156430563785619,0.05450368846737148
2,1,40-44,75+,0.03304824290268004,0.004092800864580072,0.08122320367783648
2,1,45-49,0-4,0.04860968626295373,0.01591203165897335,0.09981485878509883
2,1,45-49,5-9,0.0555473908159012,0.024823066134148055,0.10120492739956409
2,1,45-49,10-14,0.05348479588120868,0.020659127603996737,0.10088302284787111
2,1,45-49,15-19,0.07427742741450405,0.0362489261999572,0.12789517593458932
2,1,45-49,20-24,0.08267566261162691,0.03964158370968789,0.13691027006814224
2,1,45-49,25-29,0.07728071989224237,0.042192352161588474,0.11996631416080608
2,1,45-49,30-34,0.08847517455533814,0.048721698853580485,0.13758883451441492
2,1,45-49,35-39,0.0924350170911114,0.053278700796903194,0.13768396861909896
2,1,45-49,40-44,0.10723025277459701,0.06163538940640163,0.16023273492811763
2,1,45-49,45-49,0.08351255699859828,0.046756124253922386,0.12918621076252712
2,1,45-49,50-54,0.07971686778086988,0.04295153832406239,0.11922107268230621
2,1,45-49,55-59,0.06092235346055868,0.029542416765156388,0.10166332607165358
2,1,45-49,60-64,0.0509530723262451,0.022612448222715187,0.09071068086522699
2,1,45-49,65-69,0.04126272482617744,0.011260489572826684,0.0999504218591692
2,1,45-49,70-74,0.01304837394870163,0,0.030171849740069645
2,1,45-49,75+,0.03241123064038902,0.0063271360770960905,0.06919936849487733
2,1,50-54,0-4,0.07369088643813863,0.027579530153654167,0.1523510720624316
2,1,50-54,5-9,0.035254004647348264,0.012368844921957332,0.0691645520639443
2,1,50-54,10-14,0.03973997952101384,0.016399543348872763,0.0847204582184645
2,1,50-54,15-19,0.06914201190563726,0.03303684491910885,0.1257892823427452
2,1,50-54,20-24,0.07560172902394272,0.03946228340147993,0.1221003134506251
2,1,50-54,25-29,0.09073663343495901,0.05308865001307591,0.13514621097871618
2,1,50-54,30-34,0.09610540708866477,0.060906546996695746,0.13865282891885725
2,1,50-54,35-39,0.09715893127489601,0.05749057768110318,0.14223240450732957
2,1,50-54,40-44,0.10209917822389755,0.06048959811721301,0.149925986755826
2,1,50-54,45-49,0.07736980127704036,0.043860550810551,0.11874233937802095
2,1,50-54,50-54,0.10465797296430127,0.06748203416927277,0.14711531465641137
2,1,50-54,55-59,0.07602909967871162,0.044304177043093224,0.11549711752912542
2,1,50-54,60-64,0.06747619686348956,0.033500664769032025,0.11396866403547289
2,1,50-54,65-69,0.0212350078097124,0.004018405322841002,0.04426884629871763
2,1,50-54,70-74,0.018075882647110516,0.0035402282654678203,0.03650649594796906
2,1,50-54,75+,0.0344807298477102,0.011353268082335872,0.0677680981546944
2,1,55-59,0-4,0.03650799960561152,0.008615316880778691,0.09348571507141215
2,1,55-59,5-9,0.009297023349879826,0,0.026393815100177034
2,1,55-59,10-14,0.018423266906407908,0.005258497647663191,0.038001070165312685
2,1,55-59,15-19,0.025886618869401287,0.006290785456943588,0.057349084032439254
2,1,55-59,20-24,0.039339099871921815,0.014260711980469716,0.06888471241417535
2,1,55-59,25-29,0.05854319835618061,0.027177653300574287,0.09615628234753779
2,1,55-59,30-34,0.07680161441869633,0.040804942067350594,0.12331724473146442
2,1,55-59,35-39,0.06687734594934422,0.03623090306517048,0.10835268403036831
2,1,55-59,40-44,0.07597047815016914,0.03665976153080595,0.12597520170514462
2,1,55-59,45-49,0.06327319972149945,0.03142429002834483,0.10289123263560689
2,1,55-59,50-54,0.07946514749705345,0.042677224964180395,0.12098001569716742
2,1,55-59,55-59,0.07673423591201804,0.03977389840637845,0.12349479475058317
2,1,55-59,60-64,0.08257285432231815,0.0418764916711202,0.13298162474883546
2,1,55-59,65-69,0.042807099687918924,0.009165610825861504,0.08728271722815877
2,1,55-59,70-74,0.027278274330686445,0.003786465400430083,0.06302844134265986
2,1,55-59,75+,0.03948538480785224,0.008472795901126439,0.08145429406961016
2,1,60-64,0-4,0.05168657157257747,0.010865687332898687,0.13004333744733115
2,1,60-64,5-9,0.02775368405430672,0.006410750701417545,0.06530891695881959
2,1,60-64,10-14,0.02237482199376573,0.006101527503876424,0.04468832147126348
2,1,60-64,15-19,0.02900357250035811,0.006193140666247697,0.06249729528589276
2,1,60-64,20-24,0.049164809384569845,0.019361523767765735,0.088448884730852
2,1,60-64,25-29,0.06004360347362955,0.025607817233330096,0.10054044445317856
2,1,60-64,30-34,0.0679240714060775,0.03332431087588428,0.11337293235339191
2,1,60-64,35-39,0.07085500986848028,0.036518231129765905,0.11506354765169995
2,1,60-64,40-44,0.07506325918496039,0.03579717234166337,0.1276070927148898
2,1,60-64,45-49,0.04874074360329867,0.020311178411139014,0.08601852536410699
2,1,60-64,50-54,0.07351073195170615,0.03829373850599558,0.12310430263464496
2,1,60-64,55-59,0.06843710351612102,0.03328845250306406,0.11309452501513943
2,1,60-64,60-64,0.09008502170052204,0.04825122259625679,0.15045106226296628
2,1,60-64,65-69,0.03346242265700468,0.0080000000010032,0.06595628486056904
2,1,60-64,70-74,0.017110858934005605,0.0035448593959232235,0.038220009260428206
2,1,60-64,75+,0.045298386112952324,0.012820512830443298,0.09065103644012705
2,1,65-69,0-4,0.0455912747691217,0.007567318012694137,0.10329361494139189
2,1,65-69,5-9,0.07846756788006838,0.030341865410033836,0.1410926790499234
2,1,65-69,10-14,0.026195572110845108,0.006690319916571409,0.056177256311539046
2,1,65-69,15-19,0.046880757665193534,0.009068644536483114,0.11348422604314035
2,1,65-69,20-24,0.04228036568174996,0.006334990383718019,0.09815817752911139
2,1,65-69,25-29,0.07109108480836035,0.027322484694913354,0.13137378392478827
2,1,65-69,30-34,0.07678343519641205,0.027670843381872562,0.144043931700125
2,1,65-69,35-39,0.09802882806508974,0.03545210423051464,0.1989579390398811
2,1,65-69,40-44,0.1013446476416523,0.02560288208114105,0.2249434057987503
2,1,65-69,45-49,0.04179426445580674,0.012118928897586517,0.10069024663942555
2,1,65-69,50-54,0.02249656463513112,0.004234891224669376,0.04794345463295222
2,1,65-69,55-59,0.0448302249875678,0.010145997753137504,0.09992547033788016
2,1,65-69,60-64,0.059866248144443135,0.014332123368583714,0.12980489215519148
2,1,65-69,65-69,0.06527973955769567,0.018086793880651795,0.1444268819170992
2,1,65-69,70-74,0.049305029922412,0.014269265777445713,0.10968575465148897
2,1,65-69,75+,0.06770446503251636,0.014130243762015023,0.14535031202612425
2,1,70-74,0-4,0.03987673504380807,0.0052591299678282745,0.10013992441055125
2,1,70-74,5-9,0.0363524804489277,0.008822137588069589,0.07397776607328306
2,1,70-74,10-14,0.0332324660662878,0.00808941988184435,0.07464282871807043
2,1,70-74,15-19,0.04715592913048918,0.010079559678327622,0.10300672560193037
2,1,70-74,20-24,0.0528967085161814,0.00737399735276499,0.15795571105526884
2,1,70-74,25-29,0.04927412742193081,0.015160663754501681,0.09802643954168022
2,1,70-74,30-34,0.0444099811678986,0.010242860784822038,0.08971148076735823
2,1,70-74,35-39,0.04268281125375403,0.009823421451188663,0.08981225506723146
2,1,70-74,40-44,0.09258271577854338,0.016351751277109753,0.21674179374546415
2,1,70-74,45-49,0.02187104606472971,0,0.0516120327505184
2,1,70-74,50-54,0.02774716798319286,0.004954809181407982,0.0580066534365728
2,1,70-74,55-59,0.028248704949269413,0.004901960784657925,0.07493410129766015
2,1,70-74,60-64,0.05050307807304773,0.006581607511138829,0.12078947641929384
2,1,70-74,65-69,0.05361566128091461,0.01351837876822969,0.11870162617212457
2,1,70-74,70-74,0.07899591087179945,0.025435309850353156,0.15782231726217283
2,1,70-74,75+,0.0993971272417768,0.022181919697254852,0.20814355362870315
2,1,75+,0-4,0.0533053344132359,0.010834706114520247,0.11907833755383565
2,1,75+,5-9,0.026990333031626616,0.00825209838403259,0.054220889393606406
2,1,75+,10-14,0.02131760715921763,0.006014144227109697,0.0450740859464187
2,1,75+,15-19,0.037497168676843974,0.00954587722059058,0.07842537661640757
2,1,75+,20-24,0.06899519554446522,0.01675199301236684,0.14542961331204626
2,1,75+,25-29,0.04149080891647325,0.013909801348145817,0.08281969314883268
2,1,75+,30-34,0.03746186911955517,0.011439994168034113,0.07301292005300412
2,1,75+,35-39,0.041241706777150014,0.010990556123555399,0.08604652384639516
2,1,75+,40-44,0.04139822713491199,0.007921918775062294,0.08696579143443521
2,1,75+,45-49,0.035134614752926424,0.007408014361698869,0.07470715337994101
2,1,75+,50-54,0.029842181959261978,0.008732843460998141,0.0600066817836786
2,1,75+,55-59,0.030450880146655587,0.006029832128840674,0.06479716593173063
2,1,75+,60-64,0.06275342387236321,0.020824432190971815,0.12401522847481408
2,1,75+,65-69,0.05356433106299492,0.015872511850233067,0.10896161046637755
2,1,75+,70-74,0.06448006022891167,0.020967104222320666,0.12525743640539402
2,1,75+,75+,0.17233495841402227,0.0763752419091121,0.30302472224846055
2,2,0-4,0-4,0.9744329244814964,0.5694452344504287,1.5980930189651077
2,2,0-4,5-9,0.36921589582968456,0.27306902721123744,0.47877195638456105
2,2,0-4,10-14,0.16011721151584443,0.10235063017358206,0.22460993522172776
2,2,0-4,15-19,0.13866027502134398,0.07972111096482444,0.20485413861680524
2,2,0-4,20-24,0.21952525300274725,0.13497825261758042,0.3317108797849215
2,2,0-4,25-29,0.3561767104687095,0.25072740478394173,0.46761920628225856
2,2,0-4,30-34,0.43148828876648226,0.32409695957009244,0.5597210984467695
2,2,0-4,35-39,0.3460003129041953,0.24555342630569854,0.46389509375961835
2,2,0-4,40-44,0.184183670040668,0.11073667982271783,0.2651810034146965
2,2,0-4,45-49,0.08290074080701214,0.038650130214549064,0.14151651946344937
2,2,0-4,50-54,0.09787187163827303,0.042707833791468315,0.1733458813183474
2,2,0-4,55-59,0.06110955261415366,0.02177201187529097,0.12649697456267683
2,2,0-4,60-64,0.06290344013442058,0.018037771345969983,0.12037093897426929
2,2,0-4,65-69,0.09173425108535598,0.042589357749318484,0.16156080233180675
2,2,0-4,70-74,0.06501647453759667,0.020276611829843232,0.1337943685415029
2,2,0-4,75+,0.07196011453943153,0.016748440160664343,0.14899846592831578
2,2,5-9,0-4,0.34740230865074395,0.25693587829153725,0.4504857045536157
2,2,5-9,5-9,1.9058514936112907,1.441746951029655,2.5054978387614857
2,2,5-9,10-14,0.34257589632967406,0.2544603710575831,0.4457240222277774
2,2,5-9,15-19,0.18462593278709968,0.11789856250851699,0.26452864046958663
2,2,5-9,20-24,0.21584978780121628,0.1307489678273853,0.32002681699078295
2,2,5-9,25-29,0.34094795234239544,0.26015735208688545,0.4305131628787909
2,2,5-9,30-34,0.34283494586913693,0.2618889540156641,0.42961542938162744
2,2,5-9,35-39,0.340429384654133,0.26769932213931885,0.41576541049075555
2,2,5-9,40-44,0.23976572784839603,0.17919133104865204,0.31143308059101055
2,2,5-9,45-49,0.1463194338834661,0.09855367185656,0.1991282076350713
2,2,5-9,50-54,0.05833587745607548,0.03188517572714976,0.08981636205356529
2,2,5-9,55-59,0.04011464062442876,0.01715819458553496,0.07265651303734799
2,2,5-9,60-64,0.06326247226825184,0.029144434514497157,0.10801783966845593
2,2,5-9,65-69,0.08863912990766287,0.0457773712421408,0.14604610593802303
2,2,5-9,70-74,0.03374590139300462,0.01007873563555787,0.06643953699226486
2,2,5-9,75+,0.04835562130069713,0.01404494382025435,0.0924792113293655
2,2,10-14,0-4,0.14545209811976154,0.09297635002314618,0.20403794212536086
2,2,10-14,5-9,0.33073980423727506,0.24566869476636738,0.43032413381938367
2,2,10-14,10-14,1.743814247407631,1.1961999157310355,2.4236376305482317
2,2,10-14,15-19,0.31027845256827136,0.23108864553329728,0.4042459109651375
2,2,10-14,20-24,0.13602859149700566,0.07664746890554591,0.21351971280566473
2,2,10-14,25-29,0.12165306333697286,0.07646022772191927,0.17934037972519679
2,2,10-14,30-34,0.23001139170272414,0.1628956182984958,0.3130510975784558
2,2,10-14,35-39,0.2809286050325165,0.20813948132024493,0.38154986963865567
2,2,10-14,40-44,0.3006209072301669,0.2345860363724298,0.37285726196791125
2,2,10-14,45-49,0.2449786669043557,0.1826544058698223,0.3259019433000444
2,2,10-14,50-54,0.136455912872353,0.09519656563330436,0.18836768450331245
2,2,10-14,55-59,0.0700960642884625,0.037573183516605296,0.11176038034908935
2,2,10-14,60-64,0.04487161635492835,0.019286343347367462,0.07527162769468948
2,2,10-14,65-69,0.051655714073788675,0.02477284879554116,0.08408787604510834
2,2,10-14,70-74,0.03506085689326957,0.012585290513965097,0.06685577554491492
2,2,10-14,75+,0.04365887755060318,0.014364148647314416,0.08467962773730661
2,2,15-19,0-4,0.12663856567800666,0.07280936912384268,0.18709348646281315
2,2,15-19,5-9,0.17920673131297746,0.11443796488770598,0.2567641082787952
2,2,15-19,10-14,0.3119489804193616,0.23233281835689723,0.40642235617867684
2,2,15-19,15-19,1.1364999412523864,0.7046986899667924,1.7163424984284974
2,2,15-19,20-24,0.278971471542315,0.18301823415244145,0.3991061219466276
2,2,15-19,25-29,0.15796516518031234,0.10121091146627009,0.22303305657587608
2,2,15-19,30-34,0.19258598213355602,0.13440970239508027,0.26593031708982645
2,2,15-19,35-39,0.19944546285486045,0.13680667142931613,0.2730478398805127
2,2,15-19,40-44,0.21087658277846427,0.14941853460265211,0.28107546299380526
2,2,15-19,45-49,0.2409695210958964,0.1776904598894224,0.3155428635984573
2,2,15-19,50-54,0.22101352463847432,0.16243235771636963,0.2846004659181124
2,2,15-19,55-59,0.09310189955976607,0.054660737191184916,0.14075423612416693
2,2,15-19,60-64,0.07188099425767713,0.03631142725166629,0.1120604796435065
2,2,15-19,65-69,0.05431595577362059,0.019864230405427757,0.10205123918684303
2,2,15-19,70-74,0.04005975720879657,0.014754672554622343,0.07563328269556503
2,2,15-19,75+,0.06693124262427494,0.02228669344640317,0.1258329450526611
2,2,20-24,0-4,0.17444568693431295,0.1072604344010134,0.2635939669635263
2,2,20-24,5-9,0.18229512977807558,0.11042355103166945,0.2702774495637956
2,2,20-24,10-14,0.11899370281266344,0.0670488905010103,0.1867805949516268
2,2,20-24,15-19,0.24272897246831315,0.15924147251755438,0.34725636406597243
2,2,20-24,20-24,0.6787834319319906,0.4242376113287413,1.026087493480713
2,2,20-24,25-29,0.4103623052563458,0.29302503347009834,0.5539361800965036
2,2,20-24,30-34,0.23938768783541306,0.15819771214186742,0.3381384315949709
2,2,20-24,35-39,0.17635778029400176,0.10615404842752565,0.2582777932445384
2,2,20-24,40-44,0.15562428918378426,0.09200928424514979,0.23324952703392413
2,2,20-24,45-49,0.1406191939089182,0.0856827148945458,0.20871127605581058
2,2,20-24,50-54,0.17379882302668215,0.11254491709526487,0.24833727680310844
2,2,20-24,55-59,0.10554101564197275,0.06245664497111493,0.15304533172718077
2,2,20-24,60-64,0.08209847024055611,0.04538957007069579,0.12482263444520643
2,2,20-24,65-69,0.04942901782141134,0.014344140064484836,0.09401655929594718
2,2,20-24,70-74,0.06276315377403012,0.015075385760951245,0.15431151382215047
2,2,20-24,75+,0.14229302732629745,0.024729620619539913,0.3182143973571545
2,2,25-29,0-4,0.25106934881031917,0.1767380190725181,0.3296252847581934
2,2,25-29,5-9,0.25542532478875785,0.1949000593681321,0.32252419672466537
2,2,25-29,10-14,0.09439940453635733,0.05933101698944084,0.13916316277616927
2,2,25-29,15-19,0.12192017511100081,0.07811628617629919,0.1721406696358243
2,2,25-29,20-24,0.36401551002687615,0.25993044595708725,0.49137398473820976
2,2,25-29,25-29,0.5884803008735189,0.45391845112121487,0.7424440757136438
2,2,25-29,30-34,0.3700394496834897,0.28971051593898267,0.45144620187808343
2,2,25-29,35-39,0.2045821713222174,0.14937805054660044,0.26842369211872247
2,2,25-29,40-44,0.12369614082451001,0.08234901015774122,0.1729958375252602
2,2,25-29,45-49,0.10918103130048017,0.07251923815491312,0.15279475937129897
2,2,25-29,50-54,0.11997732028422824,0.08159951681250167,0.16271865453945075
2,2,25-29,55-59,0.1152839179160931,0.0762957255472441,0.16020507687677282
2,2,25-29,60-64,0.09566613702217122,0.060921740308121794,0.13474672424015546
2,2,25-29,65-69,0.06851650101850056,0.031984957449152245,0.11719276542682724
2,2,25-29,70-74,0.04521760940589447,0.017001068668359667,0.0823444859601107
2,2,25-29,75+,0.04998040385357482,0.014460883798832777,0.09395317384872781
2,2,30-34,0-4,0.29810044406103353,0.2239074618754294,0.3866920895450095
2,2,30-34,5-9,0.251725020209023,0.19229078901214663,0.31544320071874504
2,2,30-34,10-14,0.1749286658137611,0.12388566046629454,0.2380821681289112
2,2,30-34,15-19,0.1456814840992512,0.10167409229543398,0.20116273693151712
2,2,30-34,20-24,0.2081228049036956,0.13753652862443613,0.29397635052002513
2,2,30-34,25-29,0.36267152543710135,0.2839420360197571,0.4424573726610837
2,2,30-34,30-34,0.5500970460422813,0.4294862017032729,0.6868732342307061
2,2,30-34,35-39,0.32885643332935155,0.26372628916807556,0.4032985871279743
2,2,30-34,40-44,0.19533257763145911,0.13717988125542618,0.2558626011562539
2,2,30-34,45-49,0.09946322531718166,0.06464538940069291,0.13783487158857455
2,2,30-34,50-54,0.13248273559949403,0.09342139591482451,0.1725719650915175
2,2,30-34,55-59,0.11112334455960639,0.07244675792653989,0.15670582729867902
2,2,30-34,60-64,0.12251765946743008,0.07876241240593827,0.17481782192034873
2,2,30-34,65-69,0.08935414175899982,0.045328469610237974,0.1387615440518692
2,2,30-34,70-74,0.04251803320994894,0.018302753021806617,0.07209253167288851
2,2,30-34,75+,0.07755295634766012,0.03376303221527914,0.12980350433075452
2,2,35-39,0-4,0.25267046494587153,0.17931804128423484,0.3387644018079448
2,2,35-39,5-9,0.26421210914567766,0.2077652685333165,0.3226814751234998
2,2,35-39,10-14,0.2258353788774121,0.1673210124610303,0.3067236935893353
2,2,35-39,15-19,0.15947338888169255,0.10938841727542258,0.2183246674518671
2,2,35-39,20-24,0.16206784674500715,0.09755258896564507,0.2373500377664834
2,2,35-39,25-29,0.21194227611579725,0.15475211661881955,0.27808057712636947
2,2,35-39,30-34,0.34760876609075975,0.27876471515336915,0.426295824042161
2,2,35-39,35-39,0.38628544017174965,0.2899009070307217,0.5092061388308722
2,2,35-39,40-44,0.221888068974346,0.16660806685185223,0.28718623275158406
2,2,35-39,45-49,0.12106210199821,0.0837596543123828,0.16930780756670258
2,2,35-39,50-54,0.1066574019600183,0.06908988532046907,0.1491955709726162
2,2,35-39,55-59,0.07272770876650528,0.040372709848095746,0.11430076954741826
2,2,35-39,60-64,0.10249765439319976,0.06281579140134744,0.14737788796221388
2,2,35-39,65-69,0.09861046412718318,0.05407872382122755,0.16354178967223112
2,2,35-39,70-74,0.04061556560934796,0.01758645917363211,0.07083049592260342
2,2,35-39,75+,0.05712449156288691,0.019992648486099426,0.10523668258968746
2,2,40-44,0-4,0.1495817203446967,0.0899329624036952,0.21536236456111899
2,2,40-44,5-9,0.20694845885786714,0.15466501461233126,0.26880654146876115
2,2,40-44,10-14,0.26875998630654147,0.20972373646284226,0.3333404637225263
2,2,40-44,15-19,0.1875175114407346,0.13286725061001892,0.24994037106064723
2,2,40-44,20-24,0.1590483002611876,0.09403365210013993,0.2383814313693719
2,2,40-44,25-29,0.14251329260651643,0.0948762710157385,0.19931265639017923
2,2,40-44,30-34,0.22961934419016944,0.1612590933468704,0.3007742148938285
2,2,40-44,35-39,0.2467648878063022,0.18528720861091263,0.3193839075351668
2,2,40-44,40-44,0.3748500071066485,0.2714150312560692,0.49063613545106544
2,2,40-44,45-49,0.1906739725428365,0.13721987856780116,0.25007307065178175
2,2,40-44,50-54,0.15190803295863603,0.10605788556720507,0.20416473781046574
2,2,40-44,55-59,0.12292279664073608,0.07528734873297403,0.18406717118779817
2,2,40-44,60-64,0.10932790035072995,0.06739996525012483,0.15754534842994702
2,2,40-44,65-69,0.08895419952669543,0.04379000516394806,0.1447191424746001
2,2,40-44,70-74,0.06009574145853891,0.02760828992606152,0.10567120350557999
2,2,40-44,75+,0.061061079687814726,0.023074077183705462,0.11215649506232864
2,2,45-49,0-4,0.07692291128237899,0.03586313594551952,0.13131200717517832
2,2,45-49,5-9,0.14429357827330178,0.09718915380359981,0.196371191797375
2,2,45-49,10-14,0.2502324315103846,0.1865715765558264,0.3328911726741037
2,2,45-49,15-19,0.24481920867074014,0.1805292120788844,0.3205839220518298
2,2,45-49,20-24,0.164197354345041,0.10004946485397684,0.2437066974835516
2,2,45-49,25-29,0.14371970454645222,0.09546020363989804,0.2011303374910764
2,2,45-49,30-34,0.13358762506664984,0.08682429122932893,0.18512403039582093
2,2,45-49,35-39,0.1538252123823661,0.10642758056411705,0.21512768262792817
2,2,45-49,40-44,0.2178518812499768,0.1567786535950679,0.2857174902526871
2,2,45-49,45-49,0.2577531896493383,0.17020773748097023,0.35507321500828876
2,2,45-49,50-54,0.20713998444708487,0.15404207623109517,0.2686916196255913
2,2,45-49,55-59,0.1317476657657644,0.08007859138072726,0.19064854317394622
2,2,45-49,60-64,0.08474329189073841,0.049278629503769295,0.12937495278787484
2,2,45-49,65-69,0.0675521878137091,0.029137081667716877,0.1371996024523285
2,2,45-49,70-74,0.05538840757406473,0.028460318312964417,0.08887231350455255
2,2,45-49,75+,0.10303371820545906,0.046819398908558255,0.16948539787366607
2,2,50-54,0-4,0.0862470600377649,0.03763517590334137,0.1527565824900024
2,2,50-54,5-9,0.05463485958014564,0.029862276432762697,0.08411811980527607
2,2,50-54,10-14,0.13237220200581487,0.0923476216678091,0.18273041203985838
2,2,50-54,15-19,0.21325112510504246,0.15672743599352815,0.2746047766159715
2,2,50-54,20-24,0.1927336239652002,0.1248063096911957,0.27539279317538334
2,2,50-54,25-29,0.14998830126590987,0.10201072070814594,0.20342090089050735
2,2,50-54,30-34,0.16898652812319168,0.11916237445302727,0.2201217924754533
2,2,50-54,35-39,0.12870618543738757,0.08337251262915167,0.1800380702244809
2,2,50-54,40-44,0.16483132327906164,0.11508056079550376,0.22153366905478428
2,2,50-54,45-49,0.19672205142102336,0.14629465828252927,0.2551779983641275
2,2,50-54,50-54,0.28521986679234573,0.19767463128433577,0.37931147175654095
2,2,50-54,55-59,0.1988583367486043,0.14183520632408797,0.2683413039289927
2,2,50-54,60-64,0.1296596409816651,0.081963633688645,0.18581904643062083
2,2,50-54,65-69,0.059098395636737834,0.030401618501638725,0.09132546734612082
2,2,50-54,70-74,0.04616221457128948,0.022947840775914434,0.07575563729859909
2,2,50-54,75+,0.12012481409673259,0.06951330796908632,0.18487779316709982
2,2,55-59,0-4,0.052250891730632625,0.01861586260394899,0.10815951744664162
2,2,55-59,5-9,0.03645316139830936,0.015592073786377352,0.06602476191138831
2,2,55-59,10-14,0.06597756214954403,0.03536556689433245,0.10519388663526427
2,2,55-59,15-19,0.08716240776419164,0.0511736225176687,0.13177473479707355
2,2,55-59,20-24,0.11356123886171804,0.06720282095945282,0.16467548059135187
2,2,55-59,25-29,0.13983798339404357,0.09254578257721305,0.19432680017208462
2,2,55-59,30-34,0.13752963692216186,0.08966231491062024,0.1939439063626638
2,2,55-59,35-39,0.08515428762205281,0.047270970099222445,0.13383070593783716
2,2,55-59,40-44,0.12941649498175609,0.07926458765795542,0.19379097114064062
2,2,55-59,45-49,0.1214032269741182,0.07379105617284021,0.1756793809188387
2,2,55-59,50-54,0.1929487630380865,0.13762021780400235,0.2603668697610675
2,2,55-59,55-59,0.26099223211030204,0.17094017381623303,0.3606740229136142
2,2,55-59,60-64,0.20799776433472786,0.1492861736525639,0.27878860136813616
2,2,55-59,65-69,0.08787580301284598,0.037032213094706196,0.1558968620030866
2,2,55-59,70-74,0.06433253357304587,0.022423316863597175,0.12033852405761115
2,2,55-59,75+,0.1298872162658995,0.06823714917954382,0.20376773744025087
2,2,60-64,0-4,0.05921027724537606,0.016978744564705682,0.11330376611712124
2,2,60-64,5-9,0.0632872970177823,0.029155871046473988,0.10806022681708363
2,2,60-64,10-14,0.04649566238315094,0.019984377246224087,0.07799594649409428
2,2,60-64,15-19,0.07408373118381288,0.03742416257863202,0.11549448551696968
2,2,60-64,20-24,0.09724829869683911,0.05376541676139072,0.14785645582781287
2,2,60-64,25-29,0.1277476022334743,0.08135173521691687,0.17993379335998144
2,2,60-64,30-34,0.1669274575650823,0.10731195251171864,0.23818521082658123
2,2,60-64,35-39,0.1321169795348429,0.0809680248408434,0.18996650726364325
2,2,60-64,40-44,0.12671449688776304,0.0781186930282546,0.18260004536138316
2,2,60-64,45-49,0.08596679319679487,0.0499901013644125,0.13124283424698838
2,2,60-64,50-54,0.13849723583959586,0.08755027099644472,0.19848446364763342
2,2,60-64,55-59,0.22897958392979803,0.1643454488021547,0.3069114620045354
2,2,60-64,60-64,0.29242931991525206,0.19992429560645328,0.40582269228897455
2,2,60-64,65-69,0.14946149572433434,0.10261206127856862,0.2017244803819763
2,2,60-64,70-74,0.05977471985372353,0.03142201893551108,0.09412189347189695
2,2,60-64,75+,0.13715063846451891,0.07487408487122732,0.21037214155692158
2,2,65-69,0-4,0.10674256248170626,0.04955724962950165,0.187993185025854
2,2,65-69,5-9,0.10961734503372592,0.056611497691979304,0.18061082506244636
2,2,65-69,10-14,0.06616716114999058,0.03173219280363533,0.1077103694102323
2,2,65-69,15-19,0.06920215276586086,0.025308355298431288,0.13002008974282236
2,2,65-69,20-24,0.07237895951464328,0.021004138434447994,0.1376685404426497
2,2,65-69,25-29,0.1131027340850942,0.05279875771995001,0.19345445239809092
2,2,65-69,30-34,0.15049677109119552,0.07634551885961235,0.23371232625970173
2,2,65-69,35-39,0.15712710884652387,0.08616969405173663,0.2605894700347559
2,2,65-69,40-44,0.12745156107774122,0.0627413269687467,0.20735030751060293
2,2,65-69,45-49,0.0847126412176588,0.03653884833832145,0.17205276503851197
2,2,65-69,50-54,0.07803606995281029,0.040143608003425084,0.12059008508624822
2,2,65-69,55-59,0.11958888282913054,0.05039659201792807,0.21215773767428203
2,2,65-69,60-64,0.18476203260718518,0.12684747278863628,0.24936874103511308
2,2,65-69,65-69,0.2632324315095918,0.1504343217221827,0.43303703592208553
2,2,65-69,70-74,0.14673785415527765,0.08728742561183048,0.22799635976138574
2,2,65-69,75+,0.1832670070323118,0.09069775642493602,0.30819283736106734
2,2,70-74,0-4,0.09028147661523404,0.02815597846194504,0.18578603716423847
2,2,70-74,5-9,0.04980167621977012,0.014874041234849391,0.09805043495344634
2,2,70-74,10-14,0.053593953006404946,0.019237848933089777,0.10219559960180974
2,2,70-74,15-19,0.06090733875693882,0.022433182379217115,0.11499375661284705
2,2,70-74,20-24,0.10967414197868089,0.026343163128524617,0.26964838218308973
2,2,70-74,25-29,0.08907475932229371,0.033490627208136226,0.16221147833301208
2,2,70-74,30-34,0.08545840714191943,0.036787311205861505,0.1449011738894784
2,2,70-74,35-39,0.07723066149946851,0.033440722910932495,0.1346844731168546
2,2,70-74,40-44,0.1027522956896692,0.04720492835463153,0.18067767340851693
2,2,70-74,45-49,0.08288898380077095,0.04259098549554079,0.13299778919560828
2,2,70-74,50-54,0.07274036335121432,0.0361601862403717,0.11937236188036231
2,2,70-74,55-59,0.1044771434783203,0.03641585311664825,0.1954318374491011
2,2,70-74,60-64,0.08817999891322814,0.04635393695470747,0.13884914031171053
2,2,70-74,65-69,0.17511014042669987,0.10416475996846931,0.2720802672522705
2,2,70-74,70-74,0.3189664906793095,0.19387925906813805,0.47173703964149266
2,2,70-74,75+,0.2795539320434605,0.16125974646090416,0.42493476131000196
2,2,75+,0-4,0.04974942596975135,0.01157898773806431,0.10300967692659016
2,2,75+,5-9,0.035529646458370694,0.010319625206720718,0.06794977698350732
2,2,75+,10-14,0.03322667029318175,0.01093186215319855,0.0644455888293441
2,2,75+,15-19,0.050665366710759066,0.016870499515016582,0.09525256151565337
2,2,75+,20-24,0.12379528312322693,0.021514830653688317,0.27684730696172066
2,2,75+,25-29,0.04901937972422688,0.01418282965779204,0.09214664048493243
2,2,75+,30-34,0.07760701435354712,0.03378656661396892,0.12989398339089261
2,2,75+,35-39,0.054080486248234715,0.018927295839964046,0.09962891239628943
2,2,75+,40-44,0.05197964463500408,0.01964233745000439,0.09547578894204897
2,2,75+,45-49,0.07676765943752177,0.03488387814282767,0.12627902331597218
2,2,75+,50-54,0.0942415781954486,0.054535308943892365,0.14504226401823103
2,2,75+,55-59,0.10502145595805534,0.05517374968289443,0.16475820391319163
2,2,75+,60-64,0.10073290635307047,0.05499270192283059,0.15451183801984641
2,2,75+,65-69,0.10888659341827123,0.053887330227694555,0.18311025382894647
2,2,75+,70-74,0.13918312914470451,0.08028732042309819,0.21156472144448132
2,2,75+,75+,0.5077249899519344,0.30656699243447116,0.7539195464085361
2,3,0-4,0-4,0.3760486655072954,0.2234200033503947,0.5786151420020939
2,3,0-4,5-9,0.1685678271088752,0.09480894239883587,0.2704563154226145
2,3,0-4,10-14,0.06775119127779712,0.030687934000966803,0.11705683590658537
2,3,0-4,15-19,0.07617758418595015,0.03295174830595373,0.1284051460213493
2,3,0-4,20-24,0.06943837277809577,0.02106150049902373,0.14941684087755702
2,3,0-4,25-29,0.08234578591499278,0.03382540460492022,0.14019863325217852
2,3,0-4,30-34,0.1369696785233698,0.06312558385574733,0.22832886695593443
2,3,0-4,35-39,0.09510857555953603,0.04416111198768258,0.16943312319329307
2,3,0-4,40-44,0.07288979941170799,0.025006171023555204,0.1354624593464703
2,3,0-4,45-49,0.04158402036670933,0.011193066411800527,0.08145913374972244
2,3,0-4,50-54,0.06341019143816354,0.02110401065575112,0.12529734813414234
2,3,0-4,55-59,0.04188745754489647,0.009638085217717071,0.10362822575805006
2,3,0-4,60-64,0.05105712962814464,0.011582741062701954,0.11730981477081309
2,3,0-4,65-69,0.05442221833344171,0.012497291099656237,0.11877021297945278
2,3,0-4,70-74,0.03824370492932576,0.0067522502843403555,0.08468247044024409
2,3,0-4,75+,0.054582267214468586,0.009526541207848535,0.11743720624370073
2,3,5-9,0-4,0.15276252633920082,0.0846437481997847,0.23464368766857566
2,3,5-9,5-9,0.9237426800703997,0.687058656483787,1.1794277056534446
2,3,5-9,10-14,0.19175571481422218,0.12178621107563864,0.2744747924029891
2,3,5-9,15-19,0.08468658508014755,0.041630808640075706,0.1331408631717822
2,3,5-9,20-24,0.09970551614943007,0.039293410990222176,0.19933584644410565
2,3,5-9,25-29,0.09467734741637507,0.0525771696445586,0.14539209533303474
2,3,5-9,30-34,0.10743172144815112,0.0536010489099126,0.18836159017147988
2,3,5-9,35-39,0.08287281199097526,0.04592622048651853,0.13327946522872844
2,3,5-9,40-44,0.06123656581844072,0.028490323176087688,0.10254424355309776
2,3,5-9,45-49,0.04063429262801811,0.016128313893252935,0.07313450627852014
2,3,5-9,50-54,0.02482048787998007,0.006561670511182588,0.051474166002691876
2,3,5-9,55-59,0.017305117477816854,0.002730423787931636,0.041492339348356846
2,3,5-9,60-64,0.028711354888262486,0.00399569287505843,0.07707577356380871
2,3,5-9,65-69,0.05486562240345322,0.020466448650856672,0.10390366389671694
2,3,5-9,70-74,0.025997843997036234,0.00584795321760145,0.05588323142902144
2,3,5-9,75+,0.033201824280944994,0.008420096483699634,0.06629793619942435
2,3,10-14,0-4,0.051832339972360066,0.02115943497418313,0.09554104692769402
2,3,10-14,5-9,0.18506057076894258,0.11349854785887664,0.27362855228420735
2,3,10-14,10-14,1.0741510085971742,0.7598365430946729,1.4396428890949107
2,3,10-14,15-19,0.14110140421588002,0.08577638753825838,0.20638503318757828
2,3,10-14,20-24,0.05606587181157785,0.018061144393779895,0.11616436128767138
2,3,10-14,25-29,0.04147078973325398,0.016920337064654834,0.07219833012259173
2,3,10-14,30-34,0.08479723735419506,0.03456201211193134,0.17402357582846287
2,3,10-14,35-39,0.07592124550592537,0.032814846299861755,0.1404604109058902
2,3,10-14,40-44,0.06434850423270705,0.02452424711415508,0.14043210691308092
2,3,10-14,45-49,0.0626763054869297,0.02716552936951642,0.11307547379219535
2,3,10-14,50-54,0.031039732076869813,0.009331112936948542,0.06678304345621652
2,3,10-14,55-59,0.019397010122959607,0.003730238979655749,0.04413765408512213
2,3,10-14,60-64,0.019767647259122546,0,0.05024224949270599
2,3,10-14,65-69,0.02726935999605876,0.007530928649779694,0.05583702355060656
2,3,10-14,70-74,0.020278358220205305,0.003164404746908095,0.0443087744519442
2,3,10-14,75+,0.02866103829741345,0.006058791507899476,0.06152671774067391
2,3,15-19,0-4,0.06517793127566547,0.028599832631807792,0.10584455049652806
2,3,15-19,5-9,0.07347542994039996,0.034745602768024415,0.11467950939909317
2,3,15-19,10-14,0.12958504635142779,0.07536364858776569,0.18995314581880182
2,3,15-19,15-19,0.623601750029471,0.42233990233098234,0.8611006563092706
2,3,15-19,20-24,0.12327569547993968,0.05831883518666036,0.21233372311339208
2,3,15-19,25-29,0.07159663689132507,0.03573808022653884,0.11891702010781027
2,3,15-19,30-34,0.09909340399500526,0.053968761992092974,0.15456137416465454
2,3,15-19,35-39,0.07991684779114192,0.03995642491414698,0.13302339900958712
2,3,15-19,40-44,0.06170006517191379,0.02822832678629203,0.11050880304374704
2,3,15-19,45-49,0.07658879436170193,0.038294725093189444,0.12820455843525708
2,3,15-19,50-54,0.06399533287283982,0.026988817489655707,0.11652498465153718
2,3,15-19,55-59,0.03140581600372011,0.008039392116203692,0.06351654303414422
2,3,15-19,60-64,0.02425869259056001,0.0035454749775279877,0.05739507100995417
2,3,15-19,65-69,0.045316375878568724,0.010853964746629086,0.0951629208280605
2,3,15-19,70-74,0.030537697771378904,0.006459395607545506,0.06885967684233026
2,3,15-19,75+,0.06465876381175276,0.018751621390622104,0.13416552939698892
2,3,20-24,0-4,0.06805895991354548,0.022824497382389036,0.12665938997621248
2,3,20-24,5-9,0.08360561986914809,0.03461964324294716,0.15023475053394628
2,3,20-24,10-14,0.05485594518412281,0.020209397858493176,0.10474087389007974
2,3,20-24,15-19,0.12496208955526109,0.055474948884228194,0.2254535703855254
2,3,20-24,20-24,0.254347437274531,0.14065291815583714,0.39499282842277056
2,3,20-24,25-29,0.18686960293134416,0.10832919576800265,0.2895214513353327
2,3,20-24,30-34,0.14146558355382943,0.08166420946682541,0.2210263988471269
2,3,20-24,35-39,0.09475286175215403,0.04797987715678889,0.1556370443598921
2,3,20-24,40-44,0.09333084650694883,0.045275160713671776,0.15684552304411825
2,3,20-24,45-49,0.06818551964737134,0.03127017745855609,0.11580356893698156
2,3,20-24,50-54,0.0596534694019046,0.02617673830969716,0.1018712932569711
2,3,20-24,55-59,0.038289010669898094,0.013012057007798745,0.06712889576272746
2,3,20-24,60-64,0.04018063921619504,0.014410098932842608,0.0759052955081971
2,3,20-24,65-69,0.03582180763563429,0.005369486504532,0.07708948697807834
2,3,20-24,70-74,0.06242659671730604,0.004545454545454545,0.20609007054135037
2,3,20-24,75+,0.1112318932746304,0.018516307005173163,0.2478810913145805
2,3,25-29,0-4,0.06518329749008323,0.025488736219981826,0.11674376944402218
2,3,25-29,5-9,0.0684629843460766,0.03632312720137188,0.10524702485986383
2,3,25-29,10-14,0.04123952349006404,0.017403755832625434,0.06753038772216824
2,3,25-29,15-19,0.05760476263629448,0.02974290001773483,0.09460657094353692
2,3,25-29,20-24,0.1334819723326651,0.07744257995627235,0.1985617942715077
2,3,25-29,25-29,0.20543755948636316,0.14376414016071185,0.279526982352098
2,3,25-29,30-34,0.18958899868404164,0.1321368114638071,0.25302681865315196
2,3,25-29,35-39,0.11310161425121426,0.0692747234337941,0.16239455778584239
2,3,25-29,40-44,0.08511918025996697,0.05026418193260591,0.1267197464105915
2,3,25-29,45-49,0.06312942737534347,0.034263246970958165,0.09759194445690891
2,3,25-29,50-54,0.06242831806662095,0.034355408978090245,0.09454269923815832
2,3,25-29,55-59,0.04567393729324182,0.02144230670721967,0.07617708566003166
2,3,25-29,60-64,0.040284990072088696,0.01636040460166761,0.07063246822296684
2,3,25-29,65-69,0.03955216580849681,0.01320702807223954,0.07700367906198685
2,3,25-29,70-74,0.021412442367983345,0.003289473684210525,0.04581629691195325
2,3,25-29,75+,0.029795776144474224,0.006942456768404021,0.06458571725239548
2,3,30-34,0-4,0.08920384164445802,0.03997201024426944,0.15037826172841418
2,3,30-34,5-9,0.0742526421541289,0.038045001460692535,0.12352566483328724
2,3,30-34,10-14,0.0614675926748689,0.026854174426139136,0.1117747033800044
2,3,30-34,15-19,0.06391886013239464,0.03362464437903349,0.10486886762127352
2,3,30-34,20-24,0.09981387317062555,0.05763778969998406,0.1470710275016819
2,3,30-34,25-29,0.1740492144136606,0.12119110064247075,0.23237669650545623
2,3,30-34,30-34,0.22106774578824567,0.15580747937567335,0.285585832300078
2,3,30-34,35-39,0.13989992560428854,0.09329956761143524,0.18993212342930296
2,3,30-34,40-44,0.11886553108946736,0.07626136523503486,0.1673067824419234
2,3,30-34,45-49,0.07112218146998452,0.04073920887392205,0.10675770281382516
2,3,30-34,50-54,0.0835257518017024,0.05171357274794553,0.12092670952728485
2,3,30-34,55-59,0.05908410640665491,0.029585637144893193,0.09207653524414593
2,3,30-34,60-64,0.056822113383567206,0.02757936089130015,0.0968246184369426
2,3,30-34,65-69,0.05575677968040459,0.021052991049287886,0.1046555370164846
2,3,30-34,70-74,0.03515881011998706,0.011372730943556593,0.07094924941723052
2,3,30-34,75+,0.054594588045705446,0.018261746732437658,0.10295807719003067
2,3,35-39,0-4,0.06466850421589253,0.027661636535656203,0.112727829563249
2,3,35-39,5-9,0.05828958379080014,0.02869097148109898,0.09494393622493108
2,3,35-39,10-14,0.06341916225376024,0.0305508166707233,0.11890247036364397
2,3,35-39,15-19,0.05182501790576071,0.025553441809728007,0.0876636506821678
2,3,35-39,20-24,0.06934968765306118,0.03423811092226031,0.11207579008973702
2,3,35-39,25-29,0.11073554847341668,0.06973327297031558,0.16139849339335702
2,3,35-39,30-34,0.15282186670352862,0.10322237871170767,0.2100257590501744
2,3,35-39,35-39,0.13356687260460967,0.09013741202142474,0.18824459841692326
2,3,35-39,40-44,0.11315689279111583,0.07196970924487875,0.16203510566991927
2,3,35-39,45-49,0.07438850932463657,0.04648067797749684,0.11217886252216892
2,3,35-39,50-54,0.0711229922525599,0.041326688756884083,0.10691483250582769
2,3,35-39,55-59,0.0468712488217803,0.020527524379322024,0.07636273120068741
2,3,35-39,60-64,0.051758602406685464,0.02242906962456383,0.08792390016025625
2,3,35-39,65-69,0.05080530305037669,0.016543201474982346,0.10131596261004677
2,3,35-39,70-74,0.03146089517981607,0.008922719258127284,0.06378737006544324
2,3,35-39,75+,0.048333344719669,0.012687561863311762,0.09653157382584916
2,3,40-44,0-4,0.0376376170488535,0.009734113069295287,0.07410243234285734
2,3,40-44,5-9,0.04577329706365564,0.01939797371591361,0.08116230668632539
2,3,40-44,10-14,0.05794062086891938,0.025310523733396848,0.10323340482845214
2,3,40-44,15-19,0.042906757886521485,0.018312626708460893,0.0754539526857188
2,3,40-44,20-24,0.06988128297789516,0.03252423760063165,0.11709344212174876
2,3,40-44,25-29,0.08065922855424185,0.04540927703443963,0.12380240305570195
2,3,40-44,30-34,0.13182514556735583,0.08599675836013149,0.18440711162200316
2,3,40-44,35-39,0.11185059270009676,0.06950014502529009,0.16016576840474356
2,3,40-44,40-44,0.1505219845720701,0.09957008769312707,0.21198696809097897
2,3,40-44,45-49,0.09848784865837137,0.05758208941285815,0.14578220121701285
2,3,40-44,50-54,0.08859963509027247,0.05349084405116967,0.13010284249686094
2,3,40-44,55-59,0.08844882625961344,0.05108699229849328,0.13278471895964092
2,3,40-44,60-64,0.07101494237891155,0.03319547782434201,0.12235347548837601
2,3,40-44,65-69,0.05140730845402904,0.017615696599171688,0.10405578445335092
2,3,40-44,70-74,0.03166633778775762,0.006327796543089839,0.0768568319531938
2,3,40-44,75+,0.03605924200427361,0.006664473684211659,0.0819775935868421
2,3,45-49,0-4,0.041512357229185615,0.011193065010947315,0.08562954465695778
2,3,45-49,5-9,0.03687432429236069,0.011020440993113268,0.07021710864028596
2,3,45-49,10-14,0.05898058267564541,0.023345092227797334,0.11202910200174344
2,3,45-49,15-19,0.06134569775974784,0.02904748541311687,0.10707762314150766
2,3,45-49,20-24,0.06667345242648601,0.030963875404183723,0.11343905463516471
2,3,45-49,25-29,0.06901580874943891,0.036758097631915856,0.1106348150956933
2,3,45-49,30-34,0.08747947931273257,0.050308262675101044,0.12769166541431745
2,3,45-49,35-39,0.08634147861490825,0.04893892370514257,0.13394062924993838
2,3,45-49,40-44,0.11357838102596766,0.06630306934017428,0.17484439592039225
2,3,45-49,45-49,0.09213956218891467,0.05237838268656339,0.1396312049894759
2,3,45-49,50-54,0.09184979773347404,0.053744379831275335,0.1409356681585904
2,3,45-49,55-59,0.0734530704453794,0.035102211599586416,0.11822637329490654
2,3,45-49,60-64,0.05373966395131645,0.022958044001104645,0.09158256549642071
2,3,45-49,65-69,0.03706026694146787,0.011228903399129,0.09245338792571554
2,3,45-49,70-74,0.024572989219530286,0.006286396460484333,0.05285054721238913
2,3,45-49,75+,0.051944175199719986,0.01712041720637847,0.09859394937872312
2,3,50-54,0-4,0.06195646375160004,0.019226828219601994,0.12425015555990922
2,3,50-54,5-9,0.01661683875596407,0.0032406522868107237,0.032999584575296115
2,3,50-54,10-14,0.026035969021761186,0.007244385339036037,0.050193977400253206
2,3,50-54,15-19,0.050843195241739775,0.020244701013048507,0.10380644446384647
2,3,50-54,20-24,0.0570439779163399,0.025968330490391895,0.0976105089333101
2,3,50-54,25-29,0.06872686135783283,0.03691769741400057,0.10756121200367698
2,3,50-54,30-34,0.09759701532691609,0.05771398932387808,0.14207590107817
2,3,50-54,35-39,0.0790044236605726,0.045907414919889054,0.11802725677050496
2,3,50-54,40-44,0.09900210953144405,0.06084107922277936,0.14644815199373887
2,3,50-54,45-49,0.08809824390233459,0.05215813159502929,0.13152234374190058
2,3,50-54,50-54,0.10831649702366093,0.07006931845120686,0.15185229103187362
2,3,50-54,55-59,0.09104774212780993,0.05199685036959549,0.14019640040660028
2,3,50-54,60-64,0.0790761627959471,0.03951045790802626,0.12954157814856682
2,3,50-54,65-69,0.030711786077747043,0.009806081405114252,0.057330737236024595
2,3,50-54,70-74,0.021207400574742855,0.005878151261997542,0.0410907513488709
2,3,50-54,75+,0.05321576736950144,0.021211752905990165,0.0953579638390581
2,3,55-59,0-4,0.03330587013634356,0.007808027195569583,0.07930895885124263
2,3,55-59,5-9,0.020011940898863944,0.003292256923096285,0.05044499197765264
2,3,55-59,10-14,0.023476927837558823,0.005959839877118925,0.051212453575877774
2,3,55-59,15-19,0.02922502726612604,0.007410811623969434,0.0720411384454687
2,3,55-59,20-24,0.030641511262462902,0.009005183055991996,0.05590110995629775
2,3,55-59,25-29,0.05417127247333708,0.022256341255028,0.09073864394411235
2,3,55-59,30-34,0.07697057925947219,0.04240241035264626,0.11960707277937317
2,3,55-59,35-39,0.056358083539803934,0.026189657965932166,0.09459597014168925
2,3,55-59,40-44,0.09013915461855174,0.0498298133125901,0.13692110252901535
2,3,55-59,45-49,0.07427877785315394,0.03959035403737292,0.12345985805395729
2,3,55-59,50-54,0.08025824883495773,0.043503543450693294,0.1262012532308641
2,3,55-59,55-59,0.0800512453990334,0.04293710917531151,0.1286711631821382
2,3,55-59,60-64,0.07817022431829578,0.03721896482265927,0.1263416970095414
2,3,55-59,65-69,0.0419574670461519,0.011171973931496047,0.08397504075313508
2,3,55-59,70-74,0.04079126297439862,0.007484743138878414,0.09365877827602949
2,3,55-59,75+,0.08396727921489634,0.03424445719966396,0.15263018403716636
2,3,60-64,0-4,0.034352581020707346,0.00393700787416575,0.08463487111694133
2,3,60-64,5-9,0.034175858586596726,0.006270325663763035,0.0828977936283691
2,3,60-64,10-14,0.022634262833871696,0.003396321527065761,0.057999280660211726
2,3,60-64,15-19,0.025572376675693204,0.00394516082336763,0.056815878477656116
2,3,60-64,20-24,0.041146320794634,0.016583709208052168,0.07329526786157432
2,3,60-64,25-29,0.04759549068778762,0.019521957695007745,0.08339856710433044
2,3,60-64,30-34,0.07972358353444668,0.04168961716133777,0.12715000870782445
2,3,60-64,35-39,0.06657871076782657,0.032989671143553966,0.10991146706368532
2,3,60-64,40-44,0.08888635712707824,0.04709306837706117,0.1434330117627982
2,3,60-64,45-49,0.05655876249628955,0.027462939559528516,0.09526502228231992
2,3,60-64,50-54,0.0768178109428163,0.039993544591564435,0.12251817868575861
2,3,60-64,55-59,0.097139575080915,0.053667554651072764,0.15238965607138139
2,3,60-64,60-64,0.08831740031370643,0.04686431644729212,0.14300346328168903
2,3,60-64,65-69,0.05213377405481565,0.019843959781903488,0.09378608573233796
2,3,60-64,70-74,0.026851921910772007,0.006939974961480165,0.053242147182807446
2,3,60-64,75+,0.06139184595556903,0.022896723766398414,0.11717190855971794
2,3,65-69,0-4,0.05115908505297741,0.009199424226192998,0.11254147211432697
2,3,65-69,5-9,0.05094251530224053,0.01016060701139725,0.10719244361997107
2,3,65-69,10-14,0.026412898059560146,0.004482588870243873,0.05700854394271345
2,3,65-69,15-19,0.040366424408234645,0.00434782608732896,0.13131133718507582
2,3,65-69,20-24,0.029161136608532524,0.004346889055837714,0.06940824196257726
2,3,65-69,25-29,0.04604059767171155,0.010006726388274535,0.10434384329665859
2,3,65-69,30-34,0.10554603241741525,0.04383397043105994,0.18702293938283998
2,3,65-69,35-39,0.08004312519363704,0.024491074271478976,0.17032402004104927
2,3,65-69,40-44,0.08417972970360364,0.0306159034032213,0.16982827397227632
2,3,65-69,45-49,0.05502664431915697,0.015233712042391491,0.1267385162696983
2,3,65-69,50-54,0.04044906824672887,0.012811085196639873,0.07419648324470304
2,3,65-69,55-59,0.056609708907314676,0.014573533660028424,0.1149663438284988
2,3,65-69,60-64,0.05210993385630007,0.01639051636146994,0.09857010805300037
2,3,65-69,65-69,0.09855565084965892,0.032408864420396186,0.2011302729542102
2,3,65-69,70-74,0.06857765811080341,0.023585189531138587,0.14125793228666705
2,3,65-69,75+,0.12564029644498625,0.050619336331341136,0.2340381575805098
2,3,70-74,0-4,0.053303312345045685,0.005807493543863823,0.1374823259903596
2,3,70-74,5-9,0.0321489383004743,0.004957381474749149,0.07359619412139959
2,3,70-74,10-14,0.03229454011237529,0.0048055508561322185,0.08210784202064042
2,3,70-74,15-19,0.03539193285649966,0.004664059218511043,0.0923030912833841
2,3,70-74,20-24,0.03124616090277296,0,0.10835581293394533
2,3,70-74,25-29,0.040420967848816346,0.005743897714302607,0.10526939447672028
2,3,70-74,30-34,0.04863974416637756,0.010903525135271533,0.10065325323823804
2,3,70-74,35-39,0.03985404998409542,0.005653982944743041,0.09292214029482808
2,3,70-74,40-44,0.06034076787034434,0.011366686601510412,0.14234025738240852
2,3,70-74,45-49,0.03822145460351527,0.009126587862337195,0.08442653241364899
2,3,70-74,50-54,0.030042433437075394,0.005344203032142712,0.061460006920226455
2,3,70-74,55-59,0.05808673435575133,0.013398578488125942,0.12447911705259682
2,3,70-74,60-64,0.034511922208128244,0.005415740578044665,0.07176654026752557
2,3,70-74,65-69,0.06505355578944767,0.01795375218075035,0.13139918790445773
2,3,70-74,70-74,0.07928087654749116,0.030267934042041724,0.1502508440380743
2,3,70-74,75+,0.14574892173674034,0.05994495662560435,0.25765821298542246
2,3,75+,0-4,0.024301651924491272,0,0.05892533709886287
2,3,75+,5-9,0.021475544118907838,0.002989201232111747,0.0492125769131234
2,3,75+,10-14,0.023166687523105644,0.004753030162135216,0.05061438739342117
2,3,75+,15-19,0.030307236272753182,0.004742503949099076,0.07854026322677499
2,3,75+,20-24,0.02674496268364462,0.003346503983862965,0.07083296392141003
2,3,75+,25-29,0.025860799012740146,0.003404216422857584,0.06191376770807652
2,3,75+,30-34,0.04928538921031994,0.013223140252678163,0.09531513350939928
2,3,75+,35-39,0.03047259634174494,0.00552568715991397,0.06532915832061235
2,3,75+,40-44,0.03101109588744942,0.0056006358937326795,0.06840342094519639
2,3,75+,45-49,0.029488185784513708,0.008233039937947202,0.060771310727675845
2,3,75+,50-54,0.036809498301003045,0.012712815909467127,0.07020485671755528
2,3,75+,55-59,0.046336872156469644,0.014704881594616314,0.08817257579277435
2,3,75+,60-64,0.0406469197983058,0.014009640811825649,0.07771780629714145
2,3,75+,65-69,0.05391105710488731,0.017220839747075264,0.10932320647587358
2,3,75+,70-74,0.06999096736181973,0.028163823966040853,0.12767144799289906
2,3,75+,75+,0.2120164325574651,0.10839708817830018,0.3314866102187089
2,4,0-4,0-4,0.33879012747647647,0.19612229502964296,0.49662511891891314
2,4,0-4,5-9,0.17461045675296674,0.10098067932199259,0.2778931375984379
2,4,0-4,10-14,0.06394856850199494,0.028251445018078986,0.1126179571822686
2,4,0-4,15-19,0.06534494477779938,0.02745115150015471,0.1148353341376681
2,4,0-4,20-24,0.06508373427419904,0.01777277050288091,0.13561020925327782
2,4,0-4,25-29,0.06627425496049684,0.02368057922949268,0.12102071444231188
2,4,0-4,30-34,0.10042184502520833,0.04613668917087452,0.1714674681394742
2,4,0-4,35-39,0.07702979547009113,0.03588435405755099,0.12923945891977243
2,4,0-4,40-44,0.052217725786685744,0.017254708237145915,0.09793478735860957
2,4,0-4,45-49,0.0438651420588402,0.012566446037595175,0.09001564884659853
2,4,0-4,50-54,0.07377837677305954,0.02420505565270802,0.15245507798656896
2,4,0-4,55-59,0.04686874857716319,0.009849431150995255,0.11466239944582458
2,4,0-4,60-64,0.0506313235346301,0.01133384205252706,0.11956669530241396
2,4,0-4,65-69,0.05324745550991361,0.011647987118143471,0.12143493365129936
2,4,0-4,70-74,0.05241240266421502,0.010414822333245144,0.10915798471307381
2,4,0-4,75+,0.04804009073074966,0.00744973051913686,0.10688511409902501
2,4,5-9,0-4,0.14825386602318696,0.07760474550745346,0.24191109132616395
2,4,5-9,5-9,0.7503096052482292,0.5621489885195147,0.9569340682788432
2,4,5-9,10-14,0.1654700483168687,0.10414540994776919,0.23601153160563348
2,4,5-9,15-19,0.07377592556184398,0.037271673516060505,0.12379178268762028
2,4,5-9,20-24,0.08309294910499232,0.02966953691652314,0.17461344182116198
2,4,5-9,25-29,0.07329378126058976,0.039859131386964584,0.11555818886289662
2,4,5-9,30-34,0.07577827325824044,0.03593026659405032,0.141186886969652
2,4,5-9,35-39,0.06637792303716038,0.034053927619919246,0.10699879076679879
2,4,5-9,40-44,0.05236095287055095,0.02305132513363394,0.09061935032322238
2,4,5-9,45-49,0.03979487363382591,0.014911701849029055,0.07407407208065644
2,4,5-9,50-54,0.02530352790526992,0.006976922121256566,0.05277413795865172
2,4,5-9,55-59,0.016277880008696566,0,0.04250363582156664
2,4,5-9,60-64,0.0309925383212437,0.004525145141265195,0.08378749112526901
2,4,5-9,65-69,0.059540635576422085,0.020580187276062336,0.11277155844425509
2,4,5-9,70-74,0.026358774299363768,0.006368418932451943,0.05391676876906544
2,4,5-9,75+,0.04402898624371346,0.011976175489964977,0.09267579455763865
2,4,10-14,0-4,0.04887571126427939,0.019822641926719935,0.0873089730288639
2,4,10-14,5-9,0.1812376274689105,0.11669221617545276,0.2529824747264988
2,4,10-14,10-14,0.9346362223816413,0.665142591639284,1.226211667457881
2,4,10-14,15-19,0.12922415524738184,0.0782320442439549,0.19826153974192012
2,4,10-14,20-24,0.041425961578159844,0.008930936989694084,0.09391795602312047
2,4,10-14,25-29,0.033480446677893044,0.012818044842983635,0.05844524185465194
2,4,10-14,30-34,0.0495033124624543,0.019765681823559825,0.09463884135702776
2,4,10-14,35-39,0.06604860079061607,0.031725787544549036,0.11237992914329932
2,4,10-14,40-44,0.06908066542674579,0.028331917912891337,0.13501298919278695
2,4,10-14,45-49,0.05074545073698287,0.020080303462542963,0.09475564304136394
2,4,10-14,50-54,0.034072802219020676,0.009653192290747917,0.0753974466702435
2,4,10-14,55-59,0.017246507702851674,0.0029065566609654428,0.041744802297234714
2,4,10-14,60-64,0.024120337784490055,0.003923668748384268,0.05498109443657977
2,4,10-14,65-69,0.024056589306991095,0.005881492949531245,0.05251282955363198
2,4,10-14,70-74,0.022493071995646173,0.0035711900441183783,0.04674450318365974
2,4,10-14,75+,0.031457948757544776,0.008425805971871859,0.0668611994711804
2,4,15-19,0-4,0.0727404900870854,0.036027705512463266,0.11814068633144861
2,4,15-19,5-9,0.056164352667105094,0.024487323562654137,0.09284260881059085
2,4,15-19,10-14,0.10013464794056626,0.05675873380850278,0.1504932953124078
2,4,15-19,15-19,0.5359802779324324,0.3571669510156144,0.7371047007742326
2,4,15-19,20-24,0.09717781405237269,0.04322355782612931,0.1782122279474689
2,4,15-19,25-29,0.06048681983192775,0.02901334090269839,0.10237148080766927
2,4,15-19,30-34,0.07595596284675696,0.04129200118629181,0.12232769511404386
2,4,15-19,35-39,0.062485304340543196,0.03321360449656074,0.10069902792818478
2,4,15-19,40-44,0.05968811317327223,0.025297299584113777,0.10581578344214125
2,4,15-19,45-49,0.06952200826493202,0.03165956216790616,0.11812878059418988
2,4,15-19,50-54,0.058355152146497224,0.021243713631931765,0.11675865999055844
2,4,15-19,55-59,0.031438616981824465,0.007875790558738376,0.06747508024022554
2,4,15-19,60-64,0.025395668846088803,0.00391279650490135,0.06003732351359901
2,4,15-19,65-69,0.03914941377894119,0.01006565718869611,0.08287998707624523
2,4,15-19,70-74,0.03422512539459026,0.007235507135972633,0.0778120037592089
2,4,15-19,75+,0.06340943528031967,0.018394753739816555,0.13540271884159974
2,4,20-24,0-4,0.04701168690873517,0.014416598716264205,0.09421792811576002
2,4,20-24,5-9,0.06356523370752687,0.024680823640288816,0.11384154076918424
2,4,20-24,10-14,0.05045224185533673,0.017275208009185458,0.10284108603110016
2,4,20-24,15-19,0.09381612011720139,0.03805029132121593,0.16413482525198375
2,4,20-24,20-24,0.21537752660443896,0.11831796673016864,0.3505400937467726
2,4,20-24,25-29,0.16033881785256146,0.0904946990616305,0.24925964588272498
2,4,20-24,30-34,0.11933190545716094,0.06371624005973678,0.1850597906145451
2,4,20-24,35-39,0.07929534956124745,0.03699686175320798,0.1327276243011937
2,4,20-24,40-44,0.08568950669809147,0.04041059522602778,0.14965570008871096
2,4,20-24,45-49,0.06563667366054654,0.02898196520155067,0.11868331204776587
2,4,20-24,50-54,0.05401538068714754,0.021735062733911483,0.09522173648067636
2,4,20-24,55-59,0.03299889026889634,0.012166122474485126,0.059929216494683225
2,4,20-24,60-64,0.032963224325447155,0.011712972395932622,0.06162759479402079
2,4,20-24,65-69,0.031397409286481374,0.00458611342785655,0.07463091340983992
2,4,20-24,70-74,0.08432676475045292,0.009257436051729902,0.24962733975494195
2,4,20-24,75+,0.10107497889263674,0.018000656201857923,0.23099770189649596
2,4,25-29,0-4,0.05157900327095812,0.0173857154870185,0.09640405591870713
2,4,25-29,5-9,0.058878018511694136,0.029044095570812615,0.0931477539700002
2,4,25-29,10-14,0.03399100066033579,0.014717139394785434,0.06231059973207925
2,4,25-29,15-19,0.05693511227476247,0.02842574450826175,0.09204042940470195
2,4,25-29,20-24,0.1162524731996633,0.0676332809235308,0.17755806976221833
2,4,25-29,25-29,0.1808063060747908,0.12149043885265128,0.25063453851165335
2,4,25-29,30-34,0.16924183679983382,0.11146849683428338,0.23487299759954425
2,4,25-29,35-39,0.10089564347028261,0.06035703262440261,0.14573290100678216
2,4,25-29,40-44,0.07033462061435851,0.03777127456862659,0.10725806278296149
2,4,25-29,45-49,0.06111393530571133,0.03257291838637242,0.09252409899360052
2,4,25-29,50-54,0.05503027091829822,0.028285752134606996,0.08676575437142296
2,4,25-29,55-59,0.044666829636298595,0.020453754914677328,0.07336422302792442
2,4,25-29,60-64,0.03427700663452634,0.013126039056987723,0.05990898474504244
2,4,25-29,65-69,0.039612394759719845,0.011921009717139048,0.07737924893904821
2,4,25-29,70-74,0.020610377924996925,0.005040400597976754,0.04307580284324177
2,4,25-29,75+,0.028881055399959405,0.00648403933147611,0.06511581850807029
2,4,30-34,0-4,0.07745444679581069,0.0346729016600978,0.1352265821437835
2,4,30-34,5-9,0.06746540729126146,0.032977240845568655,0.1152643315391008
2,4,30-34,10-14,0.05376429799001128,0.022788558998019515,0.10064697056681883
2,4,30-34,15-19,0.06360238856505757,0.03200649582104208,0.10319496018330156
2,4,30-34,20-24,0.08590881029866815,0.04900464103978833,0.13423909581188742
2,4,30-34,25-29,0.14855505547984468,0.09893648886539558,0.2047894360473923
2,4,30-34,30-34,0.17954159733886277,0.12452524428534789,0.24128268989380486
2,4,30-34,35-39,0.12083837347890554,0.08122660349872915,0.16864661258074065
2,4,30-34,40-44,0.10461325881450513,0.06742278107528815,0.1495881458356838
2,4,30-34,45-49,0.06784778629018441,0.04002496740473412,0.10054604455469211
2,4,30-34,50-54,0.07995748672303539,0.04707782492572213,0.11527897028620994
2,4,30-34,55-59,0.05183964783369144,0.02501982561668272,0.08149010120646613
2,4,30-34,60-64,0.04972174271047277,0.023204506048895276,0.08429725966788741
2,4,30-34,65-69,0.05323936357177566,0.018520932961071372,0.1002726267865054
2,4,30-34,70-74,0.04349374040010064,0.015383385094445331,0.08295387990610839
2,4,30-34,75+,0.057900921565420295,0.01881883168531917,0.10640851530368498
2,4,35-39,0-4,0.05250708504495407,0.021130356968640827,0.09451483513005424
2,4,35-39,5-9,0.054690728167923745,0.028164070803572732,0.0880531037701547
2,4,35-39,10-14,0.05175876583494468,0.02164754167559889,0.09415898164955684
2,4,35-39,15-19,0.04030748099338249,0.01639238420108649,0.07068149936432169
2,4,35-39,20-24,0.061383342781045916,0.029400775867413492,0.10187141466706406
2,4,35-39,25-29,0.08888672633273872,0.0524995568811203,0.13193159117794687
2,4,35-39,30-34,0.12684666738266795,0.08198242616442165,0.18094391291424927
2,4,35-39,35-39,0.11799895825973859,0.07479770734380703,0.16897951102113185
2,4,35-39,40-44,0.0947833238895508,0.05743307479712125,0.13790640763140954
2,4,35-39,45-49,0.06832234668548812,0.035684900989507856,0.1042454166597959
2,4,35-39,50-54,0.06504692773867296,0.03495034379887466,0.09943869897816987
2,4,35-39,55-59,0.04157882426186672,0.01891062987981085,0.07001807065040841
2,4,35-39,60-64,0.03749027965117334,0.015429865494536413,0.06539014612505845
2,4,35-39,65-69,0.04149905224662302,0.012266907767513218,0.08604663994088713
2,4,35-39,70-74,0.03209280015808335,0.008589298627761921,0.06704077760804737
2,4,35-39,75+,0.04299423935101466,0.012044749819579913,0.089322827851486
2,4,40-44,0-4,0.037867502111896864,0.009866769125110414,0.07722295220535098
2,4,40-44,5-9,0.05354248312612118,0.023814352937633072,0.0953435214007197
2,4,40-44,10-14,0.08181995218638637,0.038030566972510726,0.1426098135036721
2,4,40-44,15-19,0.03771995767226917,0.015231494667968906,0.06728997109091027
2,4,40-44,20-24,0.06422967130949246,0.028879673920521563,0.11046983096082999
2,4,40-44,25-29,0.06662853011448984,0.03394481167255713,0.10606063025262001
2,4,40-44,30-34,0.11478796843376032,0.06902359844979626,0.16484964801904262
2,4,40-44,35-39,0.10113108753752185,0.059668062175614496,0.14821318874706862
2,4,40-44,40-44,0.13421612308479008,0.08360631864543751,0.19677000316594395
2,4,40-44,45-49,0.10077206243118024,0.061953835735056854,0.15238884493972588
2,4,40-44,50-54,0.09078287467703793,0.05469824114052648,0.1323680775586139
2,4,40-44,55-59,0.07954425784630921,0.04264960231326856,0.1209984329341283
2,4,40-44,60-64,0.05626754236991525,0.026885992959263683,0.09276526759291354
2,4,40-44,65-69,0.05025148972646595,0.016260308989689585,0.10781898589577425
2,4,40-44,70-74,0.041678456854127036,0.012339480483423693,0.09361703910786683
2,4,40-44,75+,0.03571107060782877,0.006801571981625913,0.0771085058040367
2,4,45-49,0-4,0.046070913285335705,0.011984050730965246,0.09593112335427946
2,4,45-49,5-9,0.03052727420198714,0.010100251124981223,0.05832262991718904
2,4,45-49,10-14,0.061019941649198946,0.024726499050502945,0.10976333535671279
2,4,45-49,15-19,0.058843129298000715,0.024247953667430645,0.10719438445543646
2,4,45-49,20-24,0.0528475317451295,0.022345844445139464,0.09402728609057806
2,4,45-49,25-29,0.05940409391291552,0.029832529138460327,0.09727495065738972
2,4,45-49,30-34,0.07078147102111396,0.03819655941235009,0.10987811108607688
2,4,45-49,35-39,0.07747551921840051,0.04370021806459877,0.12154485426957737
2,4,45-49,40-44,0.09993060723889748,0.055495537904560015,0.1541114831808166
2,4,45-49,45-49,0.08690923905079491,0.05061405578497784,0.13114518332956848
2,4,45-49,50-54,0.09130133803635031,0.05451376127372493,0.13774144932554824
2,4,45-49,55-59,0.06402637074545696,0.03327744987375191,0.10172737343682176
2,4,45-49,60-64,0.0471412742485933,0.021282156395059745,0.08478467946317153
2,4,45-49,65-69,0.034115198440456115,0.01020268821381881,0.07875393093771976
2,4,45-49,70-74,0.031270949233913284,0.009694241297074191,0.061266991407384695
2,4,45-49,75+,0.057368869268887214,0.01789256099654696,0.10759105593252341
2,4,50-54,0-4,0.0477336820522091,0.014726027385322945,0.10199803939690257
2,4,50-54,5-9,0.023553962421014353,0.006078613188297099,0.047316264372558745
2,4,50-54,10-14,0.023027319003540356,0.006535831020678561,0.04533008209821708
2,4,50-54,15-19,0.042774978701182645,0.014244929249793228,0.08543545858546016
2,4,50-54,20-24,0.04781193516166438,0.021064214383041444,0.08232723662213351
2,4,50-54,25-29,0.05862147639767649,0.02852498807653534,0.09124602053246303
2,4,50-54,30-34,0.08809477437169265,0.051081697298149716,0.12558737295284284
2,4,50-54,35-39,0.07310867863872955,0.04140219752835372,0.1069636251938781
2,4,50-54,40-44,0.08895221470275612,0.053847239823229455,0.12936830251078282
2,4,50-54,45-49,0.09000004531391835,0.054908850090671854,0.13287103351597365
2,4,50-54,50-54,0.10538114985994829,0.06704529285302639,0.1526952458340893
2,4,50-54,55-59,0.0722944093175761,0.03723949698738504,0.11315330652408429
2,4,50-54,60-64,0.06584719168767006,0.036355552993338106,0.10714374739140664
2,4,50-54,65-69,0.02973338929180524,0.010713389653232446,0.05419087887853317
2,4,50-54,70-74,0.029220207408284807,0.009542550095890763,0.052680129443033366
2,4,50-54,75+,0.05495774273123031,0.02201256817717269,0.09983559700438585
2,4,55-59,0-4,0.03363115345489787,0.007996851219553309,0.08958208711883955
2,4,55-59,5-9,0.01774418489320291,0.0033169090135672986,0.043281739689061446
2,4,55-59,10-14,0.022395740277929784,0.004097527656031242,0.05183807875392368
2,4,55-59,15-19,0.022226669297796986,0.003907143705276386,0.055510989689747846
2,4,55-59,20-24,0.026702080040530242,0.007874047918318939,0.05159895990301374
2,4,55-59,25-29,0.04746099204844143,0.02015072523358928,0.08224085100762728
2,4,55-59,30-34,0.062137768891224014,0.02852525128179998,0.10206724391182212
2,4,55-59,35-39,0.04671026567650776,0.01929120814036482,0.08133456665897129
2,4,55-59,40-44,0.07319968143306187,0.038929965579391886,0.11738531655899519
2,4,55-59,45-49,0.07083231308024777,0.036928529362965125,0.11025761251567175
2,4,55-59,50-54,0.0744770409468903,0.039348514033958455,0.12158528267951399
2,4,55-59,55-59,0.07966833165109438,0.03799276072286864,0.1261139323540264
2,4,55-59,60-64,0.07680577177372735,0.03664969651032188,0.12318329526450775
2,4,55-59,65-69,0.03085213115981262,0.004545454545454545,0.0645206212579119
2,4,55-59,70-74,0.03907485054949588,0.010265002422985881,0.0795106571663146
2,4,55-59,75+,0.06720035865536772,0.02478808897740971,0.12733029828598766
2,4,60-64,0-4,0.03426199890940073,0.0038744896148995987,0.09113706002801225
2,4,60-64,5-9,0.032467610152670294,0.0042346617176541625,0.07911150132710155
2,4,60-64,10-14,0.025132330807561207,0.0037470478799915196,0.06122977594665859
2,4,60-64,15-19,0.02103543044019536,0.003661185604359895,0.048290390054912535
2,4,60-64,20-24,0.04034184948955972,0.013583367918713396,0.07533692380198409
2,4,60-64,25-29,0.039858635391207375,0.015500670251556643,0.07150322218873545
2,4,60-64,30-34,0.06265467931963878,0.031506371045528725,0.1051368620248202
2,4,60-64,35-39,0.06397628074358848,0.030717640924819954,0.10373394259858496
2,4,60-64,40-44,0.07865383535911147,0.03734868536125042,0.13085450149742073
2,4,60-64,45-49,0.056011231332690446,0.02573753327258166,0.09458874994625327
2,4,60-64,50-54,0.07361321405707454,0.03728680607613954,0.12403365818225226
2,4,60-64,55-59,0.09098473744036242,0.04846959486110891,0.14209374100932343
2,4,60-64,60-64,0.08105818930417097,0.04236977409555158,0.13156269413051036
2,4,60-64,65-69,0.04341623064990925,0.015058386833663761,0.07876204920796197
2,4,60-64,70-74,0.03238037395862484,0.008262769275370379,0.06411146300419743
2,4,60-64,75+,0.0628799356561514,0.02317629988532039,0.11487171598726711
2,4,65-69,0-4,0.04218453568916384,0.0052591299678282745,0.10062621428394616
2,4,65-69,5-9,0.04246706361451168,0.008488987033594323,0.09381343188506096
2,4,65-69,10-14,0.03301223845209904,0.007468541191064734,0.06979543740333394
2,4,65-69,15-19,0.0562062647196412,0.004423401655004471,0.17929459764872197
2,4,65-69,20-24,0.021296942344431916,0,0.054078062968454486
2,4,65-69,25-29,0.044799686605526946,0.010041184645323234,0.10512711618797267
2,4,65-69,30-34,0.07948698048680788,0.02636350360090377,0.1527692875148663
2,4,65-69,35-39,0.07890304542059069,0.025257004495223296,0.1624785505077128
2,4,65-69,40-44,0.062454974909256666,0.021319549572031273,0.12582372697758998
2,4,65-69,45-49,0.04396009080614591,0.011231234457488483,0.10087660029680788
2,4,65-69,50-54,0.0405096402388642,0.010201339719369342,0.07755856517600991
2,4,65-69,55-59,0.04288190598627657,0.010415354862490529,0.08711934940098978
2,4,65-69,60-64,0.05554041953740172,0.019895714843700025,0.10384379735934288
2,4,65-69,65-69,0.09969665155347592,0.029383783608083205,0.20683486926180947
2,4,65-69,70-74,0.07714538428474584,0.026431757486738008,0.15170213991497672
2,4,65-69,75+,0.10973166814470953,0.03930421381891705,0.21450600375507792
2,4,70-74,0-4,0.04860670610194804,0.0053163785483941375,0.11697102646736122
2,4,70-74,5-9,0.02402877027626699,0,0.061959348849333434
2,4,70-74,10-14,0.03280381121985014,0.004817533424754958,0.08120269503624401
2,4,70-74,15-19,0.0419485242408255,0,0.11200306830502998
2,4,70-74,20-24,0.03189059116921214,0,0.07799355433383058
2,4,70-74,25-29,0.030848095795359565,0.004503499035155312,0.08075829748687247
2,4,70-74,30-34,0.03693197493448767,0.00543478260869565,0.0821671271353864
2,4,70-74,35-39,0.03522475302053437,0.0051545776119680305,0.08227347130597194
2,4,70-74,40-44,0.050807342144190665,0.011578924216573477,0.11465845890935895
2,4,70-74,45-49,0.03413002786059078,0.008727335764154284,0.07422969413486091
2,4,70-74,50-54,0.03257493315174732,0.009433085434929,0.064441978870731
2,4,70-74,55-59,0.03236885612145123,0.005426316101388336,0.07306487203477503
2,4,70-74,60-64,0.03268522731275611,0.005813230331884493,0.0684403334527727
2,4,70-74,65-69,0.06580369976573167,0.02221993340355468,0.13798254654461437
2,4,70-74,70-74,0.09820677952569834,0.0385758584523771,0.18054553880038704
2,4,70-74,75+,0.1309526694400361,0.05258604840686069,0.22942575413034294
2,4,75+,0-4,0.024256917749038407,0.004077905845437647,0.05608108898660906
2,4,75+,5-9,0.017369319796934162,0.002396655703658534,0.040887466851122066
2,4,75+,10-14,0.021709392326696306,0.004930927630765014,0.04718336375668941
2,4,75+,15-19,0.03223693058792692,0.002799593291990819,0.0823292375068709
2,4,75+,20-24,0.027134123703952913,0.0037120239020513395,0.06459929550470377
2,4,75+,25-29,0.024470076628976548,0.0030279662525962473,0.05842313713620289
2,4,75+,30-34,0.03863874625306997,0.008958952681644539,0.08133567697178126
2,4,75+,35-39,0.030991133672500448,0.005850831333001203,0.06829429788724051
2,4,75+,40-44,0.02335746163312586,0.002759327668817217,0.05489695800977957
2,4,75+,45-49,0.027996952100126395,0.006795884315355191,0.05807266716269539
2,4,75+,50-54,0.03818245327592047,0.012258360354397623,0.07426509697487069
2,4,75+,55-59,0.040877729742481585,0.010057370068351347,0.08369614874326059
2,4,75+,60-64,0.031392798096686415,0.008227905152580046,0.06637540290462735
2,4,75+,65-69,0.05315717621734349,0.01705245679053251,0.10498438752074732
2,4,75+,70-74,0.07824350698413728,0.031428796960235,0.1374865215181726
2,4,75+,75+,0.19801102737185622,0.10211773825240943,0.31452941676786317
2,5,0-4,0-4,0.20348982588173917,0.10781229086708809,0.3162789903919227
2,5,0-4,5-9,0.1563036804027337,0.08693645186182941,0.23882418451360937
2,5,0-4,10-14,0.06334034420479026,0.026794599174019256,0.10760571266993467
2,5,0-4,15-19,0.06231908150356101,0.02409145137730353,0.11757969058309835
2,5,0-4,20-24,0.05803959806376413,0.012808058644727918,0.12887034003165593
2,5,0-4,25-29,0.0511663953663182,0.018273488248674093,0.09393491588823076
2,5,0-4,30-34,0.08001592273853717,0.03080106430731777,0.1460225203732643
2,5,0-4,35-39,0.08364569527167921,0.034356339050597824,0.1420080302314865
2,5,0-4,40-44,0.06273919097916503,0.020394909016941805,0.11915040133404446
2,5,0-4,45-49,0.058300393140460614,0.016072138549291553,0.11272370070706779
2,5,0-4,50-54,0.06746510133336885,0.02049468107741324,0.12944172422251302
2,5,0-4,55-59,0.04032823192064412,0.006576811346554279,0.1160120276300577
2,5,0-4,60-64,0.055618746411495404,0.011627768207307786,0.13347879184973907
2,5,0-4,65-69,0.04133135009933048,0.006664473684925975,0.10265975910573816
2,5,0-4,70-74,0.047198968841469686,0.010584609528904247,0.10191174779784586
2,5,0-4,75+,0.04005598052941733,0.006248070987738681,0.09578484495829982
2,5,5-9,0-4,0.10723293579975064,0.05231971655204456,0.1806860492744483
2,5,5-9,5-9,0.6638372208657822,0.48869479971274843,0.8478799824436998
2,5,5-9,10-14,0.19697956285770282,0.12349567762707463,0.2905494785882453
2,5,5-9,15-19,0.07553338106800264,0.0354468476108456,0.1269204602317934
2,5,5-9,20-24,0.10052269187255343,0.03483771455626305,0.2167329719721103
2,5,5-9,25-29,0.05175013858376309,0.02578342079936923,0.08953865804263961
2,5,5-9,30-34,0.064752790915503,0.023404722059906242,0.13279204296331382
2,5,5-9,35-39,0.07276550564901728,0.03680872713552534,0.11473541613552272
2,5,5-9,40-44,0.041894986296518354,0.015333158160718518,0.07957180288819216
2,5,5-9,45-49,0.04640588523005399,0.01557869500569355,0.09605609967983612
2,5,5-9,50-54,0.021330126141572474,0.0055513122293686205,0.04798156944018687
2,5,5-9,55-59,0.014614431884917256,0,0.04360871553927298
2,5,5-9,60-64,0.04912591840951871,0.006209274856019519,0.1286609707430979
2,5,5-9,65-69,0.05594679159190104,0.02026557141908662,0.10834165727118192
2,5,5-9,70-74,0.029082014035543648,0.006936396247776533,0.05898586032452267
2,5,5-9,75+,0.037821883448687664,0.010751252273080896,0.07477940668304633
2,5,10-14,0-4,0.030214365816405856,0.008238255090746228,0.058255548681199906
2,5,10-14,5-9,0.1817327527842657,0.11504913331701162,0.25469628022280133
2,5,10-14,10-14,0.8623645809525698,0.5987274272654196,1.1684251529779668
2,5,10-14,15-19,0.11644220041174044,0.06572588009479824,0.17956097289478207
2,5,10-14,20-24,0.04497283260936041,0.009780207129696706,0.0992529375187592
2,5,10-14,25-29,0.02453816132042581,0.006847001115658484,0.046608708289883
2,5,10-14,30-34,0.03512990571368989,0.012825401451190314,0.06718458960727218
2,5,10-14,35-39,0.06672204343346493,0.025370783600203593,0.12609595650628733
2,5,10-14,40-44,0.05364876372266239,0.02051472106017516,0.10723707828560725
2,5,10-14,45-49,0.05715928669998844,0.019919977580990438,0.10763201949547656
2,5,10-14,50-54,0.032671236560300375,0.008465414571864298,0.08501375786985536
2,5,10-14,55-59,0.01591015947456408,0.0027401477832512296,0.042794201777228584
2,5,10-14,60-64,0.02821688298296897,0.0032046178345389413,0.06773374450679105
2,5,10-14,65-69,0.023351441559307032,0.005681818182644903,0.048467141409706274
2,5,10-14,70-74,0.017559354614459854,0.0029757502113271334,0.038862800074641546
2,5,10-14,75+,0.027653383686058866,0.00584795321760145,0.06141284965827698
2,5,15-19,0-4,0.03959633875477464,0.01470055414178153,0.07143526231808625
2,5,15-19,5-9,0.050223392628469254,0.022655668096409006,0.08456339650808242
2,5,15-19,10-14,0.09902835155020587,0.05931690412439339,0.15227219721650778
2,5,15-19,15-19,0.5182750023704509,0.3388463606149357,0.7409745674955995
2,5,15-19,20-24,0.10519573764208238,0.046496924276719274,0.17512047287252058
2,5,15-19,25-29,0.04340783181052567,0.01734522926521237,0.0767523877648871
2,5,15-19,30-34,0.06178049592866071,0.027007671806819466,0.10511555489737286
2,5,15-19,35-39,0.055369934682679325,0.02418643999366277,0.094002637330017
2,5,15-19,40-44,0.054553381442160424,0.021619999580689057,0.10239814640392678
2,5,15-19,45-49,0.08124968180022853,0.033916917805598204,0.14607019716265304
2,5,15-19,50-54,0.055333703006418496,0.020991516558598503,0.11063644156999922
2,5,15-19,55-59,0.03067553950321531,0.006534886683532472,0.07653423722354519
2,5,15-19,60-64,0.029705233099330503,0.004643140124919937,0.06851934917371579
2,5,15-19,65-69,0.036777902813905784,0.007141590679404903,0.08064954526176152
2,5,15-19,70-74,0.02537414605000682,0.003620893125115831,0.060821936853358405
2,5,15-19,75+,0.05956942367439196,0.013322580646005597,0.12476306330207211
2,5,20-24,0-4,0.0336326958690773,0.005204387626300975,0.07457395038485076
2,5,20-24,5-9,0.0628139132090377,0.024535782662422786,0.11405321748451638
2,5,20-24,10-14,0.04782315479041973,0.017071796188102045,0.08888396801902643
2,5,20-24,15-19,0.1010551789269361,0.042984757034930904,0.1875875663638356
2,5,20-24,20-24,0.20922313027691394,0.11471277443885075,0.3230511976364094
2,5,20-24,25-29,0.11471560480744715,0.057520573770962424,0.1918007897105483
2,5,20-24,30-34,0.10336931127463783,0.054965404740592846,0.162328054976153
2,5,20-24,35-39,0.05693525064847751,0.02623427359838556,0.09610445742405527
2,5,20-24,40-44,0.06830588933519245,0.031620803493173436,0.11271714394580416
2,5,20-24,45-49,0.06242164579089563,0.02877751283085612,0.1062876591696785
2,5,20-24,50-54,0.056095484259681916,0.02251518005660283,0.0966476810336816
2,5,20-24,55-59,0.02690526707842548,0.007838919306241292,0.05235333463009921
2,5,20-24,60-64,0.032156897512150624,0.012028249938665945,0.060138483216277044
2,5,20-24,65-69,0.025356014531799073,0.0033806706415501417,0.0628180845486546
2,5,20-24,70-74,0.05899847009244863,0.0038112282588187497,0.199377933125571
2,5,20-24,75+,0.06425137891274767,0.013890174841525599,0.15805446702351647
2,5,25-29,0-4,0.03814667591584336,0.00937113521169652,0.0856340440148483
2,5,25-29,5-9,0.04586110357996842,0.021572447578304513,0.07392446144293723
2,5,25-29,10-14,0.04788883235556363,0.019103109648507578,0.08715132359110091
2,5,25-29,15-19,0.05124055778781602,0.02211652865351673,0.08589221252331722
2,5,25-29,20-24,0.11726326374051216,0.06518881961142588,0.19319471710373817
2,5,25-29,25-29,0.11924483391819211,0.07346117138922381,0.1693712550289354
2,5,25-29,30-34,0.14470318181684497,0.09203991971658225,0.2060348598429144
2,5,25-29,35-39,0.08125312598577687,0.048396683957004694,0.11828407670869559
2,5,25-29,40-44,0.07214047360672864,0.04108837718514925,0.11096965306767156
2,5,25-29,45-49,0.05448232620850323,0.02815917780522203,0.08829166355130362
2,5,25-29,50-54,0.05142363297185286,0.025575233454429025,0.08089796937522493
2,5,25-29,55-59,0.03405642520365035,0.01318188417989128,0.059749683051352
2,5,25-29,60-64,0.029558218679109776,0.010297347215135635,0.05547866233313217
2,5,25-29,65-69,0.024735400954885817,0.006374464193384922,0.05142963391926923
2,5,25-29,70-74,0.015630907853980743,0.002771544823307443,0.032449461242408016
2,5,25-29,75+,0.02930203220752778,0.00613496932541185,0.06111983774016145
2,5,30-34,0-4,0.05609493821739473,0.019783908842499056,0.10581268448621821
2,5,30-34,5-9,0.06329028122450234,0.030587608394362625,0.10913230742671048
2,5,30-34,10-14,0.05939365647692826,0.02280281228092435,0.11236975808955373
2,5,30-34,15-19,0.05356468532144991,0.025631654250318974,0.09108390264658195
2,5,30-34,20-24,0.08203377900475908,0.04174433446789582,0.12872754667868333
2,5,30-34,25-29,0.11965470231991357,0.07715080867240494,0.16658431228509699
2,5,30-34,30-34,0.15306353713430393,0.1050429306205695,0.2126540148124406
2,5,30-34,35-39,0.09721222649400284,0.06283254385104795,0.13987427887275847
2,5,30-34,40-44,0.09470316026740022,0.05793914394840563,0.1399612905794492
2,5,30-34,45-49,0.06758516456627107,0.03875518509616464,0.1038479738801669
2,5,30-34,50-54,0.07094498843497098,0.04011342935303663,0.10584223491223296
2,5,30-34,55-59,0.04655105497467015,0.02194978165086434,0.07542868467015466
2,5,30-34,60-64,0.046554977478508654,0.022175460432926633,0.07530030010481203
2,5,30-34,65-69,0.05276022902199008,0.018660385168524023,0.09784616299128855
2,5,30-34,70-74,0.030184012685600115,0.008570172699828814,0.05893967216114888
2,5,30-34,75+,0.052598637619993366,0.018172806281050398,0.10009703378738037
2,5,35-39,0-4,0.034856233674580864,0.009390829514921276,0.06868222924801495
2,5,35-39,5-9,0.047016978261644,0.02181789496803276,0.07782054642411053
2,5,35-39,10-14,0.050471562759975414,0.01844231775352854,0.08764863782797601
2,5,35-39,15-19,0.031178371809559423,0.010414126441186939,0.057877215266814955
2,5,35-39,20-24,0.06141005400913824,0.026041413698904465,0.10448833893766783
2,5,35-39,25-29,0.0633469031225611,0.03514658564929383,0.09693457618556413
2,5,35-39,30-34,0.11349356595657584,0.07021250725368311,0.16284999651070073
2,5,35-39,35-39,0.09530675161695455,0.06058496393959462,0.13786835684238155
2,5,35-39,40-44,0.08734961297089824,0.05008982779277677,0.13399669143548226
2,5,35-39,45-49,0.06853831714218662,0.03516868252141432,0.10384529951093181
2,5,35-39,50-54,0.051236241741584955,0.02238256296114877,0.08066124259034989
2,5,35-39,55-59,0.03992598950672715,0.016227986489789018,0.06843784841677816
2,5,35-39,60-64,0.03429644729986054,0.01359428235138782,0.05902126389203198
2,5,35-39,65-69,0.03994703180103907,0.011685444687930912,0.07861785240234923
2,5,35-39,70-74,0.028426157365907805,0.00867004726602825,0.057343546737066674
2,5,35-39,75+,0.03870839002465408,0.009726814599509645,0.07975027594735064
2,5,40-44,0-4,0.03137046887946827,0.006709609372317941,0.06723610968338546
2,5,40-44,5-9,0.049533992493805815,0.0204810340937588,0.08857515678593407
2,5,40-44,10-14,0.07545263765730369,0.033502899833396604,0.1372415711068193
2,5,40-44,15-19,0.034874565964814905,0.011163300707456091,0.0652460409666025
2,5,40-44,20-24,0.0805688739954488,0.03398296913103358,0.13927786445677304
2,5,40-44,25-29,0.05206516006146212,0.026618566802260185,0.084665811444714
2,5,40-44,30-34,0.09447969038489004,0.055693510374598756,0.14266152199070722
2,5,40-44,35-39,0.0842244997239113,0.05066235458630801,0.12480466083746114
2,5,40-44,40-44,0.12460992757852131,0.0771443306851121,0.17931131280280002
2,5,40-44,45-49,0.10089525044854436,0.057846432990481846,0.1513984965782157
2,5,40-44,50-54,0.08217861235597791,0.04655506454686965,0.12025090598418917
2,5,40-44,55-59,0.07670898073993991,0.04049892173159571,0.12213392805613824
2,5,40-44,60-64,0.0478594488753958,0.021746710641672065,0.08019037506238101
2,5,40-44,65-69,0.049101768911077336,0.014006752221326458,0.10802615531815615
2,5,40-44,70-74,0.042254875601570825,0.01260214857537282,0.0942902837396898
2,5,40-44,75+,0.04124934713163728,0.00857142857142855,0.08851341799063786
2,5,45-49,0-4,0.044044914189868875,0.01171250018604716,0.09495233922120669
2,5,45-49,5-9,0.02139881743143456,0.003423705854856504,0.04546410700158653
2,5,45-49,10-14,0.06191193210577683,0.02530676430138448,0.11941667009159755
2,5,45-49,15-19,0.06349094962128428,0.0249284121818292,0.11044943805781596
2,5,45-49,20-24,0.059624931921380804,0.023302827596587018,0.10636553731266045
2,5,45-49,25-29,0.04206784530749456,0.019040969088995104,0.07072242970659248
2,5,45-49,30-34,0.0673875649238896,0.03587518446391745,0.10830718711844611
2,5,45-49,35-39,0.060548719807160686,0.030421931552247646,0.09335992441299996
2,5,45-49,40-44,0.09958928967302202,0.05688717357353071,0.1503343032600774
2,5,45-49,45-49,0.0995245199092592,0.058151203094856496,0.15325518833276083
2,5,45-49,50-54,0.0808560930667178,0.04386821787850403,0.1205535992776126
2,5,45-49,55-59,0.05823300313639625,0.02628714027697492,0.09520293182939409
2,5,45-49,60-64,0.0398045424380926,0.014550958161363849,0.07084083899936751
2,5,45-49,65-69,0.03235204656432644,0.007779043573599074,0.07359655365384617
2,5,45-49,70-74,0.025384540987629975,0.00682413352592326,0.051928126325067187
2,5,45-49,75+,0.0570111573177912,0.019734706981148945,0.10964975727683228
2,5,50-54,0-4,0.025347616716264322,0.003245712620858067,0.059629245567128536
2,5,50-54,5-9,0.01733144610475472,0.003105110804540096,0.03665822447796319
2,5,50-54,10-14,0.019386410896789413,0.0037184811063725454,0.04025471370243937
2,5,50-54,15-19,0.03554087715054028,0.010930733081814971,0.07288172762209509
2,5,50-54,20-24,0.05060515119325204,0.019063051433665115,0.08981773958479138
2,5,50-54,25-29,0.04102492221161736,0.01881696148350318,0.06754856025929853
2,5,50-54,30-34,0.07705322688566382,0.04248211496241625,0.11469866625087188
2,5,50-54,35-39,0.06049178222479605,0.03238586126961791,0.09362606564510133
2,5,50-54,40-44,0.07764039781816369,0.04545191557587142,0.11771640441211927
2,5,50-54,45-49,0.09701442211316379,0.05650467818978967,0.1458509412275491
2,5,50-54,50-54,0.09687480726447238,0.06085275220277349,0.14118664344342788
2,5,50-54,55-59,0.05864320967936786,0.028885967048820113,0.09293134193325289
2,5,50-54,60-64,0.06190165303340252,0.030306443995226244,0.09929089059640875
2,5,50-54,65-69,0.029136390560421725,0.009199665367658373,0.05454269495771745
2,5,50-54,70-74,0.02355671482198283,0.0063271360770960905,0.045849108234772694
2,5,50-54,75+,0.05134222259685863,0.01818569570224437,0.09706379647882364
2,5,55-59,0-4,0.02253933413469345,0,0.06146533520885823
2,5,55-59,5-9,0.019865864499853014,0.0036492796764398803,0.045379157304262695
2,5,55-59,10-14,0.02152043168591091,0.003724994710312806,0.04913323333943641
2,5,55-59,15-19,0.019419974822207302,0.0036744868815948304,0.048797842554302834
2,5,55-59,20-24,0.02389000430540909,0.0045968644235813575,0.048083939114672694
2,5,55-59,25-29,0.03848911011015899,0.01413403469490451,0.07006854268182369
2,5,55-59,30-34,0.051360868596868066,0.022817295502666233,0.08857427816115646
2,5,55-59,35-39,0.033874462138640295,0.01190633677628351,0.06084436359432593
2,5,55-59,40-44,0.06405515403465149,0.03139337429655194,0.10748875567525028
2,5,55-59,45-49,0.0695918361399156,0.0342998567263792,0.10867194171371367
2,5,55-59,50-54,0.06113751067938942,0.0295167943864317,0.09838372231745925
2,5,55-59,55-59,0.06741360042780097,0.03169169410876309,0.10880254130964494
2,5,55-59,60-64,0.05914140659396578,0.027276442252977873,0.10034691855506585
2,5,55-59,65-69,0.024146530094662586,0.0041786994703706575,0.05121098500004477
2,5,55-59,70-74,0.0332002088407671,0.010320236644586773,0.06591300415861454
2,5,55-59,75+,0.06368700791133433,0.0211864407176327,0.11932258418505762
2,5,60-64,0-4,0.028047329952143707,0.0033529809117093766,0.07531971830947043
2,5,60-64,5-9,0.024203355176403946,0.0036886111819794377,0.061931298558336005
2,5,60-64,10-14,0.021175437554993723,0.003186274509803926,0.05249042928472121
2,5,60-64,15-19,0.01791799077985454,0,0.04360557959572925
2,5,60-64,20-24,0.03843094656464325,0.011361500341918834,0.07376008407046623
2,5,60-64,25-29,0.03050560335297262,0.01108431911514116,0.05594927621515455
2,5,60-64,30-34,0.05000515562936652,0.022014947257725008,0.09052718200115607
2,5,60-64,35-39,0.04899734997854268,0.02029029917267428,0.08316126491966604
2,5,60-64,40-44,0.07148102612997075,0.03516834069645635,0.11714307611486958
2,5,60-64,45-49,0.05382859161902772,0.022345540224388533,0.09086975051135604
2,5,60-64,50-54,0.06248708521576609,0.030124276670588552,0.10669528900927754
2,5,60-64,55-59,0.082649850429778,0.04437543892795587,0.13440749282668146
2,5,60-64,60-64,0.06864832184869339,0.03328790150677992,0.10933938227564896
2,5,60-64,65-69,0.03861458468537426,0.012136523212891933,0.07508403004222701
2,5,60-64,70-74,0.025202799462934466,0.004625496032173141,0.05167249935723934
2,5,60-64,75+,0.05440370030762317,0.017254503414768568,0.1021141220174299
2,5,65-69,0-4,0.02456517725535615,0,0.08240123132284839
2,5,65-69,5-9,0.04424906312495502,0.005560704605878551,0.10460188846694245
2,5,65-69,10-14,0.03125425734428249,0.004948649987035976,0.07012452072106219
2,5,65-69,15-19,0.04754152619952345,0.004715879034095173,0.15139373613977902
2,5,65-69,20-24,0.025592638043822537,0,0.06723407769946262
2,5,65-69,25-29,0.03455025610167492,0.0052594319251958906,0.07928720268671927
2,5,65-69,30-34,0.07125496819235927,0.022842633764847176,0.14256969331640915
2,5,65-69,35-39,0.06552328972555424,0.019629178822946312,0.13714914667348072
2,5,65-69,40-44,0.05539132012809176,0.015465203257773771,0.11508853979924052
2,5,65-69,45-49,0.0627509747168165,0.01955671407815492,0.13423973660122981
2,5,65-69,50-54,0.03871568049491566,0.010027892348581287,0.07632619405800098
2,5,65-69,55-59,0.0363950343550523,0.009705221609485528,0.07681421525032876
2,5,65-69,60-64,0.056121513696443755,0.01651730863378348,0.11223475088690235
2,5,65-69,65-69,0.1132241966591914,0.03442786278316236,0.23403973062168035
2,5,65-69,70-74,0.05298894811900996,0.017527167046294426,0.10954402573180505
2,5,65-69,75+,0.11744662942492669,0.04074531833932369,0.22459167380351094
2,5,70-74,0-4,0.03530970371357102,0,0.10253333585898151
2,5,70-74,5-9,0.031024261824073467,0,0.08226055291548581
2,5,70-74,10-14,0.031052444895088238,0.0051201018829780676,0.07187213580525946
2,5,70-74,15-19,0.0435323898738881,0,0.11653964277645164
2,5,70-74,20-24,0.04093954618187561,0,0.14012345206466076
2,5,70-74,25-29,0.020228251204099826,0,0.05827285993404915
2,5,70-74,30-34,0.027923686547101367,0,0.0634608717736295
2,5,70-74,35-39,0.029873358577621044,0.00505050505203835,0.07245902063893138
2,5,70-74,40-44,0.04183480692949448,0.006491364055656929,0.10092820975068671
2,5,70-74,45-49,0.04209633528097421,0.010131604305352551,0.08563112610696337
2,5,70-74,50-54,0.037684904593494876,0.009249016715915086,0.07549525139964178
2,5,70-74,55-59,0.031892394748080075,0.00537634408622785,0.07270491565078566
2,5,70-74,60-64,0.03873439960324413,0.006703993190968698,0.082902616496969
2,5,70-74,65-69,0.07335196072528995,0.02337609196137599,0.14947372823154342
2,5,70-74,70-74,0.06848824667922122,0.023263795116482702,0.13302206141188716
2,5,70-74,75+,0.12551716089983742,0.05008532334948144,0.22772249973764164
2,5,75+,0-4,0.01901862866258927,0,0.0547983560018358
2,5,75+,5-9,0.021124976923246625,0.0027771250857212613,0.05104759888316759
2,5,75+,10-14,0.01732663186398069,0.0025148808373537633,0.04057701821072987
2,5,75+,15-19,0.033486898316066306,0.0030527281641004383,0.08786349681502506
2,5,75+,20-24,0.03298823200344138,0.0040196153747927696,0.07874740076805757
2,5,75+,25-29,0.022882018020773227,0.002526026414633608,0.05934786737097556
2,5,75+,30-34,0.03377220529067818,0.006150870091736872,0.0721757726326981
2,5,75+,35-39,0.02645441027873105,0.0030574992086015154,0.06607810893134389
2,5,75+,40-44,0.02047233350562909,0.0025772812036561994,0.05118007935678269
2,5,75+,45-49,0.0300789863456397,0.007987433885288647,0.059994923858455056
2,5,75+,50-54,0.03614988437691983,0.011579140726534745,0.07276177408006354
2,5,75+,55-59,0.036819647694197356,0.011324994674043442,0.07497553787390554
2,5,75+,60-64,0.027214985379990748,0.006408227849002921,0.058389807195184266
2,5,75+,65-69,0.05568323563328399,0.017363732321766762,0.10547221800571177
2,5,75+,70-74,0.05899347674908355,0.02316220932141857,0.11092001142922381
2,5,75+,75+,0.20023944986476536,0.10708693544570155,0.32487223646720537
3,1,0-4,0-4,0.29288165372782904,0.1708749260911995,0.43550883528885337
3,1,0-4,5-9,0.17104534025889878,0.082499343936837,0.29713041401451984
3,1,0-4,10-14,0.047062449779493316,0.01665748678974728,0.08943913764548643
3,1,0-4,15-19,0.06425320985585505,0.026784439358044858,0.10765716992262951
3,1,0-4,20-24,0.05782954873647145,0.013782246963143648,0.1138943501898294
3,1,0-4,25-29,0.10764775919248926,0.04784562727586669,0.19193436164550068
3,1,0-4,30-34,0.07933266039582086,0.03316569338495098,0.14624228954630802
3,1,0-4,35-39,0.06986081412392302,0.028179497251666845,0.12197481247013825
3,1,0-4,40-44,0.04435100431163117,0.007352941176671449,0.10014285018489398
3,1,0-4,45-49,0.05473359339568096,0.019421531621583714,0.11349605997922864
3,1,0-4,50-54,0.04142981584189204,0.007862741025065545,0.09905195898257746
3,1,0-4,55-59,0.038248823841767324,0.008810854460545957,0.08381075532031813
3,1,0-4,60-64,0.020965036826394296,0,0.059905508201203696
3,1,0-4,65-69,0.031472945326014454,0,0.08198733799273385
3,1,0-4,70-74,0.02716915501738677,0,0.0658350589545169
3,1,0-4,75+,0.02994503742217356,0,0.07980764684057884
3,1,5-9,0-4,0.1443819913656963,0.08382501976124239,0.2242762342368252
3,1,5-9,5-9,0.8050201791724859,0.597827878178533,1.0279762822728014
3,1,5-9,10-14,0.19984496672749497,0.12668504373454806,0.2927329588649945
3,1,5-9,15-19,0.07105282376168458,0.0368776577649454,0.11632623696408007
3,1,5-9,20-24,0.06490785694804349,0.026998889820891478,0.11501195641183157
3,1,5-9,25-29,0.08497894837700352,0.04451478207931953,0.13166060410396643
3,1,5-9,30-34,0.07884407093883593,0.04159837022043017,0.12674689688761784
3,1,5-9,35-39,0.06901883971965193,0.03522461619411024,0.11266896877028516
3,1,5-9,40-44,0.06868677662508434,0.024742060074887565,0.12900540470349695
3,1,5-9,45-49,0.03129929756922253,0.010712386024361706,0.05796272704290669
3,1,5-9,50-54,0.029828795653106293,0.007779853076072588,0.057146187937018776
3,1,5-9,55-59,0.01828543624432145,0.0034958964646640135,0.03829065736732719
3,1,5-9,60-64,0.024791083063556957,0.004143606374506236,0.06338923998246665
3,1,5-9,65-69,0.029450277841320715,0.0050377152357037455,0.0628986841963696
3,1,5-9,70-74,0.019149463635448304,0.003085946375978832,0.04648038062867491
3,1,5-9,75+,0.023352267611358318,0.003570795340002327,0.05708606707728305
3,1,10-14,0-4,0.06591925285288817,0.03040291834238882,0.11031842113157234
3,1,10-14,5-9,0.19377075162446297,0.11958737562226435,0.28206090371212955
3,1,10-14,10-14,0.9626182223572927,0.6803817573530248,1.2858769864415722
3,1,10-14,15-19,0.14724330603935293,0.09177171867331298,0.2174717158191903
3,1,10-14,20-24,0.05330817582170665,0.019857799206487465,0.09796588876786377
3,1,10-14,25-29,0.05578594340232861,0.024992485770797893,0.09452277754462897
3,1,10-14,30-34,0.06665662310377446,0.030566488983817166,0.11144610295378424
3,1,10-14,35-39,0.06840065895810309,0.032439065822482634,0.12019309051965597
3,1,10-14,40-44,0.09625215170854427,0.04401098718836444,0.17028822003873825
3,1,10-14,45-49,0.04059668261004622,0.01542298387971365,0.07192386827730832
3,1,10-14,50-54,0.02338665887900467,0.0069308894012337224,0.04497772002911885
3,1,10-14,55-59,0.01619539942436216,0.003355704697986575,0.034635512297100594
3,1,10-14,60-64,0.011516018708392245,0,0.03461649580355963
3,1,10-14,65-69,0.01484087652272059,0,0.03619129288447139
3,1,10-14,70-74,0.016014260024877894,0,0.04046620195331514
3,1,10-14,75+,0.018211585179459606,0,0.046992330429016724
3,1,15-19,0-4,0.065809262368583,0.027465068089191635,0.11587837835194556
3,1,15-19,5-9,0.08847661176519717,0.04485726729486606,0.14008063975315918
3,1,15-19,10-14,0.1649269606384941,0.09682700890502148,0.24281879531424908
3,1,15-19,15-19,0.5258488580799809,0.3588809912702124,0.7079344728269493
3,1,15-19,20-24,0.13111159846397946,0.06643717846024785,0.21949107751265995
3,1,15-19,25-29,0.0954751512066151,0.046342181809662646,0.1518050497218749
3,1,15-19,30-34,0.0664975167841201,0.0323551795620084,0.10724458849501585
3,1,15-19,35-39,0.05440687185418129,0.02653934730241536,0.09280152781890921
3,1,15-19,40-44,0.06165565133721768,0.022185177107162786,0.1149148375761951
3,1,15-19,45-49,0.043158426035435106,0.017514768021078892,0.07587118054831483
3,1,15-19,50-54,0.0409686423100987,0.01179782151128065,0.08583241857145031
3,1,15-19,55-59,0.01936893769104134,0.0038454198481437194,0.04022928222251035
3,1,15-19,60-64,0.018791318470068055,0.003625032964583036,0.04350595562306698
3,1,15-19,65-69,0.02777875575472157,0.003375618265792237,0.07960648403200252
3,1,15-19,70-74,0.019505178988973172,0,0.06832192096582465
3,1,15-19,75+,0.04126143519013576,0.004383153396321437,0.11283074356072322
3,1,20-24,0-4,0.06338567883007304,0.01545883238898567,0.13601423424385414
3,1,20-24,5-9,0.11974577690978387,0.03832812125051475,0.25348422771858076
3,1,20-24,10-14,0.04668500318966308,0.012123756914617154,0.10059680690284084
3,1,20-24,15-19,0.13690616169151995,0.060035024605770045,0.2508171176385003
3,1,20-24,20-24,0.27667548713966084,0.16935898181084277,0.4015615386356181
3,1,20-24,25-29,0.15877261197121725,0.09132322770569828,0.23956615488538366
3,1,20-24,30-34,0.12245115724162575,0.06648272203282135,0.19537066044171641
3,1,20-24,35-39,0.07795633209218694,0.038942567272750736,0.12560006401126095
3,1,20-24,40-44,0.07843368318956728,0.03624075515626825,0.13106780138226187
3,1,20-24,45-49,0.07090671794677299,0.03325236997784744,0.11879186334175615
3,1,20-24,50-54,0.04594829034803588,0.019941493361388805,0.07889620153083393
3,1,20-24,55-59,0.026444562410394647,0.008041488799072908,0.051359301897181464
3,1,20-24,60-64,0.03515784184147547,0.011509533136207247,0.06845056368983965
3,1,20-24,65-69,0.03640896726153754,0.004937347549869268,0.08987957430316673
3,1,20-24,70-74,0.03259982503639466,0.004542437650846942,0.08475156498027178
3,1,20-24,75+,0.02325215714294782,0,0.05929699920476659
3,1,25-29,0-4,0.0528473430344617,0.01877736930554143,0.09966990188860309
3,1,25-29,5-9,0.07890848657249891,0.04341994585446902,0.11866786111078673
3,1,25-29,10-14,0.0402608538290953,0.017056509031818184,0.06772300442954461
3,1,25-29,15-19,0.07539685051668868,0.04249901585626955,0.12156598412211692
3,1,25-29,20-24,0.15728994217545658,0.0948619439683215,0.22679347863278107
3,1,25-29,25-29,0.20761323614600707,0.14307141256232958,0.2862387986835721
3,1,25-29,30-34,0.1857315727543782,0.1240561126623062,0.2522325171881376
3,1,25-29,35-39,0.10866662460413279,0.06484337514022695,0.16128885649145674
3,1,25-29,40-44,0.07597349374816265,0.040180564336275267,0.1181852213385595
3,1,25-29,45-49,0.050938659182715396,0.026112342035213672,0.08368800105592164
3,1,25-29,50-54,0.055727258032467086,0.028844091962967076,0.08696619000634617
3,1,25-29,55-59,0.039335458186236336,0.015018473705069153,0.0679120611294818
3,1,25-29,60-64,0.03384197656743965,0.011536259545810177,0.06119403562106944
3,1,25-29,65-69,0.024207522570213757,0.00381679389395524,0.05600544328042713
3,1,25-29,70-74,0.014691382946770427,0,0.04074848735218011
3,1,25-29,75+,0.027243678532731817,0,0.06726741367693437
3,1,30-34,0-4,0.09069098390894066,0.041672381747783135,0.1615385546821233
3,1,30-34,5-9,0.09794055712053444,0.054286972361874464,0.15876432343979682
3,1,30-34,10-14,0.07058177451279611,0.03363449172638612,0.12473878933651907
3,1,30-34,15-19,0.07478290938742188,0.04079622926699937,0.117598453158634
3,1,30-34,20-24,0.10973156985864119,0.06596318889406554,0.1598409704517998
3,1,30-34,25-29,0.18443973509896758,0.12236177098674877,0.25464433176549794
3,1,30-34,30-34,0.19548736618936322,0.13861208492165655,0.25941286432533595
3,1,30-34,35-39,0.14476726352567598,0.09435773070177626,0.2055885910337581
3,1,30-34,40-44,0.10850180534481996,0.0676623428315758,0.1613563549222148
3,1,30-34,45-49,0.06461287367632106,0.03585809447599403,0.09718653855530772
3,1,30-34,50-54,0.07082392250307239,0.03941291306920723,0.10248376130601011
3,1,30-34,55-59,0.05541037379744666,0.02882580453272635,0.08840889383593946
3,1,30-34,60-64,0.056911305182858196,0.02593251598815792,0.09661990374272064
3,1,30-34,65-69,0.09592035848252128,0.033099350644066515,0.17259460771992013
3,1,30-34,70-74,0.02890509291511745,0.006409620253577096,0.05960555854178576
3,1,30-34,75+,0.05166259936989064,0.013694467797954687,0.10014502610713806
3,1,35-39,0-4,0.08147237487709415,0.03581668495682315,0.1490843628524562
3,1,35-39,5-9,0.0695132700121348,0.03621349173855049,0.11542022566370252
3,1,35-39,10-14,0.06257069178746431,0.0256382841446347,0.13120580821591862
3,1,35-39,15-19,0.06725770789870279,0.03275917809708256,0.11575298060858338
3,1,35-39,20-24,0.07318601458631309,0.037210884884372575,0.11736633216671119
3,1,35-39,25-29,0.11217815145746618,0.0699222198844112,0.16364521070166788
3,1,35-39,30-34,0.1467431824561452,0.098146424081567,0.20198077687161065
3,1,35-39,35-39,0.1388822950366109,0.09098243566946347,0.19939272722617785
3,1,35-39,40-44,0.10827540072504539,0.06665812158192316,0.15515409820566067
3,1,35-39,45-49,0.05687703023319147,0.031055433518920553,0.0889845659520315
3,1,35-39,50-54,0.06596585378103846,0.03698476711020669,0.10103942836330324
3,1,35-39,55-59,0.04184159347182674,0.016827565581624522,0.06830756489196387
3,1,35-39,60-64,0.05510512515027673,0.02583297476087521,0.09002320101992371
3,1,35-39,65-69,0.05435693249959153,0.0158164430074766,0.1190519040875746
3,1,35-39,70-74,0.013972395460274114,0,0.03491189936489832
3,1,35-39,75+,0.027208789079626476,0.003245712620858068,0.06557639327770755
3,1,40-44,0-4,0.03766942888924077,0.009144274924932111,0.07632432630472065
3,1,40-44,5-9,0.05677535548658016,0.02679855530200236,0.09624800354019468
3,1,40-44,10-14,0.07676939632133964,0.03346718998765889,0.1524732425886381
3,1,40-44,15-19,0.04858014520530638,0.019144486609962093,0.09220670446003476
3,1,40-44,20-24,0.08336276437501147,0.04318997449697103,0.13301451577698187
3,1,40-44,25-29,0.09244454542780033,0.05372966562193445,0.14342972690385383
3,1,40-44,30-34,0.10724163831526524,0.06468412330540399,0.1567697582809189
3,1,40-44,35-39,0.10710740430218829,0.0634069123159262,0.15900131538121992
3,1,40-44,40-44,0.13614817735360024,0.08063134428847955,0.2022619333069408
3,1,40-44,45-49,0.07330660332795139,0.041758198480140826,0.11313912522146999
3,1,40-44,50-54,0.07935261729223102,0.044747933005729365,0.11822707786214266
3,1,40-44,55-59,0.061812251163876765,0.03182471186393786,0.09928705249459568
3,1,40-44,60-64,0.06957253499289895,0.03627351525219893,0.11523601877575158
3,1,40-44,65-69,0.053693358772723306,0.015313034229720942,0.10976045233593956
3,1,40-44,70-74,0.028631893467175352,0.003693634422834959,0.06452457767735785
3,1,40-44,75+,0.04066241392030142,0.0068965517274132,0.08777132126977089
3,1,45-49,0-4,0.05680666390147683,0.018261943006780957,0.11172066705300696
3,1,45-49,5-9,0.0365977126215925,0.012403653448175631,0.07066602954749829
3,1,45-49,10-14,0.057864858696972256,0.020893763995775902,0.11315877825089585
3,1,45-49,15-19,0.07729862740763535,0.03859334778346403,0.12770322347830454
3,1,45-49,20-24,0.06805899493600338,0.03239527867934481,0.11266617536299976
3,1,45-49,25-29,0.06370215396038537,0.031183830121878572,0.10002000967149435
3,1,45-49,30-34,0.07609321564352302,0.03996947563552656,0.11648970660174895
3,1,45-49,35-39,0.08932360257736184,0.051226813806279414,0.13686358931602255
3,1,45-49,40-44,0.09090385205313954,0.050692117191548716,0.14312296611440875
3,1,45-49,45-49,0.07667833464618633,0.04352741716884995,0.12200822744859154
3,1,45-49,50-54,0.0717858080603515,0.03709737302495004,0.11441926713659654
3,1,45-49,55-59,0.05662911009549064,0.026164249858165418,0.09633895155034514
3,1,45-49,60-64,0.04721504188334662,0.02001354560920332,0.08296703674215268
3,1,45-49,65-69,0.03794790630781031,0.009034832024922413,0.08713527444364981
3,1,45-49,70-74,0.017350938674235098,0.0028248587570621456,0.04102119009689048
3,1,45-49,75+,0.03081699186508785,0.006057900432901468,0.07035130273656288
3,1,50-54,0-4,0.05520680597621133,0.01843314598925941,0.1204639536005208
3,1,50-54,5-9,0.027274692327338847,0.00827814444047249,0.05506875502509697
3,1,50-54,10-14,0.03018914353629034,0.007566746293976055,0.08622167356112258
3,1,50-54,15-19,0.055385805128369645,0.02384234052907829,0.09647261226091002
3,1,50-54,20-24,0.05680701127521562,0.026123186995584365,0.09414090420982603
3,1,50-54,25-29,0.06588173105971902,0.03276017834540179,0.10151063561127333
3,1,50-54,30-34,0.07789371605898887,0.045879562933686176,0.12057761524362677
3,1,50-54,35-39,0.07454275799708002,0.041252108769745645,0.11408085323377803
3,1,50-54,40-44,0.08569619413505095,0.04825560951958351,0.12873834146564173
3,1,50-54,45-49,0.06400538227427506,0.034686243208761666,0.09954783430912867
3,1,50-54,50-54,0.09050161963017718,0.05560765615736828,0.13225771833449587
3,1,50-54,55-59,0.05667294961083759,0.027826757525159295,0.09024388060022497
3,1,50-54,60-64,0.05961442057361667,0.02806586823629034,0.10491229187071666
3,1,50-54,65-69,0.02095717522624108,0.0033101761677353852,0.04483652325414684
3,1,50-54,70-74,0.015997233856637566,0.00310559006226569,0.0339563093955166
3,1,50-54,75+,0.03954392849493742,0.009552628399101207,0.08063459659459728
3,1,55-59,0-4,0.032639548921608565,0.0068965517274132,0.07947982697533923
3,1,55-59,5-9,0.010114287813316221,0,0.026137229308863592
3,1,55-59,10-14,0.016329071886629937,0.004252939414228667,0.036898749828064036
3,1,55-59,15-19,0.02812863231625859,0.008064554800485247,0.061776157630270966
3,1,55-59,20-24,0.03142580025330664,0.008952400887964531,0.05903598384033422
3,1,55-59,25-29,0.04796433208823634,0.02193872016631756,0.08127434065749121
3,1,55-59,30-34,0.05656703376921028,0.026194268086435664,0.09287165456126772
3,1,55-59,35-39,0.05466416926621444,0.0274551273707766,0.08620922766504172
3,1,55-59,40-44,0.06393238222632529,0.030642015397411015,0.1033494416192413
3,1,55-59,45-49,0.04766377415851329,0.022651246487496536,0.07903819450138044
3,1,55-59,50-54,0.06630685330123433,0.034408529942376025,0.1041346728417055
3,1,55-59,55-59,0.05572472127765472,0.025975315136312144,0.0910335062057667
3,1,55-59,60-64,0.06765700751233819,0.032434891120791065,0.1119729348321368
3,1,55-59,65-69,0.02466998933681352,0.00416666666706911,0.05346608581977899
3,1,55-59,70-74,0.02538710295088774,0.0037030228758301092,0.05975089050503187
3,1,55-59,75+,0.032384974397184525,0.007296644436446075,0.07047125099786757
3,1,60-64,0-4,0.0504702381623614,0.011139053326479105,0.12272994612802272
3,1,60-64,5-9,0.02958019712658671,0.0077471334280718365,0.06601934167525252
3,1,60-64,10-14,0.011118872591533909,0,0.02927110307601416
3,1,60-64,15-19,0.025036717230761195,0.003271043103492952,0.06134531273349888
3,1,60-64,20-24,0.037300859841357614,0.012672468444422446,0.06940425132435216
3,1,60-64,25-29,0.04044216421570189,0.015019128028951792,0.07426820465469594
3,1,60-64,30-34,0.05399807183202503,0.02394607354993201,0.09444267991228457
3,1,60-64,35-39,0.05891849422809636,0.02620129609106741,0.10128892356652709
3,1,60-64,40-44,0.06361919688304249,0.02696495769837893,0.11100695009215228
3,1,60-64,45-49,0.04309105899668051,0.01669549452273754,0.07950561899343489
3,1,60-64,50-54,0.06298239954918915,0.030679394284187558,0.10675672408640634
3,1,60-64,55-59,0.05529213860164592,0.024307308401226517,0.09880320207386516
3,1,60-64,60-64,0.07486100308497944,0.03509603525983466,0.12260220598797182
3,1,60-64,65-69,0.028745482387079732,0.007404703979872321,0.057098418166232595
3,1,60-64,70-74,0.016817139010342246,0.0035454749775279877,0.03784925227620365
3,1,60-64,75+,0.04230215592739885,0.009601037483998646,0.08943993121816261
3,1,65-69,0-4,0.03743348315089269,0.006003382795613801,0.08867205239143316
3,1,65-69,5-9,0.05686059120082458,0.020377056281185017,0.10617955104570916
3,1,65-69,10-14,0.02578896596784742,0.006608218108101491,0.05182426098487306
3,1,65-69,15-19,0.04493070753244187,0.00791515505912413,0.10568034088521275
3,1,65-69,20-24,0.030042360861543767,0.0040625000003923885,0.0700292171338261
3,1,65-69,25-29,0.06487259873044673,0.024621145928541505,0.12194430975178275
3,1,65-69,30-34,0.04811062747791208,0.013574537303081021,0.09587131677625824
3,1,65-69,35-39,0.06701692023246936,0.02218475574005342,0.13614772904831138
3,1,65-69,40-44,0.08400277542409344,0.018562517213014742,0.18011252524400967
3,1,65-69,45-49,0.031242501302274205,0.0077569190097419435,0.0747584244123022
3,1,65-69,50-54,0.020718853114164056,0.0034849886182654354,0.04304756584867099
3,1,65-69,55-59,0.030789193860615686,0.004901157552421568,0.06567681463199754
3,1,65-69,60-64,0.0647872650332287,0.016713108778059503,0.1402698436035292
3,1,65-69,65-69,0.06690091880862957,0.019683290722679932,0.14515457384810368
3,1,65-69,70-74,0.04337661120577889,0.010392870084193364,0.09135973095548368
3,1,65-69,75+,0.05279008081996152,0.009429594689028658,0.11082694094031141
3,1,70-74,0-4,0.021486893140063332,0,0.05505228795536296
3,1,70-74,5-9,0.03774789199196577,0.010603003411447001,0.07205834819356434
3,1,70-74,10-14,0.027155715938968768,0.006895734604669546,0.05502541940216793
3,1,70-74,15-19,0.03926754775826563,0.008755078315056921,0.08676014110589289
3,1,70-74,20-24,0.039490661196699105,0.00450450450490947,0.1246901692774909
3,1,70-74,25-29,0.027018824197077813,0.005043290463182807,0.058774587085635994
3,1,70-74,30-34,0.0327980261401784,0.005081020931707362,0.06972839812985684
3,1,70-74,35-39,0.0481800202333167,0.011281009237478785,0.1037292157137447
3,1,70-74,40-44,0.07774464941413377,0.013391433994674651,0.17485728637171657
3,1,70-74,45-49,0.022503402416199574,0.004182902451823475,0.05209018767766954
3,1,70-74,50-54,0.022361692797272733,0.004124587939632085,0.0443603444697235
3,1,70-74,55-59,0.028732227233976174,0.00431034482767912,0.07389551067474157
3,1,70-74,60-64,0.048859888488790575,0.00936080914300523,0.1191487021170448
3,1,70-74,65-69,0.050006038503664876,0.01388463110450118,0.10733043847477919
3,1,70-74,70-74,0.06319808683749414,0.02376314061816564,0.12036440043754092
3,1,70-74,75+,0.08472630434075282,0.021501261092826927,0.18405566772768728
3,1,75+,0-4,0.027967475924805595,0.003173600501639145,0.06970073932806445
3,1,75+,5-9,0.020432431243975906,0.0052886100491099895,0.041231946192058166
3,1,75+,10-14,0.014934922230056711,0.0033179800322761855,0.03319167002943264
3,1,75+,15-19,0.027197366549525398,0.006115680701246826,0.060697816474292704
3,1,75+,20-24,0.04377801475261938,0.008512484832404556,0.0924385968126049
3,1,75+,25-29,0.02350373315350641,0.006236760554854868,0.04893374172090195
3,1,75+,30-34,0.029380917533883975,0.008389500328937394,0.05949973630344584
3,1,75+,35-39,0.03144928143148788,0.007849073267322575,0.06624145999708657
3,1,75+,40-44,0.0372931764950248,0.010099857643839628,0.07656099221992012
3,1,75+,45-49,0.024561338118907018,0.006119869743045016,0.0478743258334568
3,1,75+,50-54,0.02709946426281599,0.007878078113246641,0.051195146691229314
3,1,75+,55-59,0.02743370673462656,0.006248616750242679,0.05629985385688943
3,1,75+,60-64,0.04214453090609262,0.012283358358550734,0.08727512088141205
3,1,75+,65-69,0.04550599244987294,0.014570575994361927,0.0912309186253363
3,1,75+,70-74,0.043117746581175356,0.0147057596923954,0.08209265020926437
3,1,75+,75+,0.1303612125371718,0.05725833720001973,0.2270249766127792
3,2,0-4,0-4,0.4171126130349724,0.24781713099832156,0.641799043473571
3,2,0-4,5-9,0.18008344618943212,0.0997819179840065,0.27660870054039277
3,2,0-4,10-14,0.0632889825981055,0.025836362251461856,0.11665874354960722
3,2,0-4,15-19,0.07915820126497557,0.034734322849834,0.12854756306346873
3,2,0-4,20-24,0.09499895516605109,0.031859191005439956,0.17679538043182483
3,2,0-4,25-29,0.10256930670319575,0.04010785129767193,0.18370238933697422
3,2,0-4,30-34,0.14321853228213485,0.06417585312489048,0.24143527380493976
3,2,0-4,35-39,0.09822546618262187,0.04201546296815915,0.17122312855172103
3,2,0-4,40-44,0.051404837269629626,0.01329469125640465,0.10120788122489163
3,2,0-4,45-49,0.049623725376115306,0.013380150424937724,0.10236125558177646
3,2,0-4,50-54,0.07798471445970365,0.024200843913282758,0.15639389849235935
3,2,0-4,55-59,0.04320613842900431,0.010128986346496506,0.10288378117008966
3,2,0-4,60-64,0.04048050726484989,0.004639304271078503,0.09973231743617128
3,2,0-4,65-69,0.04876698822112882,0.008769277488355145,0.10727925722878943
3,2,0-4,70-74,0.042578291535219186,0.004638982875939793,0.10981986483437844
3,2,0-4,75+,0.038989605308071024,0,0.09453989561155288
3,2,5-9,0-4,0.1723244985701993,0.09692183697840463,0.27648365491621063
3,2,5-9,5-9,1.003623992549031,0.7464725478345116,1.2814195645703428
3,2,5-9,10-14,0.20825923079447942,0.127726398849662,0.3079298393241502
3,2,5-9,15-19,0.08224330322887045,0.03889181930120677,0.12836429365977492
3,2,5-9,20-24,0.10755535946329078,0.044536816775161706,0.19327112965427806
3,2,5-9,25-29,0.09928873638720424,0.052677770855348,0.15263494874873065
3,2,5-9,30-34,0.10987291240633791,0.05629584337635895,0.1827830520022476
3,2,5-9,35-39,0.08159908730316653,0.04016424435455246,0.13291120020224248
3,2,5-9,40-44,0.05761786071897548,0.024417505827459746,0.10216433559024887
3,2,5-9,45-49,0.04062553605202721,0.012141546495204922,0.07736026987011196
3,2,5-9,50-54,0.019276773039085537,0.0037593984962406004,0.038281980801780045
3,2,5-9,55-59,0.023926377138214796,0.003936238927348228,0.06031228599421133
3,2,5-9,60-64,0.03711667562273152,0.00680988432583391,0.0900311109418924
3,2,5-9,65-69,0.04475552075820778,0.00892659609201866,0.09417386650607011
3,2,5-9,70-74,0.02366811838428348,0.003649635036895935,0.054181678375123644
3,2,5-9,75+,0.03175559708122595,0.004420091495519801,0.07276997291100375
3,2,10-14,0-4,0.06611690191536358,0.02994768186448108,0.11423319933113592
3,2,10-14,5-9,0.19888020803508358,0.126311056846433,0.2846726308333428
3,2,10-14,10-14,1.1539285748044206,0.8162698654471666,1.5465656634351357
3,2,10-14,15-19,0.1384638879635821,0.08052737633232467,0.20296825784709654
3,2,10-14,20-24,0.06736642674157346,0.024818365917419972,0.12862814384258747
3,2,10-14,25-29,0.05709275764175022,0.024094080865111802,0.09349031543984965
3,2,10-14,30-34,0.08682567214392788,0.037932699865975056,0.15788667373051224
3,2,10-14,35-39,0.0847496810330999,0.040826335071794395,0.158894348005503
3,2,10-14,40-44,0.06962277076132219,0.030413702257798384,0.12404761239169894
3,2,10-14,45-49,0.062030790698598834,0.024552394434379607,0.11782273865686396
3,2,10-14,50-54,0.028832539738661556,0.008022517924927404,0.055585403670770854
3,2,10-14,55-59,0.026794905030217323,0.006802139726613773,0.05845027251541554
3,2,10-14,60-64,0.023466008131975368,0.0035211267606940397,0.06013059058342845
3,2,10-14,65-69,0.022151620887120187,0.0037593984962405996,0.04781117353718929
3,2,10-14,70-74,0.022696005434196996,0.003377252252720342,0.057703872611474076
3,2,10-14,75+,0.03270116856046017,0.006709187075187807,0.07144524274719496
3,2,15-19,0-4,0.07508617791189233,0.03247964427132716,0.1265654685954162
3,2,15-19,5-9,0.08871460295255154,0.04361092911708105,0.13947355182483961
3,2,15-19,10-14,0.1531024590056813,0.09307190052226037,0.22393863660381086
3,2,15-19,15-19,0.6730172595535505,0.45580700126880463,0.9293360768818247
3,2,15-19,20-24,0.15500129660077736,0.06881038110454037,0.279649578983531
3,2,15-19,25-29,0.08054953102148076,0.04158990573008365,0.1322896679423337
3,2,15-19,30-34,0.09119440912573919,0.047973001550054205,0.1496186633897834
3,2,15-19,35-39,0.0699510560140625,0.03449087548092634,0.11832441525473926
3,2,15-19,40-44,0.052075218485106024,0.022225730487524412,0.09157720753606471
3,2,15-19,45-49,0.06516578209598892,0.03085631387356431,0.11374549987716352
3,2,15-19,50-54,0.056869476699141046,0.022644240730123777,0.11611029060209377
3,2,15-19,55-59,0.03369016398913888,0.008543070178536137,0.08304792143017979
3,2,15-19,60-64,0.026778188716241092,0.004131186646584765,0.05949491262577196
3,2,15-19,65-69,0.034193769497811645,0.003682975770734124,0.11123178884379839
3,2,15-19,70-74,0.02512244167448813,0.0033107136634354197,0.06551998831326653
3,2,15-19,75+,0.04320986495099937,0.0067615190420507645,0.11197702544378506
3,2,20-24,0-4,0.06402658007618732,0.01942003814713214,0.1377717959743957
3,2,20-24,5-9,0.097707442611524,0.038505980888602076,0.1953412060739665
3,2,20-24,10-14,0.05690853131909037,0.01833259999677352,0.11791028978767129
3,2,20-24,15-19,0.12445842637532083,0.05887835738517134,0.21437089397241496
3,2,20-24,20-24,0.2951293397525486,0.16320511546887184,0.45832572133832583
3,2,20-24,25-29,0.17460440961801996,0.10130069039482002,0.25973368729574214
3,2,20-24,30-34,0.13321651497450773,0.0769262351090201,0.19628824245706064
3,2,20-24,35-39,0.08756434257581594,0.043230730741629385,0.14151243084134893
3,2,20-24,40-44,0.07934037310507173,0.03692669962868852,0.13294314285894487
3,2,20-24,45-49,0.06625465744225235,0.030769382465243657,0.11272651155589643
3,2,20-24,50-54,0.059687606895008447,0.027171798998719347,0.10213414104075413
3,2,20-24,55-59,0.033043523342595894,0.00971110641267708,0.06028324177276472
3,2,20-24,60-64,0.04030594243955655,0.016245001153572528,0.07179827480239165
3,2,20-24,65-69,0.023107827281786526,0.0034445557751680792,0.055000382486270837
3,2,20-24,70-74,0.02074828465878163,0,0.07195115131688617
3,2,20-24,75+,0.0356702816209263,0.004463298040903332,0.09447131413149149
3,2,25-29,0-4,0.06741893627188232,0.02769386158733039,0.11478477757673185
3,2,25-29,5-9,0.08238237140280666,0.045749400835212346,0.12651120805151234
3,2,25-29,10-14,0.03737669105475528,0.015249919644062337,0.06507073284638905
3,2,25-29,15-19,0.06418288196414025,0.03203744036590132,0.10660329027314489
3,2,25-29,20-24,0.19253222511215975,0.11161184472301318,0.29829468446921864
3,2,25-29,25-29,0.23861194826079574,0.1669794056138144,0.3246654507445246
3,2,25-29,30-34,0.2062618811966201,0.14362089761229616,0.27538449242037794
3,2,25-29,35-39,0.12415081939279712,0.07818124439311905,0.18095142417936835
3,2,25-29,40-44,0.08131434721014107,0.045778093660501853,0.1248079329292291
3,2,25-29,45-49,0.06089642500738047,0.03243368115821916,0.09761915194154795
3,2,25-29,50-54,0.06385289930941349,0.03429957325474328,0.09993320084718962
3,2,25-29,55-59,0.051871039566464,0.021311287424760118,0.08688567898324646
3,2,25-29,60-64,0.0413984068531909,0.01698013689007054,0.07253980917238653
3,2,25-29,65-69,0.03239480464452492,0.007040871814714546,0.07341777888194208
3,2,25-29,70-74,0.023832630963175398,0.0033866629573841176,0.062067950467298766
3,2,25-29,75+,0.030625714390795467,0.004031451612903781,0.07332153062059218
3,2,30-34,0-4,0.10536370639490249,0.04855925453784969,0.1756416161502571
3,2,30-34,5-9,0.08783079787272605,0.043821534544103286,0.15399500752969855
3,2,30-34,10-14,0.07180692583947107,0.029267366697549327,0.14736444716516225
3,2,30-34,15-19,0.08346365986795973,0.0454564099405644,0.13018281179091815
3,2,30-34,20-24,0.13694357099927185,0.07905377538674765,0.21396118817632767
3,2,30-34,25-29,0.20689574461826427,0.14419899988420978,0.276124524191819
3,2,30-34,30-34,0.24614916997634764,0.1734847459889741,0.3179872094276646
3,2,30-34,35-39,0.16098081260029515,0.10873327725921847,0.22123874081764636
3,2,30-34,40-44,0.12486406265553424,0.0814556629377343,0.1746694156156338
3,2,30-34,45-49,0.07252295499020457,0.041706968288855645,0.10585999112272879
3,2,30-34,50-54,0.0851955151158146,0.0503803628970237,0.12402253836711345
3,2,30-34,55-59,0.0692479235923645,0.03814806774850649,0.10760658834346948
3,2,30-34,60-64,0.06515244487676594,0.034069974825754495,0.10391070704740041
3,2,30-34,65-69,0.06977541220451397,0.02897819354584305,0.12363896954012159
3,2,30-34,70-74,0.026945276712546016,0.0060402970235024734,0.0557595400017968
3,2,30-34,75+,0.05483887862094665,0.014713126850026641,0.10605526548559321
3,2,35-39,0-4,0.07531344698610408,0.0349697758268893,0.1341686852761268
3,2,35-39,5-9,0.06974492527372143,0.03865104536679055,0.11216665779256402
3,2,35-39,10-14,0.06618113330295035,0.028604953762481185,0.12244041988516109
3,2,35-39,15-19,0.06929106993991092,0.03464380177394629,0.11533655166814076
3,2,35-39,20-24,0.0944211821336278,0.047811925001486975,0.15509224144262648
3,2,35-39,25-29,0.1270555011910806,0.07782147729743576,0.18242995086131225
3,2,35-39,30-34,0.1603528640242247,0.10693967715917656,0.21769961513944985
3,2,35-39,35-39,0.1448350311708204,0.09774171263578402,0.20412555709201127
3,2,35-39,40-44,0.10905955876348393,0.06776589169070825,0.1561691146158815
3,2,35-39,45-49,0.0736843112660346,0.041764757161476325,0.11430569843306922
3,2,35-39,50-54,0.0709933795447796,0.041252405628950085,0.10605929957209802
3,2,35-39,55-59,0.05219446637880538,0.024254820893791062,0.08760741801384635
3,2,35-39,60-64,0.05600999471015566,0.027752885042843727,0.09246410178007458
3,2,35-39,65-69,0.054471681273188306,0.016666890360998003,0.11591046339582087
3,2,35-39,70-74,0.022727416551531217,0.0032242752144815627,0.05299035330620529
3,2,35-39,75+,0.03490326691720168,0.00632911392519655,0.0748279216108925
3,2,40-44,0-4,0.061980823782990684,0.021263648579191292,0.1151886119831397
3,2,40-44,5-9,0.05534126810591656,0.025747534863185845,0.09267221960186159
3,2,40-44,10-14,0.0602347445966274,0.022956427332072638,0.1314543701355566
3,2,40-44,15-19,0.057446329649074396,0.02628220507529215,0.10289008789678752
3,2,40-44,20-24,0.09987114845739331,0.0484478869130454,0.1678367131883923
3,2,40-44,25-29,0.10268094193197806,0.060634671651175163,0.15286452340214277
3,2,40-44,30-34,0.14630289301259936,0.09386453967532654,0.20592568819180496
3,2,40-44,35-39,0.13176304255023313,0.08380353708603591,0.1886781971154774
3,2,40-44,40-44,0.15760250767543627,0.10425384407808108,0.2219587913395759
3,2,40-44,45-49,0.10408519539616759,0.06076128102283707,0.1602304324899481
3,2,40-44,50-54,0.09553194750469308,0.05870851453517157,0.14131494000116898
3,2,40-44,55-59,0.08964363679037031,0.04955588617209461,0.13616841245060832
3,2,40-44,60-64,0.08029768032443016,0.042542683402263186,0.12957374448402018
3,2,40-44,65-69,0.06151655569342782,0.022373378168833013,0.12410648633488092
3,2,40-44,70-74,0.03695099900643293,0.006960641041581245,0.08716519352909537
3,2,40-44,75+,0.03814270374871692,0.006888611627089649,0.08413412508802491
3,2,45-49,0-4,0.039445537850388526,0.010617456439157878,0.07727005025605725
3,2,45-49,5-9,0.040964890785163514,0.016259532883571855,0.07372952421622006
3,2,45-49,10-14,0.06544746414440361,0.028366621094887755,0.11807497201904205
3,2,45-49,15-19,0.07954680018108565,0.0397737406674834,0.1331560638491175
3,2,45-49,20-24,0.08139314167613265,0.0373272506726461,0.13823486778182686
3,2,45-49,25-29,0.08495228792612398,0.0461075182046968,0.131327960817394
3,2,45-49,30-34,0.09765238755398367,0.055935868829865246,0.146580776265255
3,2,45-49,35-39,0.0966271733576561,0.060376213604612615,0.14571506398508197
3,2,45-49,40-44,0.11503411534423104,0.06725606057511871,0.17027406708927362
3,2,45-49,45-49,0.09419335165767381,0.053545896056463496,0.14274358246886484
3,2,45-49,50-54,0.0948314197331825,0.05614447519828163,0.14157433827519872
3,2,45-49,55-59,0.08240461873172651,0.043921401565780595,0.1369659386658506
3,2,45-49,60-64,0.056996555232371515,0.027675516265947938,0.09600242057247207
3,2,45-49,65-69,0.044857837340893866,0.012418554417604415,0.10331750769096246
3,2,45-49,70-74,0.026109790148260953,0.0062345427804145785,0.0576733425541316
3,2,45-49,75+,0.04045975357079189,0.011296278769471433,0.0833822831347959
3,2,50-54,0-4,0.054901879730963596,0.018272297064312073,0.1084850838934573
3,2,50-54,5-9,0.02283947694875068,0.0060379603781411315,0.04736583074271106
3,2,50-54,10-14,0.029584493719187012,0.008893641587901796,0.06365204843861763
3,2,50-54,15-19,0.06066839788651038,0.02558574577934192,0.11046718276481192
3,2,50-54,20-24,0.06499622102055409,0.028521209006495116,0.11099520545184542
3,2,50-54,25-29,0.076679912135536,0.042198313576365665,0.11612559965017781
3,2,50-54,30-34,0.10467788348514877,0.06480956143396097,0.15155029122265926
3,2,50-54,35-39,0.08432574398503917,0.04899827278761564,0.12676171950239162
3,2,50-54,40-44,0.09445668106191532,0.05702695717793893,0.13870353626686482
3,2,50-54,45-49,0.08570557105197915,0.050149187890864866,0.13150787719940862
3,2,50-54,50-54,0.10642320891316236,0.06884456127035536,0.1491980311078307
3,2,50-54,55-59,0.08127055524706876,0.04405225858744203,0.12779304397781605
3,2,50-54,60-64,0.07065898253106127,0.036787082760717994,0.11269534683745151
3,2,50-54,65-69,0.03009750998019172,0.009532525254005997,0.055208426096024395
3,2,50-54,70-74,0.0187321669710928,0.0033322368421052646,0.03832176624725102
3,2,50-54,75+,0.04609903346701228,0.01592112234940517,0.08792230779415955
3,2,55-59,0-4,0.033946819829101624,0.007810985950452672,0.08398334287172805
3,2,55-59,5-9,0.014905183835074816,0.002351759157887936,0.03573803798369756
3,2,55-59,10-14,0.017304853025653755,0.0033278962522734464,0.039376976760769164
3,2,55-59,15-19,0.02786834966092574,0.007133856688490929,0.056362211073232235
3,2,55-59,20-24,0.03904932128472096,0.013270439371057019,0.06846188429172763
3,2,55-59,25-29,0.05251161417794567,0.0246523554487014,0.0875812765100019
3,2,55-59,30-34,0.06930940270172097,0.03470582807750533,0.10801161342260575
3,2,55-59,35-39,0.05201680001645323,0.022781047173120843,0.0847458733749492
3,2,55-59,40-44,0.08826322005703852,0.05097978835874098,0.13250607572051257
3,2,55-59,45-49,0.0641545921411176,0.030658596771625288,0.10326000959617299
3,2,55-59,50-54,0.08373323468361285,0.04781957655461928,0.12893343451136483
3,2,55-59,55-59,0.07587497922491451,0.040697084104252865,0.12195840032999919
3,2,55-59,60-64,0.08363510313482968,0.04620662036556955,0.13120424493925173
3,2,55-59,65-69,0.039427560955898,0.010150182677398588,0.08007182189536333
3,2,55-59,70-74,0.03390133641224609,0.007819852877077201,0.07265012348007147
3,2,55-59,75+,0.05431822643945544,0.017237742882699678,0.10335997478399633
3,2,60-64,0-4,0.044194522322777034,0.010025900636849595,0.10154216003383926
3,2,60-64,5-9,0.026412738161781513,0.0036757996999632722,0.07090512564385774
3,2,60-64,10-14,0.018835842884765894,0,0.047873937915655945
3,2,60-64,15-19,0.02299140511385855,0.0033602574097960788,0.0543967208538699
3,2,60-64,20-24,0.0437676410606588,0.015696515785817367,0.08268150515303342
3,2,60-64,25-29,0.04946831663385356,0.0200899062813468,0.08673377594066176
3,2,60-64,30-34,0.07119275849156084,0.0345543427086567,0.12131213124523244
3,2,60-64,35-39,0.06135028739582465,0.02658552981543055,0.1042175849612348
3,2,60-64,40-44,0.07568928213783814,0.035380467864648886,0.1304070159963241
3,2,60-64,45-49,0.050131383918478746,0.021416555914442248,0.08543337292357267
3,2,60-64,50-54,0.0776732056061004,0.038809469404838016,0.12724327127552598
3,2,60-64,55-59,0.07913503601626,0.037678337850691065,0.12790106246203284
3,2,60-64,60-64,0.08121488393964996,0.04309547164724655,0.1315030745032916
3,2,60-64,65-69,0.03876381086128335,0.012192663262764367,0.07332484887966938
3,2,60-64,70-74,0.02151324684048661,0.003375939571748167,0.04473617222338816
3,2,60-64,75+,0.05089129017141881,0.017540534419084996,0.09730526818218584
3,2,65-69,0-4,0.0563080472675291,0.01293034498601284,0.12288581706549094
3,2,65-69,5-9,0.06033123654124662,0.02250527927368224,0.11425435909500356
3,2,65-69,10-14,0.031058980737335734,0.008577501191871145,0.06359669017311373
3,2,65-69,15-19,0.05133758924494122,0.01229613739048004,0.10780727377473887
3,2,65-69,20-24,0.04664079814024332,0.006991192033690437,0.10037224356324145
3,2,65-69,25-29,0.05805455738829249,0.019385238544482118,0.11302578288275211
3,2,65-69,30-34,0.08350227319125697,0.03152930675278139,0.15673385896781744
3,2,65-69,35-39,0.07198222793799795,0.02343882287673066,0.14354699758650474
3,2,65-69,40-44,0.06549251841658152,0.02244226295126609,0.1325662748081262
3,2,65-69,45-49,0.04132429644073844,0.01252086320648729,0.10309076336732759
3,2,65-69,50-54,0.03605893485080221,0.011513392598969838,0.0673124419956862
3,2,65-69,55-59,0.050771370406857357,0.013518843404627355,0.10161547393503559
3,2,65-69,60-64,0.057304759507018466,0.021812219882130057,0.10308843327447159
3,2,65-69,65-69,0.08763339800887975,0.028817210279508076,0.17884037200787176
3,2,65-69,70-74,0.04847189837138399,0.013377477072998188,0.09790653262370026
3,2,65-69,75+,0.08068184961967745,0.02577224928264547,0.16361019387297016
3,2,70-74,0-4,0.04507913510338799,0.00795910342322148,0.09981806242148843
3,2,70-74,5-9,0.032568716205680096,0.0073260047544661,0.07000754005892289
3,2,70-74,10-14,0.02631276183679427,0.004106063595308701,0.057494113516179834
3,2,70-74,15-19,0.03941286294726402,0.008336688499188546,0.08887235135725509
3,2,70-74,20-24,0.09259968849626593,0.0067424414771331265,0.3057010527215244
3,2,70-74,25-29,0.035805821787727836,0.005500648010540587,0.07661387402755807
3,2,70-74,30-34,0.05998686627933758,0.019403799161968483,0.12105139857936532
3,2,70-74,35-39,0.05078187172020833,0.014402399619332805,0.10296089877668045
3,2,70-74,40-44,0.0459606386789068,0.009184187085347895,0.1115502874718857
3,2,70-74,45-49,0.03121593195315064,0.007985830392382232,0.06713790783570978
3,2,70-74,50-54,0.02836721168578084,0.007862668533205932,0.05496336232878173
3,2,70-74,55-59,0.05623389504175197,0.0103182943943247,0.12911583322679923
3,2,70-74,60-64,0.033625464662405416,0.008690621237491912,0.06667276720806642
3,2,70-74,65-69,0.06946917827512163,0.023891800643642654,0.14309430725881886
3,2,70-74,70-74,0.06729903274134932,0.025693493473021252,0.1275431972081761
3,2,70-74,75+,0.11933322680515485,0.04801876755990341,0.2176773151472419
3,2,75+,0-4,0.030132157197108347,0.0052591299678282745,0.0648312453826837
3,2,75+,5-9,0.019479970289308406,0.004940187260424553,0.038897917671001314
3,2,75+,10-14,0.017417611546585887,0.0036819907161517625,0.03739042731889462
3,2,75+,15-19,0.03908338084964591,0.011334530961522008,0.08109716569254556
3,2,75+,20-24,0.07727379344552485,0.01286344447414001,0.17220521637621855
3,2,75+,25-29,0.023334858858749877,0.005437054166273985,0.050580947751390416
3,2,75+,30-34,0.04362491927416071,0.01459242125503004,0.08227075186056305
3,2,75+,35-39,0.03653823082532717,0.009591330098528262,0.07297431921663917
3,2,75+,40-44,0.024511384643613427,0.004530197221050603,0.05572453043596311
3,2,75+,45-49,0.030904249889193713,0.010185812933189554,0.05865858948471665
3,2,75+,50-54,0.0333374652425343,0.013288281090200844,0.05973779881835095
3,2,75+,55-59,0.05421308627896429,0.022109775737646234,0.09854497386778656
3,2,75+,60-64,0.036005317752334585,0.013428555565722028,0.06871941596923811
3,2,75+,65-69,0.05960758147062582,0.024015354147788097,0.11103482672315919
3,2,75+,70-74,0.05794403928073303,0.023831757243938975,0.10243477232166245
3,2,75+,75+,0.1692980468535064,0.08655657060081676,0.2646966321957435
3,3,0-4,0-4,0.8677728228099156,0.4593376759361549,1.430782428822924
3,3,0-4,5-9,0.36243956507526903,0.24674911072958916,0.4889478005562371
3,3,0-4,10-14,0.14431193757728666,0.08219789740594309,0.211227646476186
3,3,0-4,15-19,0.12442654357763559,0.06510694407027476,0.19630432659700314
3,3,0-4,20-24,0.19444242472932316,0.10898323420284255,0.29382974901699516
3,3,0-4,25-29,0.26393634320454745,0.17632148991012703,0.3682410647148137
3,3,0-4,30-34,0.46686301046747825,0.33695573068913426,0.6140843685845299
3,3,0-4,35-39,0.3695053638669902,0.2624029269394304,0.4987092922932964
3,3,0-4,40-44,0.18552772800333914,0.10997138836673281,0.27401344921169635
3,3,0-4,45-49,0.08872260238287226,0.040953769555279636,0.1460609090465011
3,3,0-4,50-54,0.10896377670732425,0.04459119847226061,0.19622157236190893
3,3,0-4,55-59,0.0649554615076439,0.023610148796679085,0.1334270767055571
3,3,0-4,60-64,0.07764954612394309,0.021823649112521305,0.16306593592866492
3,3,0-4,65-69,0.09325430745540238,0.03789583714677316,0.17397431647174014
3,3,0-4,70-74,0.05232815705950418,0.010865633001330479,0.11435229240768752
3,3,0-4,75+,0.062145877260571136,0.011156347127928463,0.14498643285689294
3,3,5-9,0-4,0.3340401457953058,0.22741476611654335,0.4506356654251602
3,3,5-9,5-9,1.7903639844816273,1.2268715966207142,2.4444907755844048
3,3,5-9,10-14,0.32899769942215484,0.23754370387839374,0.4368106791608665
3,3,5-9,15-19,0.1477228671686004,0.09421915820072237,0.21462519109695716
3,3,5-9,20-24,0.1473002526778576,0.08177558432975421,0.23048657166206515
3,3,5-9,25-29,0.24811349405730157,0.17591760597501124,0.32721575092489374
3,3,5-9,30-34,0.36308468845594594,0.2643357356144914,0.4905490426441553
3,3,5-9,35-39,0.33539665805359564,0.2600840787118116,0.4170676781338342
3,3,5-9,40-44,0.25459074569629164,0.178549233101355,0.3443982046741809
3,3,5-9,45-49,0.1423921512796433,0.0939261996562816,0.1964204331569332
3,3,5-9,50-54,0.07233068368772744,0.03812609155054814,0.11261038889813405
3,3,5-9,55-59,0.04103487422625544,0.014123193995095132,0.07799706903581148
3,3,5-9,60-64,0.07196074996542833,0.025430111206360958,0.14662557250363212
3,3,5-9,65-69,0.08704595886806461,0.03935293821648159,0.15203175515139394
3,3,5-9,70-74,0.03530714002520117,0.01048245997938372,0.06975347218377873
3,3,5-9,75+,0.04502831252821111,0.010542802273232208,0.08954041562098168
3,3,10-14,0-4,0.1269663241541394,0.0723180982948305,0.18583908083451864
3,3,10-14,5-9,0.3140625016759998,0.2267601567684622,0.4169811974278387
3,3,10-14,10-14,1.6086648378796335,1.024136689007146,2.2955851469442856
3,3,10-14,15-19,0.26069768873178556,0.1790383771811196,0.34429833095021123
3,3,10-14,20-24,0.0872791159038557,0.04028358920868772,0.1469730487168077
3,3,10-14,25-29,0.08260161092023527,0.0405707135911801,0.13636754852787
3,3,10-14,30-34,0.22826044963194878,0.1522255308572135,0.3291110400367651
3,3,10-14,35-39,0.2640582278838951,0.1899418348253115,0.34512233267826953
3,3,10-14,40-44,0.3614438601489121,0.27516617714052793,0.4653989881600283
3,3,10-14,45-49,0.2511944972623626,0.18124702575769933,0.32755477032726
3,3,10-14,50-54,0.14298425256370684,0.0972554475503454,0.19696264888033208
3,3,10-14,55-59,0.07036361924726191,0.034645469017379506,0.11241422905978724
3,3,10-14,60-64,0.056816308921926045,0.024239426645030916,0.10592937088031897
3,3,10-14,65-69,0.06131543271458785,0.02801585263025724,0.10212510073774048
3,3,10-14,70-74,0.04123155552141626,0.013731466691168976,0.07932591770661983
3,3,10-14,75+,0.06881758588574999,0.028222973554534125,0.1295542864732237
3,3,15-19,0-4,0.110569811353318,0.057856324837550405,0.1744429422820685
3,3,15-19,5-9,0.14243220440852175,0.0908447192859294,0.20693843597450587
3,3,15-19,10-14,0.26331428692405606,0.1808353685405679,0.3477540209287018
3,3,15-19,15-19,1.0914432856575274,0.7082727304475727,1.5694480979078909
3,3,15-19,20-24,0.2534662678103495,0.16042503871510647,0.3667916930163536
3,3,15-19,25-29,0.1265484425933477,0.07469484156313759,0.182841864795007
3,3,15-19,30-34,0.14127350038277192,0.0888206865945056,0.1960194579808438
3,3,15-19,35-39,0.17029166945675878,0.11086979520827188,0.23687002459166234
3,3,15-19,40-44,0.24112171085532405,0.17087726626063757,0.3195283316263353
3,3,15-19,45-49,0.24622986236686548,0.1816747841632665,0.31989426075655714
3,3,15-19,50-54,0.2537934835789453,0.17661254084169487,0.36325332986222664
3,3,15-19,55-59,0.13665121608108854,0.08117082189256863,0.19685030242016419
3,3,15-19,60-64,0.08656326000689096,0.042389030920176755,0.14748006989422116
3,3,15-19,65-69,0.059766060246652014,0.015048934879287636,0.16377491052312312
3,3,15-19,70-74,0.04623169292288597,0.012288681739302379,0.10221464505308528
3,3,15-19,75+,0.07302308248549455,0.020406489659102474,0.16185516971565198
3,3,20-24,0-4,0.1616376498417603,0.09059645225687747,0.24425713756046874
3,3,20-24,5-9,0.1328592899272146,0.07375850258176367,0.2078902221284732
3,3,20-24,10-14,0.08246611757893167,0.038062154614907924,0.13886823429519732
3,3,20-24,15-19,0.2371090539368873,0.15007215550271438,0.3431211264296908
3,3,20-24,20-24,0.5353645991928068,0.35896839699179,0.7400275449064598
3,3,20-24,25-29,0.3221900913476578,0.23468392693865647,0.4161502819606823
3,3,20-24,30-34,0.17948716017685618,0.11264223261186787,0.253823727785987
3,3,20-24,35-39,0.13818619314673808,0.08385408847861345,0.19514569657609732
3,3,20-24,40-44,0.1340687691788805,0.0818762158044965,0.1941782188470208
3,3,20-24,45-49,0.13853415704061475,0.08919086759512469,0.19441783137203508
3,3,20-24,50-54,0.152822371974259,0.0963319818695565,0.21133344949569385
3,3,20-24,55-59,0.11990419217802176,0.0726395572611451,0.1719426581905735
3,3,20-24,60-64,0.10386988285238924,0.06131992643365007,0.15490945944927437
3,3,20-24,65-69,0.036733236751846435,0.010207368893963337,0.0725189391814936
3,3,20-24,70-74,0.04480431871294686,0.013842184621755054,0.12417239333520402
3,3,20-24,75+,0.058782379889400514,0.010866643297580652,0.1415054840421623
3,3,25-29,0-4,0.19481861056250796,0.13014769871984183,0.2718087691477971
3,3,25-29,5-9,0.1987094709502879,0.14088913038346282,0.2620609934978801
3,3,25-29,10-14,0.06930003832779544,0.03403749606735617,0.11440789391837178
3,3,25-29,15-19,0.10511495762249946,0.06204379085690348,0.15187397391610608
3,3,25-29,20-24,0.2860829181789409,0.20838338754452285,0.36951318572934294
3,3,25-29,25-29,0.5161488854517579,0.38398650069596607,0.6639412522806926
3,3,25-29,30-34,0.3295756312923427,0.24736635740358026,0.41469908110775744
3,3,25-29,35-39,0.16409387105236442,0.11468106416927606,0.2180434437393257
3,3,25-29,40-44,0.11677555232889905,0.0746166418409651,0.16840967501924087
3,3,25-29,45-49,0.10043902934105942,0.06112680614921611,0.14880763429365032
3,3,25-29,50-54,0.11363353172178875,0.0741254553781584,0.1587570866441634
3,3,25-29,55-59,0.11861643941710868,0.07522376884906436,0.16634385126736023
3,3,25-29,60-64,0.1140715242619578,0.07173652627437338,0.1604732610094387
3,3,25-29,65-69,0.06554874918717854,0.02893412600431341,0.11580130106721666
3,3,25-29,70-74,0.03626963000503447,0.012374450469923817,0.07419500343923245
3,3,25-29,75+,0.055298492258505076,0.018005503765631405,0.10479226929056762
3,3,30-34,0-4,0.32377759913053256,0.23368464635174185,0.4258781656846177
3,3,30-34,5-9,0.27321353029165607,0.19890703685853636,0.3691277544419596
3,3,30-34,10-14,0.17992922608171064,0.11999372646982787,0.25942599703209246
3,3,30-34,15-19,0.11025403860608815,0.06931830373195803,0.15297941106582766
3,3,30-34,20-24,0.149740479436616,0.0939738636429038,0.2117571343466143
3,3,30-34,25-29,0.30965719717271467,0.23241637316465136,0.3896360741914842
3,3,30-34,30-34,0.5364151074182921,0.4121437385608903,0.675338744709884
3,3,30-34,35-39,0.2958245024299715,0.23181522411094044,0.36679476656896504
3,3,30-34,40-44,0.18478825334384344,0.12902940236388583,0.24811824559123027
3,3,30-34,45-49,0.10297818713716825,0.0659577481295238,0.15084317409181205
3,3,30-34,50-54,0.12029316590242205,0.0831343142036159,0.1632062484507147
3,3,30-34,55-59,0.11574836610259144,0.07492930933773642,0.1613414454606465
3,3,30-34,60-64,0.1295170644856233,0.0833263358017021,0.1836060257100407
3,3,30-34,65-69,0.11473356454697532,0.05960140537280341,0.17818050112690992
3,3,30-34,70-74,0.0623287194836474,0.02943539877309219,0.11051627466384656
3,3,30-34,75+,0.08852108688723985,0.037639800183905926,0.14751796237038137
3,3,35-39,0-4,0.26379364213028106,0.1873321217277793,0.356033642384741
3,3,35-39,5-9,0.2598000581210078,0.2014625284515504,0.323062870239599
3,3,35-39,10-14,0.21426784054054293,0.15412671327258493,0.28004663038866734
3,3,35-39,15-19,0.13680861571641634,0.0890703770512847,0.19029621514942904
3,3,35-39,20-24,0.11867431416332444,0.07201389815712628,0.16759114044411477
3,3,35-39,25-29,0.158710145935516,0.11091851458935903,0.21088969718502
3,3,35-39,30-34,0.3045232018680877,0.2386317350596843,0.37758034181255967
3,3,35-39,35-39,0.37016235782113743,0.27090496036994083,0.4800073734886299
3,3,35-39,40-44,0.2180353017494633,0.16074511319872897,0.28026005729554343
3,3,35-39,45-49,0.114769186613729,0.07572432809622509,0.16188736233981618
3,3,35-39,50-54,0.10736359729457975,0.06967846872904213,0.14963409470542546
3,3,35-39,55-59,0.08471116476977526,0.0494600723441028,0.12323629084679172
3,3,35-39,60-64,0.12505114642414378,0.08110225901141327,0.17934139101352933
3,3,35-39,65-69,0.10813667017098898,0.059804633278933074,0.17453699946637974
3,3,35-39,70-74,0.055753281419784695,0.026455860541036505,0.10284736955567031
3,3,35-39,75+,0.09338111588860387,0.041144003572206864,0.15776685265993598
3,3,40-44,0-4,0.14222965101056484,0.08430649346531202,0.21006475782897133
3,3,40-44,5-9,0.21176825957479326,0.14851702578142367,0.2864699901210786
3,3,40-44,10-14,0.314945843665066,0.2397673701578727,0.4055276437855113
3,3,40-44,15-19,0.20801473657986255,0.14741513488190608,0.27565581505406567
3,3,40-44,20-24,0.12363955731326783,0.07550706356561528,0.17907309185550746
3,3,40-44,25-29,0.12128357837898567,0.07749715714130515,0.17491099474697874
3,3,40-44,30-34,0.20426706389959148,0.14263058771678183,0.27427276685456553
3,3,40-44,35-39,0.23413403866047733,0.17261380265568235,0.3009531876871121
3,3,40-44,40-44,0.41882988115757164,0.29446389765694997,0.5581611079687406
3,3,40-44,45-49,0.19251346710248307,0.1411405920304018,0.24960269818472297
3,3,40-44,50-54,0.15806861580988837,0.10887153853415689,0.21308136962609625
3,3,40-44,55-59,0.11640640979741748,0.07461725656129715,0.16476299097907557
3,3,40-44,60-64,0.12314954991615562,0.07487103114519182,0.18930614279866942
3,3,40-44,65-69,0.120329858695492,0.06262137182083753,0.192850196136702
3,3,40-44,70-74,0.08228447715820363,0.04111547212047204,0.14132276790133758
3,3,40-44,75+,0.08665523180562286,0.03594909522104744,0.1475414081739728
3,3,45-49,0-4,0.07587459892432641,0.03502321568563458,0.12490969149666431
3,3,45-49,5-9,0.13212503761280509,0.0871536987880891,0.18225763769673048
3,3,45-49,10-14,0.244166438916173,0.17617599639208392,0.31839026209749455
3,3,45-49,15-19,0.23696233860259283,0.17483696456081058,0.3078541790413721
3,3,45-49,20-24,0.14251727300575148,0.09175527175545307,0.20000770743284071
3,3,45-49,25-29,0.11636795361624008,0.07082108807052168,0.17240747943137447
3,3,45-49,30-34,0.12698430500073588,0.08133371773659953,0.18600750468290372
3,3,45-49,35-39,0.13748137380872238,0.09070975376387397,0.19392397588087437
3,3,45-49,40-44,0.21475433234619343,0.15744640655346887,0.2784390183567434
3,3,45-49,45-49,0.2668644072896904,0.18181818526720062,0.3663167842715787
3,3,45-49,50-54,0.20877797007806342,0.1517497758358467,0.27208015364567995
3,3,45-49,55-59,0.1281446399007184,0.08120375711127392,0.18291496347449474
3,3,45-49,60-64,0.09920509476602951,0.05827295566818754,0.15043546383394585
3,3,45-49,65-69,0.09795276590316412,0.04504401784896027,0.195652825961508
3,3,45-49,70-74,0.07883850774606874,0.039364847269375704,0.1299946782067986
3,3,45-49,75+,0.14054212102584723,0.07343134529274657,0.21756127791054458
3,3,50-54,0-4,0.08505523062467549,0.034807114662297384,0.15316714962631045
3,3,50-54,5-9,0.061260196442246666,0.03229074770045275,0.09537493901095226
3,3,50-54,10-14,0.12685885865553073,0.0862872299085703,0.17474971115155655
3,3,50-54,15-19,0.222933746358955,0.15513753477269882,0.3190839440066288
3,3,50-54,20-24,0.14350079791373274,0.090456103280618,0.19844292584073833
3,3,50-54,25-29,0.12016946766873475,0.07838897883861026,0.16788842431982806
3,3,50-54,30-34,0.13539496103755755,0.09357112806901367,0.18369542013712634
3,3,50-54,35-39,0.11739033889138796,0.07618577677769539,0.16360849980631872
3,3,50-54,40-44,0.16094712042341683,0.11085414099035493,0.21696168263056623
3,3,50-54,45-49,0.19056424261041266,0.13851117092308818,0.24834396267684344
3,3,50-54,50-54,0.29867697902889545,0.20978378368209388,0.3943808035281003
3,3,50-54,55-59,0.1889021698007727,0.1338233163424709,0.24891593135863793
3,3,50-54,60-64,0.13198033086193117,0.08029135959551452,0.19875321065356824
3,3,50-54,65-69,0.06162578520756026,0.0335609400042223,0.09258932305514136
3,3,50-54,70-74,0.04914249099479602,0.025363379346941762,0.07694207714554624
3,3,50-54,75+,0.14123923447078,0.07992166715354339,0.21404527558650718
3,3,55-59,0-4,0.047459318400508134,0.017250613623815216,0.09748769340778017
3,3,55-59,5-9,0.032530884114343246,0.011196329849717529,0.06183310323000718
3,3,55-59,10-14,0.058434281063106816,0.028771730274569304,0.09335569612030285
3,3,55-59,15-19,0.11235587681845298,0.06673939045227543,0.16185211492937485
3,3,55-59,20-24,0.10538740049228212,0.06384509143180368,0.15112557327048168
3,3,55-59,25-29,0.11741388573916588,0.07446113746050899,0.16465742895416538
3,3,55-59,30-34,0.12194482111974833,0.07894056332266433,0.1699786732925613
3,3,55-59,35-39,0.08669676653872135,0.05061940013053518,0.12612490886743608
3,3,55-59,40-44,0.11094338196130478,0.07111542061980441,0.15703055762212959
3,3,55-59,45-49,0.10948235545278055,0.06937768608227138,0.15627622867614566
3,3,55-59,50-54,0.17681694856116287,0.12526182450400902,0.23299126461867775
3,3,55-59,55-59,0.3015745132331988,0.206349210100731,0.40152094243416764
3,3,55-59,60-64,0.22276692382657515,0.16553533163556686,0.29387789986017054
3,3,55-59,65-69,0.08061918699080314,0.039857045352207,0.1317908254308283
3,3,55-59,70-74,0.07249603608908159,0.032754500595060604,0.12013258626630899
3,3,55-59,75+,0.17091331666996945,0.10508207811084225,0.2502815046851067
3,3,60-64,0-4,0.06059568499804255,0.01703060781603702,0.12725241267569432
3,3,60-64,5-9,0.06093059156142607,0.021532178583753326,0.12415077490119512
3,3,60-64,10-14,0.050395238558967305,0.02150001841878734,0.09395780924893689
3,3,60-64,15-19,0.076017371732831,0.03722483095711771,0.12951276668000306
3,3,60-64,20-24,0.09750815081846331,0.057564257036532236,0.14542169992289566
3,3,60-64,25-29,0.12060040775718635,0.07584236623248797,0.1696579478277197
3,3,60-64,30-34,0.1457378767693743,0.09376218729895588,0.206600979224747
3,3,60-64,35-39,0.13669318986896156,0.08865273775457688,0.19603776146144106
3,3,60-64,40-44,0.1253586447798737,0.07621409094895666,0.19270197516680673
3,3,60-64,45-49,0.09052626818280221,0.0531750231685608,0.13727481613070658
3,3,60-64,50-54,0.13194505289807726,0.08026989794541034,0.19870008449048399
3,3,60-64,55-59,0.23792915464796055,0.17680219686061707,0.3138801716267493
3,3,60-64,60-64,0.2821478754486491,0.1860413709810409,0.39262139842528676
3,3,60-64,65-69,0.16262991736302146,0.11308417374846207,0.22128581501336786
3,3,60-64,70-74,0.06486706465968808,0.03552009532208567,0.09897473919902867
3,3,60-64,75+,0.15410724840675682,0.0876051264519474,0.23369320376255467
3,3,65-69,0-4,0.08698690052751641,0.035348945332844786,0.16228190390569688
3,3,65-69,5-9,0.08809890389825613,0.039828968135128165,0.1538707960798831
3,3,65-69,10-14,0.06500824836604073,0.029703150175124725,0.1082757410205221
3,3,65-69,15-19,0.06273588835977582,0.015796729692809437,0.1719130299087514
3,3,65-69,20-24,0.04121854470253198,0.01145373858267237,0.08137385650564377
3,3,65-69,25-29,0.08283580896370867,0.03656487368479025,0.14634138060454677
3,3,65-69,30-34,0.154318541359299,0.08016487569624439,0.23965572011245034
3,3,65-69,35-39,0.14129095829856092,0.07814050435724808,0.22804937376161372
3,3,65-69,40-44,0.14641212496604877,0.07619495456883935,0.23465170924821876
3,3,65-69,45-49,0.1068413882997605,0.04913149064458066,0.21340713922427065
3,3,65-69,50-54,0.07364250321037193,0.04010515442001759,0.11064377512382455
3,3,65-69,55-59,0.10292421080434566,0.05088435012792792,0.16825357839776645
3,3,65-69,60-64,0.19439389379435262,0.13517114942886327,0.26450613712041665
3,3,65-69,65-69,0.31373338564420294,0.19353429740300301,0.4836137774269742
3,3,65-69,70-74,0.15153004631662415,0.09465278743809197,0.22210255461914155
3,3,65-69,75+,0.22564327589610653,0.1231596374602538,0.34539805830709464
3,3,70-74,0-4,0.05560857742134386,0.011546792930225164,0.12152096811722295
3,3,70-74,5-9,0.04071044235805662,0.01208666525968227,0.08042834130958046
3,3,70-74,10-14,0.04980234314529548,0.016585821402895804,0.09581536577945854
3,3,70-74,15-19,0.055286947297422534,0.014695626673434785,0.1222351018705008
3,3,70-74,20-24,0.05727626954208939,0.01769536330920501,0.1587376323233398
3,3,70-74,25-29,0.052217758384694925,0.017815623282955027,0.10681930756954704
3,3,70-74,30-34,0.09550744297906488,0.04510440280462866,0.16934611986510084
3,3,70-74,35-39,0.08299142120906662,0.03938081149122011,0.1530932198012343
3,3,70-74,40-44,0.11406251445701152,0.05699415363764801,0.1959012296554904
3,3,70-74,45-49,0.09796763055993046,0.04891620763238747,0.16153617024740974
3,3,70-74,50-54,0.06690285224691424,0.034529841417899915,0.10474935874504754
3,3,70-74,55-59,0.10544227863770148,0.047639972675737684,0.17472753433021987
3,3,70-74,60-64,0.08833398305117447,0.0483701785277038,0.13478077019160517
3,3,70-74,65-69,0.1726315405134492,0.10783377228821728,0.2530317061723782
3,3,70-74,70-74,0.2986233534228982,0.19700947347542283,0.41837828123803944
3,3,70-74,75+,0.2729448789801591,0.17445953883581417,0.3919339351743173
3,3,75+,0-4,0.03093012715092456,0.0055525362327713025,0.07216003701452088
3,3,75+,5-9,0.02431599190562834,0.005693277858856929,0.048353222655241404
3,3,75+,10-14,0.03892983179632634,0.01596562272751405,0.07328833925195909
3,3,75+,15-19,0.04089837121643885,0.011429155835323423,0.09065096390097444
3,3,75+,20-24,0.0351937097796733,0.006505988549865529,0.08472101583811598
3,3,75+,25-29,0.03728648345031673,0.012140691197029398,0.07065898282286212
3,3,75+,30-34,0.06352706453320746,0.027012162857262705,0.10586610992754715
3,3,75+,35-39,0.06510058104225926,0.028683513936058447,0.10998705337407264
3,3,75+,40-44,0.05625781395581292,0.023338665983399513,0.09578598913045
3,3,75+,45-49,0.0817925502383078,0.042735494206885535,0.12661607512053974
3,3,75+,50-54,0.0900545910647294,0.050958312537531976,0.1364759575092999
3,3,75+,55-59,0.11642318079507825,0.0715800852536537,0.1704874110300279
3,3,75+,60-64,0.0982855496650472,0.05587224543831449,0.1490433787005537
3,3,75+,65-69,0.12039454872918141,0.06571323215722155,0.1842910815608119
3,3,75+,70-74,0.12783153011616455,0.08170671630136608,0.18355909378107294
3,3,75+,75+,0.5235340843626273,0.3571223377220022,0.7238182940046861
3,4,0-4,0-4,0.4185287362661035,0.23884344532714316,0.6548700562465425
3,4,0-4,5-9,0.18051845132915684,0.09342650623589814,0.28860539476982305
3,4,0-4,10-14,0.06543597770059904,0.023984764511359273,0.11954426169457068
3,4,0-4,15-19,0.06707668093262804,0.027370660055981894,0.11872031908191287
3,4,0-4,20-24,0.05998236915006437,0.01276256815214368,0.13285325950813992
3,4,0-4,25-29,0.07075181031805759,0.025201392958405268,0.13429651470663603
3,4,0-4,30-34,0.1158654951338244,0.05027930978798293,0.20309702174491118
3,4,0-4,35-39,0.08573006485483502,0.03520296681371434,0.1481245442204155
3,4,0-4,40-44,0.06494505863897261,0.02061599276749116,0.12293013041953134
3,4,0-4,45-49,0.05053577154404202,0.01445557755767737,0.09808936968986494
3,4,0-4,50-54,0.09985750801816361,0.03440956360917253,0.19709597034726714
3,4,0-4,55-59,0.051059511473119094,0.009501876254532311,0.13281462080725856
3,4,0-4,60-64,0.06534351233765763,0.01377846327280373,0.15444914827685757
3,4,0-4,65-69,0.0493456648397049,0.00757575758014955,0.1288331370866754
3,4,0-4,70-74,0.045445251293238155,0.007462686572334099,0.10650132825937435
3,4,0-4,75+,0.042882529848715205,0,0.10384367577126014
3,4,5-9,0-4,0.16286064299740147,0.08597820281522589,0.2587609318140574
3,4,5-9,5-9,0.9605965446042765,0.7100074655808328,1.2330140024107943
3,4,5-9,10-14,0.19126339810307813,0.12036982119210923,0.2721222154912532
3,4,5-9,15-19,0.07642743754247325,0.03879210014868454,0.12242583518059079
3,4,5-9,20-24,0.08510416987052942,0.02960602684973973,0.1693294627271514
3,4,5-9,25-29,0.0655362713571686,0.03117196335859796,0.10531762923278815
3,4,5-9,30-34,0.07793342156279683,0.03479906652008214,0.13812387742606744
3,4,5-9,35-39,0.07004088988522038,0.03360714823267747,0.11231856598451638
3,4,5-9,40-44,0.06291377819531022,0.02542002309749684,0.11862810756175203
3,4,5-9,45-49,0.04451392374304789,0.014107933054717045,0.08661360667687308
3,4,5-9,50-54,0.0257514248625504,0.0041182301791988524,0.054265065729619075
3,4,5-9,55-59,0.021943557986262283,0.0033991079877539795,0.0626320009759895
3,4,5-9,60-64,0.0403656325121706,0.004548477316896439,0.1079133642318551
3,4,5-9,65-69,0.05943694410794398,0.01639724929921789,0.11848068096238562
3,4,5-9,70-74,0.027661226923235135,0.004131384636336643,0.060924689037424574
3,4,5-9,75+,0.03437901979475643,0.0070410223593872475,0.07672834977883107
3,4,10-14,0-4,0.0636280991721142,0.02585913688689671,0.11222733646776326
3,4,10-14,5-9,0.19170631509813135,0.12232038451680716,0.28547466092172785
3,4,10-14,10-14,1.0976081220135268,0.7656621165736024,1.5019148263364892
3,4,10-14,15-19,0.12852905315750857,0.06912751324246222,0.19000504957848174
3,4,10-14,20-24,0.046024688135318785,0.012768332293834549,0.09684837214143344
3,4,10-14,25-29,0.027637136851393882,0.007511986488800195,0.05321215483524822
3,4,10-14,30-34,0.05438342067904204,0.02011748215555653,0.10280799825073524
3,4,10-14,35-39,0.07070718986008734,0.03340355246334635,0.11894786032696392
3,4,10-14,40-44,0.08191889823334089,0.031682454405187105,0.1592190515528616
3,4,10-14,45-49,0.0662568876155625,0.025865553852224128,0.12474600042064872
3,4,10-14,50-54,0.03095158745995428,0.010025499488306758,0.06321983609559031
3,4,10-14,55-59,0.02660099209029479,0.004767472829237486,0.06716862513675483
3,4,10-14,60-64,0.031333627765149606,0.004771404763969029,0.07479086478134372
3,4,10-14,65-69,0.02825216071906883,0.007087307410206621,0.059480213567135794
3,4,10-14,70-74,0.0304984465186055,0.006867827118134804,0.06793313782806933
3,4,10-14,75+,0.04055745768934543,0.010062148476324162,0.08688151962926997
3,4,15-19,0-4,0.07143973762457746,0.029660191288262052,0.12580191007873717
3,4,15-19,5-9,0.06479753133558072,0.029804760702622012,0.11039019322548728
3,4,15-19,10-14,0.12712620658297927,0.07443575545356632,0.1924912615252124
3,4,15-19,15-19,0.6294229371459831,0.4173846224479636,0.8567687701318343
3,4,15-19,20-24,0.10778744543063783,0.04555371084902753,0.19684560340099286
3,4,15-19,25-29,0.0566546640932704,0.02360858606170815,0.09705372970711025
3,4,15-19,30-34,0.07578993050081577,0.03480514930102201,0.12755628646483788
3,4,15-19,35-39,0.055900962963389006,0.027323778449775318,0.09569543438386466
3,4,15-19,40-44,0.06752556654046374,0.028498053880346427,0.12126523030477167
3,4,15-19,45-49,0.06831031088300668,0.028659253676794977,0.12089897971262449
3,4,15-19,50-54,0.08401434554334473,0.02635653382169119,0.1901557154534133
3,4,15-19,55-59,0.042237165986951576,0.008682891859549078,0.10008039021403362
3,4,15-19,60-64,0.03337543745081027,0.006671722541776683,0.07889195568027743
3,4,15-19,65-69,0.04262800799621077,0.004424778761150415,0.12939075453782356
3,4,15-19,70-74,0.033240289020546016,0.004497824095684879,0.08481743806555593
3,4,15-19,75+,0.05536399104801466,0.009084261220238893,0.1387407778700705
3,4,20-24,0-4,0.0420767097502932,0.010127491694954843,0.08988553177423987
3,4,20-24,5-9,0.05335341538199847,0.018431754089906605,0.10858693237044689
3,4,20-24,10-14,0.05035779150875613,0.016299695853812655,0.10194508708275839
3,4,20-24,15-19,0.08639481575953387,0.03669890530326386,0.1552894307229595
3,4,20-24,20-24,0.1987715888872721,0.11234905455745743,0.3059200088481977
3,4,20-24,25-29,0.15114522303093095,0.08898408347430001,0.22961018296349409
3,4,20-24,30-34,0.1082706557919519,0.06028688786530617,0.17057902931133662
3,4,20-24,35-39,0.07603053046594593,0.0378686692811294,0.12357431371066906
3,4,20-24,40-44,0.07909587136462681,0.040288139792121105,0.12881979313659667
3,4,20-24,45-49,0.06464967157648295,0.03149667834744811,0.10566628492725527
3,4,20-24,50-54,0.051414958618461085,0.020802846612956935,0.08883173399914904
3,4,20-24,55-59,0.03697477838582989,0.013105937040877045,0.06738101606234331
3,4,20-24,60-64,0.03682901542811805,0.013536891406305233,0.06816509787956868
3,4,20-24,65-69,0.02290651994048029,0.0038847699704385097,0.05154497820422791
3,4,20-24,70-74,0.03570093594316744,0.004079773105910479,0.13576716984194603
3,4,20-24,75+,0.056236258613497514,0.009988095243366366,0.1352322481440468
3,4,25-29,0-4,0.04953008700024985,0.016741405605375657,0.09643865827757765
3,4,25-29,5-9,0.06055596526852908,0.029730937228136935,0.09881103372625893
3,4,25-29,10-14,0.03458778990129617,0.013033731996541332,0.06446395762560168
3,4,25-29,15-19,0.05523017347164334,0.025477441150415673,0.09344735523089368
3,4,25-29,20-24,0.1249991324244186,0.07044163477335967,0.1974799832985738
3,4,25-29,25-29,0.1818454784993903,0.11548031070343945,0.2536159608920098
3,4,25-29,30-34,0.16868237738335062,0.10828755348034982,0.2384206474359515
3,4,25-29,35-39,0.10111570092315773,0.05973545147708797,0.15293838371624607
3,4,25-29,40-44,0.08158436637772308,0.04337570127493673,0.1258289405711078
3,4,25-29,45-49,0.06914046352460802,0.03866342336146948,0.10562579248550186
3,4,25-29,50-54,0.061263013958521816,0.03368132394698087,0.09527857937261791
3,4,25-29,55-59,0.05117902157468054,0.021208770172040106,0.08706380832865039
3,4,25-29,60-64,0.03959457663962489,0.016353782304682738,0.06948495571617921
3,4,25-29,65-69,0.03695722774713983,0.007631324076606025,0.08222055036585596
3,4,25-29,70-74,0.019199508320178523,0.002999740998118418,0.0439138730991309
3,4,25-29,75+,0.03575230674053245,0.004421917912813633,0.07667785260219158
3,4,30-34,0-4,0.0988169628314754,0.04378180813650289,0.17531897477624944
3,4,30-34,5-9,0.08694371360601605,0.03907517659101659,0.15351543199190365
3,4,30-34,10-14,0.06891163477085237,0.02810629684430918,0.12663191751979838
3,4,30-34,15-19,0.07699453929822844,0.03721498984358423,0.12863307535052532
3,4,30-34,20-24,0.09045528546469125,0.05144357291399889,0.13747983141696693
3,4,30-34,25-29,0.1665077654417457,0.10824380978019356,0.23115043314099082
3,4,30-34,30-34,0.1978636504749949,0.1348058263304544,0.2687483495589667
3,4,30-34,35-39,0.12862121537574253,0.08151643650407438,0.18138584719674986
3,4,30-34,40-44,0.11374654160746418,0.07428771540351994,0.16197131719667715
3,4,30-34,45-49,0.07226303994660292,0.04142752276460745,0.10721815001924798
3,4,30-34,50-54,0.0852876641063359,0.049784082798161836,0.12400443092024362
3,4,30-34,55-59,0.06933892369626889,0.03715597049362586,0.10672661392101863
3,4,30-34,60-64,0.05837604519697076,0.03039893012347792,0.09573575277172247
3,4,30-34,65-69,0.07143242640977437,0.026372745816808606,0.1280765779274714
3,4,30-34,70-74,0.050743195963994965,0.015047801700904079,0.09878377588267506
3,4,30-34,75+,0.05782747018345842,0.016379638417110664,0.10667096190163446
3,4,35-39,0-4,0.058663977356553855,0.023855570446894635,0.10687207744690655
3,4,35-39,5-9,0.05369800110070482,0.02566503147526483,0.09155383010615128
3,4,35-39,10-14,0.061017873928688196,0.026771483228433212,0.11350128392579652
3,4,35-39,15-19,0.04461745152353703,0.02009262744427244,0.07848557671964922
3,4,35-39,20-24,0.06657984195266939,0.03519216377075749,0.10585824027743487
3,4,35-39,25-29,0.09244451494216785,0.05619106477021961,0.13459962765369402
3,4,35-39,30-34,0.12780556566511456,0.08097869739398161,0.18268834818872892
3,4,35-39,35-39,0.13625245250173093,0.0893686312893919,0.19022474348694118
3,4,35-39,40-44,0.10545609314201977,0.06259482705905169,0.15456425525447057
3,4,35-39,45-49,0.08031230265480296,0.04805523233251609,0.11913167873364001
3,4,35-39,50-54,0.07306673275852581,0.04297789712041249,0.10767937114294411
3,4,35-39,55-59,0.049818078846398335,0.0221191363079835,0.0797025884480745
3,4,35-39,60-64,0.05402517323105179,0.02737946092160074,0.08970653281026364
3,4,35-39,65-69,0.0674974440233245,0.024010665728957607,0.13304183183325521
3,4,35-39,70-74,0.036002826425232844,0.009455435767969988,0.07844803410207322
3,4,35-39,75+,0.05887228028546366,0.01719524780606395,0.12065547681331125
3,4,40-44,0-4,0.04972137800626837,0.015423614060395338,0.0946870938575767
3,4,40-44,5-9,0.06162615495843357,0.023999229365993236,0.12724352891892468
3,4,40-44,10-14,0.07535419235627014,0.031054704305158293,0.15105334726189848
3,4,40-44,15-19,0.04545449873720496,0.017515362777143835,0.08514678155124238
3,4,40-44,20-24,0.0733933513435229,0.03338414619803219,0.12383642960324995
3,4,40-44,25-29,0.0802423028058289,0.043257236135496216,0.12382645620192478
3,4,40-44,30-34,0.12402243945983374,0.07949308045359961,0.18074959604526547
3,4,40-44,35-39,0.11451135606229675,0.07316889087396376,0.16454961664798812
3,4,40-44,40-44,0.16826853906961783,0.10870228159889918,0.2376012852563538
3,4,40-44,45-49,0.10623460927259593,0.06317758622647258,0.15629287126121164
3,4,40-44,50-54,0.09859961471376369,0.057992641919576,0.14487079745754475
3,4,40-44,55-59,0.08434894407894698,0.04597610992257959,0.13086085592267913
3,4,40-44,60-64,0.0714781038843999,0.037649088489789984,0.11736318097233903
3,4,40-44,65-69,0.07005310698993131,0.023494478710092286,0.13781298586574042
3,4,40-44,70-74,0.06060447769305755,0.01908381345541738,0.12390140306761115
3,4,40-44,75+,0.05361453030409497,0.013777223234467801,0.1063942885619218
3,4,45-49,0-4,0.04044182706441218,0.010132477356559404,0.08394097691811325
3,4,45-49,5-9,0.03144346589120965,0.00967741936120315,0.0636678652493223
3,4,45-49,10-14,0.0624624793423382,0.025424839578032685,0.11073894037854955
3,4,45-49,15-19,0.0681866498764101,0.028976344963135864,0.11570448763069269
3,4,45-49,20-24,0.060781774562163424,0.026490706039507792,0.10634215786466793
3,4,45-49,25-29,0.07542877597455953,0.04011896493585693,0.11954997822395493
3,4,45-49,30-34,0.08247613018447936,0.0447884145356094,0.1287044823923353
3,4,45-49,35-39,0.09072249637225914,0.05240944901789641,0.14054852281415173
3,4,45-49,40-44,0.11323375407479537,0.06409425017913235,0.17392559004948105
3,4,45-49,45-49,0.10863144813607728,0.06501620191223532,0.1644335327134462
3,4,45-49,50-54,0.10552217726830952,0.060684925638100136,0.16077792319833004
3,4,45-49,55-59,0.07907126155501405,0.04246859751908354,0.12118749575185657
3,4,45-49,60-64,0.06034963675869097,0.03114226252850116,0.09867982605564721
3,4,45-49,65-69,0.0610013437104104,0.0216540236181325,0.13372994739329758
3,4,45-49,70-74,0.04170858157045554,0.013569638051557439,0.08246554975101976
3,4,45-49,75+,0.06548187391837246,0.020726326787498785,0.12525116320281682
3,4,50-54,0-4,0.05594443469872434,0.017019451108319934,0.11912652377243474
3,4,50-54,5-9,0.02696763718498796,0.006405416802667785,0.05692246298049668
3,4,50-54,10-14,0.030067012503234288,0.009004860640263432,0.05860171688250497
3,4,50-54,15-19,0.058851363177719336,0.02123747562546857,0.11704450190693867
3,4,50-54,20-24,0.04494464728918862,0.018025787467993323,0.07719138265268005
3,4,50-54,25-29,0.06005338297148538,0.031668432851248436,0.09349943101866312
3,4,50-54,30-34,0.08491337821881349,0.05007963880080399,0.12514946487313994
3,4,50-54,35-39,0.07501610419417246,0.04214025385780703,0.11099712988530076
3,4,50-54,40-44,0.0911230146547127,0.05292786690789306,0.1323818093219182
3,4,50-54,45-49,0.10214634917670576,0.06616243029316506,0.14587789756095396
3,4,50-54,50-54,0.11512883843571775,0.07475004282828945,0.16275328489787239
3,4,50-54,55-59,0.08160535942497613,0.04674433420951258,0.125475629764802
3,4,50-54,60-64,0.07348301311389858,0.03842894399900777,0.11467664658306173
3,4,50-54,65-69,0.032720644953518556,0.010801370156940977,0.06381497004877135
3,4,50-54,70-74,0.032039541441361,0.010410082894465234,0.05961271832796438
3,4,50-54,75+,0.06271584626157634,0.025968586253445107,0.11132642109707012
3,4,55-59,0-4,0.03234728333103076,0.006096431873320504,0.08418420375283613
3,4,55-59,5-9,0.016696283845775296,0.0028300366497671435,0.043427731091814414
3,4,55-59,10-14,0.01936001525660892,0.003105772539754545,0.04599915400569897
3,4,55-59,15-19,0.028964142488508184,0.006651089199815362,0.06099091259877404
3,4,55-59,20-24,0.029303295948775763,0.0087719298270588,0.055277336223128144
3,4,55-59,25-29,0.04595003758228052,0.019176091298254865,0.07942240715873644
3,4,55-59,30-34,0.05991425301566932,0.029484270656226955,0.09868714472891596
3,4,55-59,35-39,0.048489232162838916,0.022688392193154026,0.08051773886872092
3,4,55-59,40-44,0.07718748841904666,0.04220467954625444,0.11900101041566935
3,4,55-59,45-49,0.06540149525205095,0.032809251896220956,0.1068025392592313
3,4,55-59,50-54,0.0834169661450268,0.0451833442559723,0.12931742787889072
3,4,55-59,55-59,0.08826494386553294,0.04759078419636933,0.13628672370954922
3,4,55-59,60-64,0.08715623467535787,0.046664950474446486,0.13343975740286942
3,4,55-59,65-69,0.03896757667981757,0.011158370786203858,0.07823404257085577
3,4,55-59,70-74,0.04203427643804684,0.011896841161357856,0.08378888710419526
3,4,55-59,75+,0.06798695644294078,0.025696949647804047,0.12783559194576039
3,4,60-64,0-4,0.04301107999088834,0.007630718022581321,0.10671636374453547
3,4,60-64,5-9,0.03367984442837669,0.005840104941717722,0.09137909732190236
3,4,60-64,10-14,0.025105248468443524,0.0030660824411638684,0.06768003835846775
3,4,60-64,15-19,0.031532135861404714,0.006893877137733387,0.07364183809256286
3,4,60-64,20-24,0.043868386078524176,0.01442265524695371,0.08530162091902707
3,4,60-64,25-29,0.04661803645401789,0.018597933120032592,0.08495668592784944
3,4,60-64,30-34,0.0698159371404093,0.03232067086145615,0.11912321329985737
3,4,60-64,35-39,0.06635669534072978,0.030688277560359942,0.1127610614938576
3,4,60-64,40-44,0.07577839441124709,0.035092082640983985,0.12996192985721558
3,4,60-64,45-49,0.06575253155143712,0.03357917469115447,0.11216073219336412
3,4,60-64,50-54,0.08891401041240993,0.04713190987625962,0.14397305817744807
3,4,60-64,55-59,0.09969152200491713,0.05349687354803285,0.15781025077187216
3,4,60-64,60-64,0.09682362316290898,0.04998096072427822,0.16658347169848445
3,4,60-64,65-69,0.04978336148597381,0.018524423732099924,0.09073664253674735
3,4,60-64,70-74,0.03511597948727893,0.012609138813989089,0.06689900729818554
3,4,60-64,75+,0.0709783269663442,0.0281928096195001,0.12510881969875204
3,4,65-69,0-4,0.039367026528213965,0.0067404999427954915,0.09316335607853508
3,4,65-69,5-9,0.0396484065404418,0.010079966330229872,0.08982731531875864
3,4,65-69,10-14,0.03581387756859324,0.010137087014610762,0.0744913938147222
3,4,65-69,15-19,0.0681350915497268,0.004440746707559134,0.21827157365501224
3,4,65-69,20-24,0.019722475228891253,0,0.04541375772726657
3,4,65-69,25-29,0.03783830441505465,0.008063849379566338,0.08679674377944456
3,4,65-69,30-34,0.07302880348619435,0.023056549822859408,0.14187859796191643
3,4,65-69,35-39,0.07612360398945463,0.02247826359137807,0.15575276530984877
3,4,65-69,40-44,0.06391325443379396,0.018988616741441155,0.13226044177155288
3,4,65-69,45-49,0.052659499355374347,0.016909644114218147,0.11947649553470394
3,4,65-69,50-54,0.036971547368578474,0.012817123746149958,0.07309134545004985
3,4,65-69,55-59,0.049887826196455994,0.015914646199093725,0.0961542974761424
3,4,65-69,60-64,0.05865617026600945,0.021204364450317374,0.10052197784964292
3,4,65-69,65-69,0.11177579123147083,0.044143657943891274,0.2187139420098337
3,4,65-69,70-74,0.07500817398382043,0.029746518943403643,0.1434963807765682
3,4,65-69,75+,0.12340641098003363,0.04882647001660673,0.22355847634295548
3,4,70-74,0-4,0.04178315748822174,0.00450154101509375,0.09803378737903667
3,4,70-74,5-9,0.023233977351608454,0.00396825396825397,0.05812023039399175
3,4,70-74,10-14,0.03517250834976671,0.0078118033627545,0.07831459752256323
3,4,70-74,15-19,0.04224142556430944,0.004130419064490692,0.11561622787657029
3,4,70-74,20-24,0.033035718128608976,0,0.0839461688030476
3,4,70-74,25-29,0.02600178189881538,0,0.0659663628188553
3,4,70-74,30-34,0.043675432431375234,0.01013992745364494,0.09026283859997777
3,4,70-74,35-39,0.046695292444853057,0.008728309250158635,0.11032176685516878
3,4,70-74,40-44,0.04662432151932132,0.012913356129942974,0.10945487133586841
3,4,70-74,45-49,0.038008775960396445,0.008988597997811994,0.08098259389711111
3,4,70-74,50-54,0.0382035629204274,0.013374457719809397,0.07119617504069833
3,4,70-74,55-59,0.0377742603159985,0.009614205512269653,0.07778319438958348
3,4,70-74,60-64,0.035294680700533196,0.009293084191673856,0.07318149191541565
3,4,70-74,65-69,0.07712508573215929,0.027934410698197975,0.154259770937745
3,4,70-74,70-74,0.09246517543496523,0.04142263126464905,0.16334831352998022
3,4,70-74,75+,0.1435729802663649,0.06200110472450119,0.24696192417018506
3,4,75+,0-4,0.019873535554796044,0,0.050031796365574026
3,4,75+,5-9,0.013443527820530536,0.0019274299754901275,0.031581618813923115
3,4,75+,10-14,0.021258152074734665,0.004294507366456147,0.04465538003032965
3,4,75+,15-19,0.03157434801911107,0.004296394189729065,0.08081932800514537
3,4,75+,20-24,0.02958171232974961,0.0062750978516319415,0.06289477148278484
3,4,75+,25-29,0.02668257739269742,0.00495463346555414,0.05768066472842004
3,4,75+,30-34,0.034727512919086996,0.009269929662077174,0.07241108853478989
3,4,75+,35-39,0.03898322578782405,0.011505213242397677,0.07884522301797031
3,4,75+,40-44,0.026699493800146638,0.00510227434011591,0.06147885664191556
3,4,75+,45-49,0.0334116132820892,0.011081573426411558,0.0643493910216696
3,4,75+,50-54,0.041213658678508666,0.014912973385240768,0.07392950230898443
3,4,75+,55-59,0.047871311230900236,0.017604092854809017,0.08946382721682586
3,4,75+,60-64,0.036038575295725926,0.011921527851812993,0.0695425787342265
3,4,75+,65-69,0.06695643677736915,0.028846845644201282,0.12039701228487622
3,4,75+,70-74,0.07719919387729811,0.037747844324267324,0.1274548355963425
3,4,75+,75+,0.23262955690537704,0.14430490320017944,0.3456841215541668
3,5,0-4,0-4,0.30254160808100167,0.1649620743627668,0.4709441700108809
3,5,0-4,5-9,0.17212663052451502,0.08647286299929338,0.27133983414071733
3,5,0-4,10-14,0.062345724251613714,0.02569262577662056,0.11205796440034313
3,5,0-4,15-19,0.06656145858439834,0.023123654733895566,0.11999631136562826
3,5,0-4,20-24,0.060411649276694464,0.013653458718276827,0.12835046141598677
3,5,0-4,25-29,0.049620589984424195,0.013140807097189787,0.09567541280662
3,5,0-4,30-34,0.0957028936709793,0.03508646197395291,0.17728348159743906
3,5,0-4,35-39,0.0854526117188058,0.033892593913664004,0.15767708794247728
3,5,0-4,40-44,0.09427079402907086,0.03483618363252819,0.17376930459141887
3,5,0-4,45-49,0.07670192102391171,0.023316555941568208,0.15346895075684747
3,5,0-4,50-54,0.08723239667739979,0.02733784695832479,0.17516635910957778
3,5,0-4,55-59,0.046153686748729654,0.005799816706177528,0.14624413115021206
3,5,0-4,60-64,0.07941356407890199,0.018153820903641184,0.17972038660893264
3,5,0-4,65-69,0.04768785373534467,0.007142857143321749,0.11909450045114298
3,5,0-4,70-74,0.04747425018548551,0.0076923076923077,0.11045528703007212
3,5,0-4,75+,0.03501770495887752,0,0.08597908455981017
3,5,5-9,0-4,0.10806810684633474,0.040459471227594364,0.19640222879814995
3,5,5-9,5-9,0.9314358383201576,0.6709116010455154,1.2002283571073036
3,5,5-9,10-14,0.19993170950480402,0.12017087982184273,0.2974726305188279
3,5,5-9,15-19,0.08247064960448877,0.03703743910830738,0.13732891713129367
3,5,5-9,20-24,0.09601970853308468,0.029319157839422575,0.20102003943784622
3,5,5-9,25-29,0.04415575416466508,0.017175741907628505,0.07818339211853079
3,5,5-9,30-34,0.07024476637377855,0.024287961317983296,0.14799669079258124
3,5,5-9,35-39,0.07207501914516004,0.03523391769403977,0.11745505464478148
3,5,5-9,40-44,0.05532747104411205,0.020479443567914996,0.10217740947873014
3,5,5-9,45-49,0.04806078084170535,0.015618371018275708,0.0929275138855071
3,5,5-9,50-54,0.023918979665911305,0.003851576042009426,0.05729511518792666
3,5,5-9,55-59,0.01777431768809716,0,0.05966660200982163
3,5,5-9,60-64,0.046908062280028105,0.003730652294190835,0.12577648139084283
3,5,5-9,65-69,0.0563814469466903,0.015581045963415032,0.11362024067059631
3,5,5-9,70-74,0.022791405090477904,0.003758697115926848,0.051453466454343365
3,5,5-9,75+,0.0313219904584796,0.005027548210863861,0.07299438337396609
3,5,10-14,0-4,0.041482863298741166,0.014387983830243695,0.07822858448880025
3,5,10-14,5-9,0.20438233211719023,0.12798384539429777,0.2965476801409233
3,5,10-14,10-14,1.0604363606905969,0.7421357044358057,1.4298032150029747
3,5,10-14,15-19,0.13823953612933174,0.0812648104716909,0.2102214772392708
3,5,10-14,20-24,0.048729918265796035,0.01041836099144873,0.10614111410779198
3,5,10-14,25-29,0.02280539112674172,0.0045862975303506874,0.0436035642794008
3,5,10-14,30-34,0.03979480837368758,0.01275185418027408,0.07962571511850455
3,5,10-14,35-39,0.06810533625114362,0.029786089747349663,0.12365179941026928
3,5,10-14,40-44,0.06407197027670576,0.021583855635882825,0.12843078104154187
3,5,10-14,45-49,0.08925844734027209,0.030949322129928073,0.16887428526355716
3,5,10-14,50-54,0.030792428422101007,0.007735312187750897,0.0644885920999044
3,5,10-14,55-59,0.022466702290482473,0.0035211267606940397,0.0627159212407283
3,5,10-14,60-64,0.040443687691828774,0.007403381648423678,0.09028368602232348
3,5,10-14,65-69,0.027727049113164582,0.007632142037267709,0.05774415645685846
3,5,10-14,70-74,0.026160009182838336,0.004131955579889488,0.055277619184933305
3,5,10-14,75+,0.03852778785148634,0.0093111729262792,0.08046415124543359
3,5,15-19,0-4,0.04869573505581269,0.01683853125116606,0.08664498926217305
3,5,15-19,5-9,0.0676737818965194,0.03138184497590508,0.11104346032804059
3,5,15-19,10-14,0.1358028607636691,0.07618595912092076,0.20070977518513186
3,5,15-19,15-19,0.6728505268985319,0.4305799192100926,0.9514751837773482
3,5,15-19,20-24,0.1253442820230802,0.055581472079914165,0.2189211115408194
3,5,15-19,25-29,0.04462669794274062,0.017976201863557202,0.07817861503227488
3,5,15-19,30-34,0.06834134695540166,0.02801567968141272,0.12589089146792767
3,5,15-19,35-39,0.05660777348451779,0.024323509320900837,0.09595866943894178
3,5,15-19,40-44,0.05589639217339837,0.02151491916192236,0.10666418480973651
3,5,15-19,45-49,0.0784856761698801,0.02953389501210119,0.138394991407427
3,5,15-19,50-54,0.0802208205397779,0.021013770381388557,0.20800878371263176
3,5,15-19,55-59,0.03612375412553871,0.005026164300145293,0.09162752028172975
3,5,15-19,60-64,0.040304796914385245,0.007402078343151996,0.0915381786514026
3,5,15-19,65-69,0.03919208636165643,0.00430675287366387,0.11121655366229323
3,5,15-19,70-74,0.025753909818943543,0.003596453981681075,0.06839391362267254
3,5,15-19,75+,0.04405917740261528,0.00740470397987232,0.11152843449010051
3,5,20-24,0-4,0.03383191634397424,0.00485436893369783,0.0805874081762972
3,5,20-24,5-9,0.05168167733054944,0.015804616861201715,0.1026312504102279
3,5,20-24,10-14,0.04730632162851919,0.014593825808565157,0.09496877715049316
3,5,20-24,15-19,0.07175040238482723,0.026797303226299963,0.12740756846380824
3,5,20-24,20-24,0.22362241339510447,0.1209013582180134,0.3441962044458666
3,5,20-24,25-29,0.11110421331076677,0.06280470853542407,0.1706807291896326
3,5,20-24,30-34,0.09830078032149163,0.05333652387337194,0.15228132690877244
3,5,20-24,35-39,0.059501316275508115,0.02763100083135398,0.09965092247550443
3,5,20-24,40-44,0.06952357090295769,0.03194681825865171,0.11727627533690815
3,5,20-24,45-49,0.07027207466850756,0.03229838458630059,0.11655031170940776
3,5,20-24,50-54,0.05391428375999492,0.02310282991647166,0.09044594265403617
3,5,20-24,55-59,0.031182567767788785,0.009088388927861492,0.059692716223182396
3,5,20-24,60-64,0.0377362999366001,0.013467028746730277,0.07385476811421737
3,5,20-24,65-69,0.021405223055595272,0.0034941341440340775,0.0508438745102272
3,5,20-24,70-74,0.022465714115470287,0,0.11433509580158077
3,5,20-24,75+,0.0549935750981806,0.00892659609201866,0.13802977651468182
3,5,25-29,0-4,0.03839766458200275,0.007995312500997491,0.08276481833120768
3,5,25-29,5-9,0.060777751801905075,0.026041012908194053,0.10006685539629599
3,5,25-29,10-14,0.0541217185851025,0.018810349229594864,0.1035045408006725
3,5,25-29,15-19,0.05042021469277029,0.019757204996377342,0.08734918566738299
3,5,25-29,20-24,0.13076211772894367,0.06913194943759315,0.20468447170395432
3,5,25-29,25-29,0.13067235587375314,0.07912484471896061,0.18960961229980117
3,5,25-29,30-34,0.15386251778246693,0.09500310982748714,0.22117644887998367
3,5,25-29,35-39,0.0928009550977801,0.05229787110581492,0.1393357224507953
3,5,25-29,40-44,0.07596129032613534,0.03889310165321053,0.1231757649981882
3,5,25-29,45-49,0.06589552637287505,0.03244526454056102,0.10358206745496826
3,5,25-29,50-54,0.060173770763939365,0.031151559491896283,0.09755123652268595
3,5,25-29,55-59,0.04078509504572716,0.014769772014957003,0.07187553418739669
3,5,25-29,60-64,0.03936423789956755,0.013309690209873703,0.06833375407016465
3,5,25-29,65-69,0.03245314428037008,0.00751866100878915,0.07445570079090266
3,5,25-29,70-74,0.015194180913651927,0.0028489038793343517,0.03556738121654067
3,5,25-29,75+,0.027657318181618446,0.003729300577520641,0.06774878018618492
3,5,30-34,0-4,0.07236537410243066,0.026197600341701252,0.1327468709223166
3,5,30-34,5-9,0.07472888380664382,0.03614022625083956,0.12863045929765968
3,5,30-34,10-14,0.07468027005880386,0.030981912293040384,0.1333688971590261
3,5,30-34,15-19,0.05972582924553402,0.02527613505751165,0.10333668538431837
3,5,30-34,20-24,0.08330524077431369,0.043374404140041005,0.13832741844894547
3,5,30-34,25-29,0.13311613086085647,0.08605212963252963,0.18758867524354733
3,5,30-34,30-34,0.1722646278188545,0.11409555894786484,0.23905276828156263
3,5,30-34,35-39,0.11299133455297572,0.06892355215449969,0.1616565532964076
3,5,30-34,40-44,0.1064619653313449,0.06470054633578869,0.1572426147759117
3,5,30-34,45-49,0.07733502083219063,0.043491406690336847,0.11997737516606609
3,5,30-34,50-54,0.07988090111081134,0.047388904470768003,0.11815480691205245
3,5,30-34,55-59,0.05690956062788368,0.02791169530142847,0.09179813839058015
3,5,30-34,60-64,0.058129356987957334,0.02846657188082589,0.09305058393056947
3,5,30-34,65-69,0.05896632678863989,0.021164220078398393,0.10758449991092152
3,5,30-34,70-74,0.03474922302043465,0.009237651097487908,0.06990853352727258
3,5,30-34,75+,0.05483373143292178,0.015033149961342075,0.10502101343201574
3,5,35-39,0-4,0.04301402986971131,0.010928560862032007,0.08613471684307927
3,5,35-39,5-9,0.052295569493060634,0.02446363581861879,0.08856370382672725
3,5,35-39,10-14,0.059449542259331016,0.0256324123989696,0.10743690778594318
3,5,35-39,15-19,0.04191175255615439,0.015200647020079996,0.07554274077299386
3,5,35-39,20-24,0.06320997122889159,0.02904497958347522,0.1099174234028429
3,5,35-39,25-29,0.07177809759628466,0.041213704535259674,0.10696393668152938
3,5,35-39,30-34,0.1204564663064279,0.0736532833208531,0.1748114342352603
3,5,35-39,35-39,0.1120828759567873,0.07177580213345477,0.16140346917943327
3,5,35-39,40-44,0.09977455553944539,0.05911891222635943,0.14783624169227788
3,5,35-39,45-49,0.08368725217890663,0.04724721416043999,0.1284164285681128
3,5,35-39,50-54,0.06607103541815038,0.03487097317135891,0.10145465159539892
3,5,35-39,55-59,0.0481049274262218,0.023639544527235528,0.07980099660201248
3,5,35-39,60-64,0.049093623944940365,0.021160317520152145,0.08147934407758443
3,5,35-39,65-69,0.06893728868189644,0.024112544092444028,0.1419601721829137
3,5,35-39,70-74,0.03514955293497478,0.009372805583813733,0.07976504904253809
3,5,35-39,75+,0.05879366819249021,0.01618978781917607,0.1185520710406687
3,5,40-44,0-4,0.04088171525566447,0.008550621566734092,0.09108349776526456
3,5,40-44,5-9,0.058064598695705925,0.01923234796391087,0.11723453708518944
3,5,40-44,10-14,0.07671610974552721,0.029556176416702686,0.14302125932745632
3,5,40-44,15-19,0.038523519572105286,0.013909010726153675,0.07282807950293946
3,5,40-44,20-24,0.08327734012193497,0.037427761248481496,0.1401712132641658
3,5,40-44,25-29,0.06171707022578142,0.031289794124530285,0.09412824013066903
3,5,40-44,30-34,0.1109555420944918,0.06638654645455894,0.1639880640260562
3,5,40-44,35-39,0.09667925974312411,0.05916658129080631,0.14188446421513276
3,5,40-44,40-44,0.16353882458514157,0.10528353350348017,0.23493257033412793
3,5,40-44,45-49,0.11505153285351138,0.06681333004737881,0.17423978167878054
3,5,40-44,50-54,0.0993132304591104,0.06200499790340627,0.14434985062574962
3,5,40-44,55-59,0.07746698287692544,0.04232886798752401,0.11858812470509551
3,5,40-44,60-64,0.066756444425352085,0.03093746619818228,0.10638348159685063
3,5,40-44,65-69,0.06622136463011474,0.022060128378616147,0.13444991818170468
3,5,40-44,70-74,0.05740390882069662,0.016958434626281053,0.12505931617281177
3,5,40-44,75+,0.06076228762188667,0.015810210166096655,0.12296146522781522
3,5,45-49,0-4,0.044005486973934374,0.01204124510135179,0.09174892907860503
3,5,45-49,5-9,0.027469306390146168,0.007140208886474519,0.055669034102059464
3,5,45-49,10-14,0.0710411487891926,0.03093313169464035,0.13273350736653358
3,5,45-49,15-19,0.06047523248001612,0.02326313138613957,0.10596740093851484
3,5,45-49,20-24,0.05984409823545249,0.025443435667276717,0.10327950052365248
3,5,45-49,25-29,0.058385716708745226,0.026556209818013363,0.09677156033521274
3,5,45-49,30-34,0.07269710378415012,0.037422167133152606,0.11278756358991454
3,5,45-49,35-39,0.07686709944622079,0.041055662208107434,0.11893790569753973
3,5,45-49,40-44,0.10890950759696941,0.06334990718398126,0.16274399780893697
3,5,45-49,45-49,0.120505311521476,0.07062502150134335,0.17857677142663506
3,5,45-49,50-54,0.09842288052091913,0.05692388903341354,0.14852339514309892
3,5,45-49,55-59,0.07240778170198083,0.038697422873828234,0.11615789535872942
3,5,45-49,60-64,0.05485621935612589,0.024148934650283508,0.0900878282324003
3,5,45-49,65-69,0.05296548388357667,0.018023658754222238,0.10941862313270724
3,5,45-49,70-74,0.03460420607985738,0.010015171820763169,0.0680301865979317
3,5,45-49,75+,0.07555429049730616,0.029224232979949423,0.1349589447463312
3,5,50-54,0-4,0.04140622071147194,0.010632923196141468,0.09179526810367114
3,5,50-54,5-9,0.02769150931086262,0.006756672512587528,0.05730994767049052
3,5,50-54,10-14,0.040066438346398024,0.013432221747559913,0.07868169755285376
3,5,50-54,15-19,0.04806693614897489,0.01644041470492466,0.0948895506422096
3,5,50-54,20-24,0.04775113466549484,0.019968719174332857,0.08737088628051107
3,5,50-54,25-29,0.045131392496513725,0.020605689502102415,0.07428708027596025
3,5,50-54,30-34,0.07512070489602965,0.04129761648455225,0.11417502078110335
3,5,50-54,35-39,0.06368564037782026,0.03408755327573268,0.09811900698143847
3,5,50-54,40-44,0.0845169739782594,0.04748189818986716,0.12669077095613435
3,5,50-54,45-49,0.11197854314867732,0.0689825100484023,0.1675643916577188
3,5,50-54,50-54,0.10276733896671078,0.06289313476919309,0.14675041211377104
3,5,50-54,55-59,0.06766465890164386,0.03402947284620574,0.10717212374144315
3,5,50-54,60-64,0.07175263529088344,0.038574173463802014,0.11152633477943555
3,5,50-54,65-69,0.03317771943155423,0.01040344675785296,0.06140339466135627
3,5,50-54,70-74,0.02953292589645308,0.009312749970383671,0.0591284564384292
3,5,50-54,75+,0.06219669863057938,0.023526252861582542,0.11624242571531658
3,5,55-59,0-4,0.02428281342301834,0.0034007859902682575,0.06690955157197002
3,5,55-59,5-9,0.015521410909858082,0.0029338403950195237,0.03940216486381531
3,5,55-59,10-14,0.01967580415797258,0.0032875929451337948,0.04453152824332135
3,5,55-59,15-19,0.02811198375845262,0.00742402043728419,0.06408045444226224
3,5,55-59,20-24,0.026200841470836816,0.008196676366498493,0.05029940286342192
3,5,55-59,25-29,0.04001405372636569,0.016000525846554044,0.0675749854324046
3,5,55-59,30-34,0.05372030169407942,0.025308507256666554,0.08931397710098196
3,5,55-59,35-39,0.04333371681244317,0.01724114681418163,0.07751381130081823
3,5,55-59,40-44,0.06960179399230884,0.036722107637716356,0.11112068378039079
3,5,55-59,45-49,0.07373924931193086,0.040387908889375275,0.11273114797926188
3,5,55-59,50-54,0.07074154097993698,0.036799364840547306,0.11007408033533662
3,5,55-59,55-59,0.07476601711391795,0.038995250034710084,0.11747475211495736
3,5,55-59,60-64,0.07522380270748955,0.03819461758801143,0.11879638231408904
3,5,55-59,65-69,0.028603901073799513,0.007338694421060923,0.05859757388261888
3,5,55-59,70-74,0.033178353286268024,0.007690839695333348,0.06985484128488299
3,5,55-59,75+,0.0546146900501186,0.01908039629149782,0.10439189123069763
3,5,60-64,0-4,0.03810108050108241,0.0042363979493448825,0.09891701146228732
3,5,60-64,5-9,0.02748855521044786,0.003506981176226896,0.07638820490203606
3,5,60-64,10-14,0.02699910621825434,0.0038686068904625506,0.0641278497030205
3,5,60-64,15-19,0.026088916634738866,0.003936238927348228,0.06003098450953927
3,5,60-64,20-24,0.03554925043736847,0.010944966656156388,0.06553891284022617
3,5,60-64,25-29,0.03897502508456686,0.01553075864422129,0.06908547906636049
3,5,60-64,30-34,0.06517026028517758,0.02997380852058036,0.1152348261960122
3,5,60-64,35-39,0.059624759213582665,0.025628618641198416,0.10662131545025776
3,5,60-64,40-44,0.07161857773872131,0.035542007587945436,0.12156077126778383
3,5,60-64,45-49,0.06537409562336483,0.029646593200422462,0.11237033381846465
3,5,60-64,50-54,0.0824898514414325,0.04200153002375978,0.1356450133565123
3,5,60-64,55-59,0.08797996854134285,0.04357539629849382,0.1452835148070512
3,5,60-64,60-64,0.0817160087800355,0.039578486982953215,0.1337500127860565
3,5,60-64,65-69,0.04721724238513682,0.016735998044801092,0.08716892621973216
3,5,60-64,70-74,0.031171215547350403,0.010338534415445327,0.05887750574131028
3,5,60-64,75+,0.06515988323306732,0.02325022367681977,0.12123865732132268
3,5,65-69,0-4,0.027171716118910134,0,0.08205307075319013
3,5,65-69,5-9,0.04912434153280119,0.008697644209305293,0.1174325659658953
3,5,65-69,10-14,0.030209908775191325,0.004802178900731629,0.06832029429143163
3,5,65-69,15-19,0.057314460223400664,0.004812092763466847,0.1636302207418627
3,5,65-69,20-24,0.021768026892340163,0,0.05487002246881701
3,5,65-69,25-29,0.03625839240816397,0.007956916113491426,0.08482738733107922
3,5,65-69,30-34,0.06343279901083564,0.020243977760426392,0.12510125069694822
3,5,65-69,35-39,0.06695504177764568,0.01960939432304356,0.14171365783140552
3,5,65-69,40-44,0.05445842468186949,0.014807477444413379,0.11746792985321082
3,5,65-69,45-49,0.06417191305891566,0.021780381996086257,0.13956875219870976
3,5,65-69,50-54,0.03370552970928908,0.008722872865236448,0.06753313785548155
3,5,65-69,55-59,0.036606845532691355,0.00970873786675815,0.07528259333585198
3,5,65-69,60-64,0.06427944530687973,0.021809673630641922,0.12045684029613017
3,5,65-69,65-69,0.12370605858830167,0.0428228066432453,0.23751108386255693
3,5,65-69,70-74,0.058615675408936585,0.019899644581921495,0.11717125357233314
3,5,65-69,75+,0.13393209386241461,0.0553874024346921,0.22747588100388288
3,5,70-74,0-4,0.026348075495581325,0,0.0789156159387444
3,5,70-74,5-9,0.025229384360282416,0,0.07019727532225194
3,5,70-74,10-14,0.0258161811361912,0.004029107862939848,0.06054483839723911
3,5,70-74,15-19,0.043970148829680145,0,0.12073239813985923
3,5,70-74,20-24,0.04932988268823962,0,0.17217199672481193
3,5,70-74,25-29,0.018863749067564207,0,0.05190190975723531
3,5,70-74,30-34,0.04248438717828034,0.009515579517060987,0.08808661456365302
3,5,70-74,35-39,0.04701494218263936,0.009640111258363367,0.10902368014898338
3,5,70-74,40-44,0.037789327002405025,0.00826446281281565,0.09168034759865977
3,5,70-74,45-49,0.0461362215523466,0.01282659554029139,0.0938857376816799
3,5,70-74,50-54,0.03846894622667702,0.010612882518317632,0.07458111395854099
3,5,70-74,55-59,0.03163292201959164,0.005771034156369323,0.07010704815316755
3,5,70-74,60-64,0.040867365899072736,0.011183504302895159,0.08380614696453803
3,5,70-74,65-69,0.08577278386817289,0.032287958092145505,0.16990727052848498
3,5,70-74,70-74,0.06953991848095718,0.02897722109194376,0.12090197959571715
3,5,70-74,75+,0.14574353579805627,0.06688019863995841,0.24430574129815
3,5,75+,0-4,0.012040233071902365,0,0.04088150430283142
3,5,75+,5-9,0.015860954188369983,0.0022951838271813,0.038248902551336006
3,5,75+,10-14,0.018721355156818335,0.004129545494524931,0.04155439311241487
3,5,75+,15-19,0.03754791457249059,0.004460212413577101,0.09237151791371317
3,5,75+,20-24,0.03476071392850641,0.005210585342968903,0.082410474550526
3,5,75+,25-29,0.01778012579898679,0.002220578271298349,0.046574853910773394
3,5,75+,30-34,0.030127713910957626,0.006959234465947709,0.06446619659463804
3,5,75+,35-39,0.0315799127267425,0.007832552162980793,0.07238616608500754
3,5,75+,40-44,0.018697383972363722,0.002440097544667887,0.04400783009707853
3,5,75+,45-49,0.039922385914783705,0.014303978391188401,0.07443036150538472
3,5,75+,50-54,0.03552611026226999,0.01386950274347154,0.06337346638792936
3,5,75+,55-59,0.038396173866187065,0.013731479417383577,0.07192444841941639
3,5,75+,60-64,0.03843045224423123,0.012478548060811808,0.06986902357318216
3,5,75+,65-69,0.07307969510681346,0.030774401247704464,0.13282277668040327
3,5,75+,70-74,0.06774874992728588,0.0317790089943445,0.11375767998517414
3,5,75+,75+,0.2646399214142759,0.16143262863225885,0.376140495733867
4,1,0-4,0-4,0.2875112465385886,0.16494847729058662,0.4428784218576091
4,1,0-4,5-9,0.15234022505649816,0.07248088956459729,0.2519031129465587
4,1,0-4,10-14,0.04662895151881736,0.015149687522845732,0.08654948250644029
4,1,0-4,15-19,0.0692792833766995,0.028298932877352537,0.11775321632833105
4,1,0-4,20-24,0.043729644190630405,0.008924655399819003,0.09636797253553275
4,1,0-4,25-29,0.09114875654898559,0.03532442458552946,0.17819882870558057
4,1,0-4,30-34,0.07921257264020193,0.031232128507793958,0.1456779634843262
4,1,0-4,35-39,0.06632521597822372,0.025003916326038888,0.1185590272869819
4,1,0-4,40-44,0.03859572343070426,0.007689393939503746,0.08646880426181874
4,1,0-4,45-49,0.05756630417373692,0.019415293789895864,0.11553138596888725
4,1,0-4,50-54,0.03574815379293961,0.007174807115149071,0.08244577360139876
4,1,0-4,55-59,0.03476457741563089,0.007340350524056281,0.07611420929486691
4,1,0-4,60-64,0.02271694945837388,0,0.06450916136640816
4,1,0-4,65-69,0.02700226039437096,0,0.07368573712117572
4,1,0-4,70-74,0.020799210135537025,0,0.05813513664075651
4,1,0-4,75+,0.024768708059646476,0,0.06684812394508079
4,1,5-9,0-4,0.14489865068122343,0.08462565295038542,0.21668909746943318
4,1,5-9,5-9,0.6463428576059421,0.48871149844443995,0.8457450024654514
4,1,5-9,10-14,0.20009176252240424,0.12838124230264109,0.2820767550576923
4,1,5-9,15-19,0.0564496618431294,0.02575249503972687,0.0905467095190084
4,1,5-9,20-24,0.06843370275457264,0.03224711807850135,0.11017072906453923
4,1,5-9,25-29,0.06918151373016417,0.0325987287026943,0.11354446894494684
4,1,5-9,30-34,0.07255626870179878,0.035335776368416325,0.12212432634787093
4,1,5-9,35-39,0.05383132927360388,0.024502868321220412,0.09080810380977292
4,1,5-9,40-44,0.08042978001534064,0.02728626122392757,0.1615055074422522
4,1,5-9,45-49,0.030858661040793583,0.010886204033030082,0.05605774977256985
4,1,5-9,50-54,0.03287424685357541,0.011276644217023188,0.06475960823001724
4,1,5-9,55-59,0.01283855630805864,0,0.029701448319383324
4,1,5-9,60-64,0.02452290781700167,0.003977220850057146,0.06581676644807508
4,1,5-9,65-69,0.026759455084672763,0.003936238927348228,0.06640817442589307
4,1,5-9,70-74,0.015233556471666366,0,0.04000305359615801
4,1,5-9,75+,0.01989361023067431,0,0.04894586347315872
4,1,10-14,0-4,0.06357532582929577,0.028673986184787396,0.11111257784395955
4,1,10-14,5-9,0.1399425425097161,0.08183758995037667,0.209710074835867
4,1,10-14,10-14,0.7526307676250581,0.5190585801703477,1.0301751203720009
4,1,10-14,15-19,0.10339142813241964,0.05734731052063279,0.15596629539318763
4,1,10-14,20-24,0.04337958733244616,0.013697285738942265,0.08240497744066877
4,1,10-14,25-29,0.04624079224046001,0.018929434420304897,0.08170183612026029
4,1,10-14,30-34,0.06193388182381977,0.02722948407981329,0.11217368275854939
4,1,10-14,35-39,0.06442638973422117,0.030734364813163554,0.10844459485715098
4,1,10-14,40-44,0.11506125542638859,0.05054351089460961,0.2056103091171055
4,1,10-14,45-49,0.03336402207521882,0.011191960643597842,0.06128127520849052
4,1,10-14,50-54,0.022387704375003235,0.003936238927348228,0.044455028160004705
4,1,10-14,55-59,0.015372159803352376,0.002954545454658929,0.03364925010884248
4,1,10-14,60-64,0.016287239605602365,0,0.04577349684018048
4,1,10-14,65-69,0.02267015104127308,0.00337837837885847,0.05144569982900955
4,1,10-14,70-74,0.021292696869314218,0.0033545935374940943,0.05246694032528995
4,1,10-14,75+,0.015352317915630877,0,0.0394825830744734
4,1,15-19,0-4,0.051193236431487446,0.019605928346627364,0.09179718110886069
4,1,15-19,5-9,0.08315435408710958,0.03971546123792514,0.1354451970899281
4,1,15-19,10-14,0.15282940238913845,0.08588644072828125,0.23083077779840705
4,1,15-19,15-19,0.4541897746296153,0.3060098638650377,0.6451767745698151
4,1,15-19,20-24,0.0742238064408124,0.03499051959961148,0.13282600433940134
4,1,15-19,25-29,0.08869508473403029,0.04301415869797375,0.1435161856692253
4,1,15-19,30-34,0.06819469368086924,0.03160952094657013,0.11269410340169439
4,1,15-19,35-39,0.051280500837994056,0.022704021330608417,0.08624730180844938
4,1,15-19,40-44,0.047469980092492925,0.01546328694892471,0.09069353462035455
4,1,15-19,45-49,0.044293256817245066,0.01738863226035764,0.07970688842504693
4,1,15-19,50-54,0.0327653447805462,0.010499563341135068,0.06919253796226726
4,1,15-19,55-59,0.014902178800270064,0,0.0332407678842972
4,1,15-19,60-64,0.01189293293494801,0,0.030984464199172154
4,1,15-19,65-69,0.02742159961773501,0.0037273454158990842,0.07146318519361707
4,1,15-19,70-74,0.029333200749983895,0,0.09533026278138004
4,1,15-19,75+,0.036284334473049955,0,0.09485842829214756
4,1,20-24,0-4,0.050278149716750105,0.013034544939846217,0.10397645670304646
4,1,20-24,5-9,0.0871155993593172,0.025293248165489196,0.18875091309476322
4,1,20-24,10-14,0.03613256348776468,0.007526172715749898,0.08442932055734405
4,1,20-24,15-19,0.10267187294205407,0.03728498905697651,0.20367814268791448
4,1,20-24,20-24,0.2151953801216078,0.12250609817584156,0.32001387842756557
4,1,20-24,25-29,0.13278916752224543,0.07191500778150979,0.2167475696693731
4,1,20-24,30-34,0.1311919032544115,0.0669383059705331,0.207715805051238
4,1,20-24,35-39,0.08115914599414314,0.040859111100306426,0.1350723993437869
4,1,20-24,40-44,0.06758945294758055,0.028393026278660524,0.12095722147900755
4,1,20-24,45-49,0.06274664736546502,0.02470005013105723,0.11773963234440957
4,1,20-24,50-54,0.04534466038943616,0.018745991708208915,0.07864669897794639
4,1,20-24,55-59,0.02507674965105583,0.004702995002867434,0.05327888593997613
4,1,20-24,60-64,0.031107817689222498,0.00817993057103774,0.06248585557290792
4,1,20-24,65-69,0.03217855059624914,0.004731331868939442,0.0776502366001464
4,1,20-24,70-74,0.020680689436146916,0,0.05065729549635208
4,1,20-24,75+,0.030205883462107917,0,0.07658858232336854
4,1,25-29,0-4,0.04737072376479403,0.017042860391380404,0.08642546412227319
4,1,25-29,5-9,0.08591133063707164,0.04704127589111338,0.13678602304205817
4,1,25-29,10-14,0.04834220500100394,0.02395916876892868,0.08116118736141201
4,1,25-29,15-19,0.07322845655795394,0.03414780436567626,0.12253981386790003
4,1,25-29,20-24,0.1374384733605954,0.07994010294848652,0.20743904572968525
4,1,25-29,25-29,0.19256386686115157,0.1236714714229384,0.26968842119246067
4,1,25-29,30-34,0.17614861214085453,0.11698038805532213,0.24632568228361837
4,1,25-29,35-39,0.09315117285560767,0.05117471542267941,0.14246869896718722
4,1,25-29,40-44,0.07165073697007694,0.0389610638933727,0.11094660963976455
4,1,25-29,45-49,0.04264470804010898,0.017737948888974255,0.07292433705727269
4,1,25-29,50-54,0.054519860908144466,0.02689264046870082,0.0884604303091523
4,1,25-29,55-59,0.04038758358670065,0.014848937960778637,0.07255295808198985
4,1,25-29,60-64,0.03393735353410928,0.012714258632262334,0.06069158933616679
4,1,25-29,65-69,0.029464087732796598,0.00393700787416575,0.07132381633145246
4,1,25-29,70-74,0.014707699316985633,0,0.04277347055228131
4,1,25-29,75+,0.04002689319567034,0.004422854944304879,0.09117352672320866
4,1,30-34,0-4,0.07703388056451972,0.03298324684521772,0.13681454194260817
4,1,30-34,5-9,0.0727902316239534,0.03552568329653759,0.12371031873431212
4,1,30-34,10-14,0.05760529462306849,0.026102199009965226,0.10660512624855546
4,1,30-34,15-19,0.07152544135684738,0.036815971637704,0.11580978514225207
4,1,30-34,20-24,0.10024855111130844,0.05622456601105432,0.15430824855485675
4,1,30-34,25-29,0.1724249406233369,0.11196832997079052,0.24229901533805848
4,1,30-34,30-34,0.1687615219416906,0.11059575841136049,0.2302006858632468
4,1,30-34,35-39,0.12441667150807999,0.07411539205173871,0.1822617359257993
4,1,30-34,40-44,0.09943649636593833,0.058093289407201855,0.1453514496656156
4,1,30-34,45-49,0.05647719701612986,0.03010643095280749,0.08829106151004253
4,1,30-34,50-54,0.06415460184713419,0.03467545657313222,0.09751624131338252
4,1,30-34,55-59,0.04676120037058712,0.020807962524522106,0.076782834516378
4,1,30-34,60-64,0.051254756469643635,0.0222729105987887,0.08726803042347422
4,1,30-34,65-69,0.08880537711648367,0.02811407035979409,0.17501088390881364
4,1,30-34,70-74,0.030569024428487142,0.006619291304726954,0.06949646003321294
4,1,30-34,75+,0.045575744944663224,0.0106365878053631,0.09973472684803539
4,1,35-39,0-4,0.06946073802474655,0.032102807960081074,0.11567871619759731
4,1,35-39,5-9,0.053427215240448835,0.02723945658976751,0.0818246556066572
4,1,35-39,10-14,0.04692128688249128,0.020678250936288313,0.08295385568948999
4,1,35-39,15-19,0.06128275730426668,0.031588501706508794,0.09449357863206204
4,1,35-39,20-24,0.062261185698236354,0.02990013539964642,0.09925367209751751
4,1,35-39,25-29,0.09913584163796856,0.05867886871407765,0.14342234807479076
4,1,35-39,30-34,0.12723578488427645,0.08143098387806268,0.17894411170134897
4,1,35-39,35-39,0.12200592870157478,0.07471062501836369,0.1730240766353613
4,1,35-39,40-44,0.09376281307402233,0.05682358544880158,0.14019199654335393
4,1,35-39,45-49,0.050173617024999936,0.02503138142793237,0.08021981710420177
4,1,35-39,50-54,0.05785455255980831,0.030828766777005225,0.08942912831523138
4,1,35-39,55-59,0.03647590649894868,0.013872755478160633,0.06335319485584487
4,1,35-39,60-64,0.05298022686313824,0.026068627510932633,0.08909971493288243
4,1,35-39,65-69,0.059907428060798545,0.015247083319197401,0.12395548458302952
4,1,35-39,70-74,0.011929328696388857,0,0.02991413574722925
4,1,35-39,75+,0.03386038029339038,0.0060975609768489,0.08103250180037677
4,1,40-44,0-4,0.04712736897171782,0.014093121451330836,0.0948274004040382
4,1,40-44,5-9,0.05551944664543718,0.022487822384039513,0.09338658704129629
4,1,40-44,10-14,0.07390657664325789,0.03130108809452676,0.13505984767707058
4,1,40-44,15-19,0.04565360149601894,0.018652872486943473,0.08036389012229632
4,1,40-44,20-24,0.07204286049817273,0.035209884325295364,0.11422783104948538
4,1,40-44,25-29,0.08025232304125815,0.04111379098062325,0.12411042153594219
4,1,40-44,30-34,0.10016611144638267,0.05700306622966365,0.14872316070796693
4,1,40-44,35-39,0.09137382918642402,0.05212016120024891,0.13512179244415706
4,1,40-44,40-44,0.12198910481725063,0.07357789498529146,0.17972920309619436
4,1,40-44,45-49,0.06597030607557902,0.0346098565464926,0.10139390189600317
4,1,40-44,50-54,0.06697516184487874,0.03570337356362607,0.10112389891193282
4,1,40-44,55-59,0.05319751274818157,0.025891506355396776,0.085448002076219
4,1,40-44,60-64,0.06017505534103082,0.030125770838117547,0.09953447738362192
4,1,40-44,65-69,0.045572413806235466,0.011448486053551334,0.10026742286554619
4,1,40-44,70-74,0.026916702908626373,0.004095107988977428,0.06494217802703889
4,1,40-44,75+,0.03761430926589587,0.0039354819021206,0.08520831199523961
4,1,45-49,0-4,0.055332847525047774,0.014366188593991996,0.11161324294819336
4,1,45-49,5-9,0.04044823951883311,0.014849567041723789,0.07305724552632767
4,1,45-49,10-14,0.04131137994295941,0.013984505790794074,0.08075141757315078
4,1,45-49,15-19,0.06608410015778518,0.027573410416058194,0.11545041761076007
4,1,45-49,20-24,0.053531358186021887,0.024092546690814197,0.08822303802814034
4,1,45-49,25-29,0.05631220693068292,0.027184080551896972,0.08945540540754686
4,1,45-49,30-34,0.06832234032030704,0.03693232333040221,0.10809467846940442
4,1,45-49,35-39,0.07763248988989847,0.043391740790611595,0.12310321032760058
4,1,45-49,40-44,0.09624818738213438,0.05242439874019487,0.14664870744008932
4,1,45-49,45-49,0.061398766862829086,0.03212910007187841,0.09618199005447664
4,1,45-49,50-54,0.06973985940265458,0.03592198255157618,0.11017659329102623
4,1,45-49,55-59,0.05178839157779857,0.023467797860503972,0.08669753054512905
4,1,45-49,60-64,0.046359580615523685,0.018904638347548477,0.07711933327157715
4,1,45-49,65-69,0.0337602309733722,0.00953795934770747,0.07326543028399009
4,1,45-49,70-74,0.0153242448905523,0.002731138727304777,0.03659088813951722
4,1,45-49,75+,0.029083407375115364,0.005847103224424629,0.06420976301915632
4,1,50-54,0-4,0.039931859246788624,0.009734095021991926,0.08883832313506704
4,1,50-54,5-9,0.027999309828269543,0.01013603019348325,0.05453963261167664
4,1,50-54,10-14,0.034473485859683406,0.0076433018162211635,0.09857462899441219
4,1,50-54,15-19,0.0570485182553619,0.02545920864463195,0.1023395730210755
4,1,50-54,20-24,0.04901537633960197,0.02040484819189295,0.0885301178356196
4,1,50-54,25-29,0.06647825075960787,0.03454177272986306,0.1049956356750216
4,1,50-54,30-34,0.08053338384407961,0.04726299923736819,0.11589755318873769
4,1,50-54,35-39,0.07441823874549398,0.04245958884957247,0.11111399876419942
4,1,50-54,40-44,0.08316072176935439,0.04594978578506796,0.12627491858659654
4,1,50-54,45-49,0.059345276525092125,0.03035198864738464,0.09395557738534915
4,1,50-54,50-54,0.08575627042399905,0.05073413992188443,0.12478406842970705
4,1,50-54,55-59,0.052922236145031366,0.02493561474946819,0.08599788295527432
4,1,50-54,60-64,0.055790178056154216,0.02856510448255395,0.09466185199795057
4,1,50-54,65-69,0.019775189458165556,0.003424657534246575,0.046164106170130496
4,1,50-54,70-74,0.01896932880349539,0.003332236842105265,0.04083888572866909
4,1,50-54,75+,0.04688615924246996,0.012579691934307847,0.09314940068950295
4,1,55-59,0-4,0.03395969250723302,0.005369512749794808,0.09218411012795766
4,1,55-59,5-9,0.009752016057683452,0,0.027270205484102798
4,1,55-59,10-14,0.01465790782539635,0.0026813337115602627,0.03158144683618655
4,1,55-59,15-19,0.019709079985979445,0.004059568480320569,0.04149567671416209
4,1,55-59,20-24,0.026017286163219834,0.007098745738810153,0.05112060005229016
4,1,55-59,25-29,0.03964989718796834,0.016300033222494598,0.06946268984188096
4,1,55-59,30-34,0.04550326523474858,0.020741076709984103,0.07631597398542767
4,1,55-59,35-39,0.04661772968691301,0.02133226288708458,0.07663690243538374
4,1,55-59,40-44,0.06084254694055276,0.029073181189329767,0.09771186269803596
4,1,55-59,45-49,0.04229216183436997,0.020930199249244625,0.07249600097927918
4,1,55-59,50-54,0.04990170825758124,0.02395944737935929,0.08181893912898247
4,1,55-59,55-59,0.04934686800631466,0.023463572038296854,0.0794029718272822
4,1,55-59,60-64,0.057810131193453074,0.026730170180542783,0.09303063516031787
4,1,55-59,65-69,0.021841843359601078,0.00378787878803879,0.048642036063663255
4,1,55-59,70-74,0.013341403072574374,0,0.03408184106523168
4,1,55-59,75+,0.03649245041621441,0.006990595614459222,0.07713014088164682
4,1,60-64,0-4,0.045615404288743736,0.009536707058649792,0.10932013255889082
4,1,60-64,5-9,0.033784181362115175,0.006154441305028685,0.08460528393549221
4,1,60-64,10-14,0.018955799867929883,0.0028829811039630636,0.04280269754034241
4,1,60-64,15-19,0.02543540923396985,0.0029215396473172978,0.06457088406468434
4,1,60-64,20-24,0.029421892906913997,0.009008079148909089,0.05403095421681723
4,1,60-64,25-29,0.032328221178476196,0.011284924648376543,0.05957946894092203
4,1,60-64,30-34,0.04219058781331205,0.017369882693933213,0.07233352256248363
4,1,60-64,35-39,0.044788227356126954,0.020309060955602934,0.07924297380218195
4,1,60-64,40-44,0.04903805536694768,0.02307203288098983,0.08687226638888852
4,1,60-64,45-49,0.0364167661412896,0.014610848002735178,0.06513975535728682
4,1,60-64,50-54,0.05228332197841363,0.025310361857679296,0.08836752296296566
4,1,60-64,55-59,0.04684789444862833,0.02096657596333563,0.08124072660146872
4,1,60-64,60-64,0.06481373393844073,0.03176590114503194,0.10616848034593367
4,1,60-64,65-69,0.027434792440612976,0.0071428571434522,0.056089676743711736
4,1,60-64,70-74,0.015389033350028261,0,0.035845119632378394
4,1,60-64,75+,0.031618526744156945,0.006534886681969206,0.0657855162412135
4,1,65-69,0-4,0.03512431681002131,0.005894764441610001,0.0907081945224798
4,1,65-69,5-9,0.06321213290594097,0.022362040057527607,0.11864658188939387
4,1,65-69,10-14,0.02311076678855507,0.006687144835503638,0.04727514151776563
4,1,65-69,15-19,0.04624743075652406,0.0076508940023519165,0.12343805463712476
4,1,65-69,20-24,0.021404716164619073,0,0.05163907344287445
4,1,65-69,25-29,0.055495836934187706,0.02063600215517561,0.10063040948789856
4,1,65-69,30-34,0.05065747270632303,0.015869292442874928,0.09980519302118886
4,1,65-69,35-39,0.05811312713317897,0.01859579707706583,0.11949131276318667
4,1,65-69,40-44,0.0975267307973438,0.024354775768016073,0.21500213370605809
4,1,65-69,45-49,0.029318490651537767,0.0076446679443348715,0.06903086870462449
4,1,65-69,50-54,0.020571060069418036,0.003951986872497958,0.04198270301617542
4,1,65-69,55-59,0.02054421740299376,0.0040321316179569265,0.04528184801933816
4,1,65-69,60-64,0.051177861113694184,0.01199206201161873,0.11134826292018155
4,1,65-69,65-69,0.07032548722609312,0.022563244847126497,0.14713037857127242
4,1,65-69,70-74,0.03939138987801322,0.0112747303530476,0.08117218929069506
4,1,65-69,75+,0.04860137988248425,0.009910737978170242,0.10570354929183277
4,1,70-74,0-4,0.03670824967854845,0.004096708091383982,0.08796920802040722
4,1,70-74,5-9,0.031672987113639875,0.007930768677633458,0.06265068521579055
4,1,70-74,10-14,0.025755210204931704,0.0063766791875264715,0.05332832586602
4,1,70-74,15-19,0.040501246863581676,0.011607599830363064,0.08120692544702304
4,1,70-74,20-24,0.05029763103882277,0.009360905711900644,0.13626521164772826
4,1,70-74,25-29,0.029354388168400237,0.007461304588352247,0.060735079702920095
4,1,70-74,30-34,0.053502728951802254,0.01772296398766793,0.1037033602369399
4,1,70-74,35-39,0.050125273378030535,0.012243351370031859,0.10670570031126704
4,1,70-74,40-44,0.08834648716966885,0.018047635397073308,0.20378430561274194
4,1,70-74,45-49,0.030046069002248002,0.007811767808110836,0.06426063160027662
4,1,70-74,50-54,0.02858977383939331,0.009157058542448639,0.05407933144936177
4,1,70-74,55-59,0.027428939948328082,0.004271708683879614,0.07123400749394752
4,1,70-74,60-64,0.047288916290526326,0.008553063729331602,0.1041280537437761
4,1,70-74,65-69,0.05996660702112377,0.017374673745155212,0.1239742785707525
4,1,70-74,70-74,0.07187401902362112,0.027269278761765915,0.1314422065568143
4,1,70-74,75+,0.08311065809228954,0.02251398159629982,0.16390044626022127
4,1,75+,0-4,0.020586880891170653,0,0.05068026454506714
4,1,75+,5-9,0.025861326766884317,0.00867797078980417,0.04942544591219321
4,1,75+,10-14,0.013100123075738558,0.0030812128660480833,0.027239614366091226
4,1,75+,15-19,0.02200943150734812,0.004303459635021599,0.04984585760079469
4,1,75+,20-24,0.053502673246528944,0.012909427382329822,0.11098695960382933
4,1,75+,25-29,0.018724172265776693,0.00429453671055849,0.039038527098432196
4,1,75+,30-34,0.027511438174572595,0.008596114929001001,0.0529306607515309
4,1,75+,35-39,0.027373583885511938,0.006864524605232513,0.056596224223604004
4,1,75+,40-44,0.03734943712490784,0.009361636375440425,0.0747540330608733
4,1,75+,45-49,0.017813456874391752,0.0035866749308371775,0.03883309575685028
4,1,75+,50-54,0.021944107213804697,0.006668324791653093,0.04214762291770318
4,1,75+,55-59,0.026615550292761008,0.007164766736343561,0.055898625241356976
4,1,75+,60-64,0.04520270581652113,0.014549568811628161,0.09171002455867064
4,1,75+,65-69,0.037744733833739774,0.010938108092641181,0.07934870181545989
4,1,75+,70-74,0.03600100421397192,0.01142031745608299,0.0686265225535582
4,1,75+,75+,0.10384771481142584,0.04564783420790543,0.17930054934428918
4,2,0-4,0-4,0.38808607950848745,0.22465924007052368,0.5688869885975636
4,2,0-4,5-9,0.18048912365736444,0.09447856493740536,0.2945105044992701
4,2,0-4,10-14,0.06163230881650799,0.024996366440186164,0.11009668092748202
4,2,0-4,15-19,0.09123460913351598,0.04518767506888967,0.148177711303717
4,2,0-4,20-24,0.06776842682199054,0.020781858286042926,0.13581730813505571
4,2,0-4,25-29,0.0838189250102964,0.02825281394061501,0.1566622815739501
4,2,0-4,30-34,0.1284251450876489,0.057490210188276596,0.2242155763800714
4,2,0-4,35-39,0.08236396392512697,0.03314562134995988,0.14825840102104873
4,2,0-4,40-44,0.05341172149584029,0.013916976171728655,0.1089221782860338
4,2,0-4,45-49,0.056875711064441975,0.014794614609321117,0.11842940512581557
4,2,0-4,50-54,0.062049151698665164,0.01914240569481301,0.13258754714506535
4,2,0-4,55-59,0.04505619150372869,0.010713508844060976,0.12001454775980414
4,2,0-4,60-64,0.04169532068066717,0.004715080617284947,0.11090972694878441
4,2,0-4,65-69,0.04152833196646795,0.0051773213001103345,0.09906091801280856
4,2,0-4,70-74,0.040097590218732986,0.004385690485466306,0.09649401621487054
4,2,0-4,75+,0.040191730559940915,0.0067567567604559,0.09292178179345206
4,2,5-9,0-4,0.17858100061599116,0.10327692333865661,0.2842122717017815
4,2,5-9,5-9,0.8155548975245642,0.6110322425819061,1.0401469747074896
4,2,5-9,10-14,0.20404755719657755,0.1313786876764351,0.2848219583449467
4,2,5-9,15-19,0.06289437932133654,0.02742157513756767,0.10396769442578782
4,2,5-9,20-24,0.0818104726691593,0.031765003133105735,0.1465176750952386
4,2,5-9,25-29,0.0854259882962776,0.04214001474617246,0.13514787252708485
4,2,5-9,30-34,0.09987402211013759,0.04881864371058588,0.17063429776607122
4,2,5-9,35-39,0.07659505307424566,0.039444135601245954,0.12331947996594216
4,2,5-9,40-44,0.06742735299647735,0.029989994638950697,0.12006841853543379
4,2,5-9,45-49,0.033647726884796954,0.011132683811616213,0.06428428262779266
4,2,5-9,50-54,0.02733647896380643,0.007054773994321587,0.054914754577020025
4,2,5-9,55-59,0.02122445050984481,0.003967472815901764,0.0517708278818917
4,2,5-9,60-64,0.03527707991874759,0.004601093186104445,0.08595713517826431
4,2,5-9,65-69,0.037325972503770115,0.0074613045883522465,0.08245631510603234
4,2,5-9,70-74,0.01769788268724123,0,0.04563484833830262
4,2,5-9,75+,0.02569517541576995,0.003545474977527988,0.06048657318356832
4,2,10-14,0-4,0.06225310961155951,0.027502418656025932,0.1096321340246885
4,2,10-14,5-9,0.1711974559113988,0.10775019049831366,0.24418058849698257
4,2,10-14,10-14,1.001592027274068,0.7127923151626869,1.314055458653898
4,2,10-14,15-19,0.10673348060200957,0.06049911133197517,0.16041074239850714
4,2,10-14,20-24,0.06180661253965058,0.021163025639715012,0.12598566334686528
4,2,10-14,25-29,0.04694247622683684,0.020324761046912176,0.0860525959748012
4,2,10-14,30-34,0.07575836477770921,0.03211097382227621,0.14181994734477926
4,2,10-14,35-39,0.06899794353127023,0.028857640518069886,0.12552030547899515
4,2,10-14,40-44,0.09807584140921627,0.04558643405952927,0.1709433589098481
4,2,10-14,45-49,0.06401838435533995,0.025941527920124233,0.11515696674027157
4,2,10-14,50-54,0.02543824780635203,0.007220123588807805,0.05007607969123288
4,2,10-14,55-59,0.0254982892009054,0.004665170424625523,0.05901936293614844
4,2,10-14,60-64,0.025992035579120623,0.0038752236137249443,0.0633242705220292
4,2,10-14,65-69,0.02761843664205835,0.006248271591559068,0.058391704295537125
4,2,10-14,70-74,0.022997429144906666,0.0033773784041892145,0.056927934774281895
4,2,10-14,75+,0.030569030250371814,0.006943247127276375,0.06643897039065716
4,2,15-19,0-4,0.06559612307202835,0.02755667050291577,0.11527674767690965
4,2,15-19,5-9,0.07870975011683998,0.03976424675860401,0.1320704580479033
4,2,15-19,10-14,0.14279990103448273,0.08645077349800186,0.2190900625342952
4,2,15-19,15-19,0.5891163289586006,0.392575793682805,0.8101798391786824
4,2,15-19,20-24,0.11851351935466528,0.04806715446464892,0.20734385268730565
4,2,15-19,25-29,0.08108082902738137,0.040480870913677525,0.13107402483295685
4,2,15-19,30-34,0.092415749985453,0.046506182903528724,0.14994467747549667
4,2,15-19,35-39,0.05540817509849327,0.02253358611630162,0.0971614399234064
4,2,15-19,40-44,0.04662404746023037,0.018827007613842487,0.08317429285045624
4,2,15-19,45-49,0.06365970712865089,0.02623275898738067,0.11596873248719196
4,2,15-19,50-54,0.048726988622272496,0.016227068406712276,0.0973235462608717
4,2,15-19,55-59,0.02609491954401182,0.004587129059691594,0.06517192433803
4,2,15-19,60-64,0.022433388766594085,0.003904498186655622,0.0514996399466243
4,2,15-19,65-69,0.048489175177853734,0.003816071016307329,0.15467754701716777
4,2,15-19,70-74,0.030325476004074245,0,0.08096938859558878
4,2,15-19,75+,0.0468083823672362,0.004065040650406505,0.11954297009492179
4,2,20-24,0-4,0.06734190880601272,0.018389422545928864,0.14031540209761456
4,2,20-24,5-9,0.09137445976956551,0.03262656984210469,0.1920163995473658
4,2,20-24,10-14,0.047184959321737635,0.010172507348287759,0.10697434086522255
4,2,20-24,15-19,0.11009463575843444,0.04896880940835638,0.20190009947128082
4,2,20-24,20-24,0.28043847343262257,0.15405929528757276,0.456430762842864
4,2,20-24,25-29,0.1706424125174833,0.0992762210180437,0.2606304756556379
4,2,20-24,30-34,0.12866400140111853,0.07339332463672105,0.20104735651185396
4,2,20-24,35-39,0.08697321142513266,0.04165755365752209,0.14434020182999482
4,2,20-24,40-44,0.08183164042982405,0.036794071086043705,0.14074379179010496
4,2,20-24,45-49,0.05893053261694185,0.024917956836248322,0.10485027146710606
4,2,20-24,50-54,0.05613876761730095,0.024732716471152497,0.09666518599753773
4,2,20-24,55-59,0.032312714991589137,0.009528541066035361,0.06244092155658934
4,2,20-24,60-64,0.044345143688942094,0.014931303590605058,0.08281292884071804
4,2,20-24,65-69,0.01893756382773849,0,0.048087032992006985
4,2,20-24,70-74,0.02376294659447918,0,0.0581160962653366
4,2,20-24,75+,0.04060995717996707,0.00555555555646555,0.09668175220708841
4,2,25-29,0-4,0.060515115285775994,0.02162277015352145,0.11050418432932582
4,2,25-29,5-9,0.0711268914723279,0.03868071838539875,0.11214177542248802
4,2,25-29,10-14,0.03365334844299195,0.01288424057208459,0.058747068337898174
4,2,25-29,15-19,0.060473601893805906,0.029007000735603715,0.10234910998535594
4,2,25-29,20-24,0.18423915716373035,0.10398397160587444,0.28641465421425083
4,2,25-29,25-29,0.23420944596290924,0.15737398208721784,0.3246622182508503
4,2,25-29,30-34,0.1963418309022465,0.13076210233388547,0.27066552998217464
4,2,25-29,35-39,0.11114193007345663,0.06564424544027585,0.16496424478824032
4,2,25-29,40-44,0.07491207760945819,0.038164977706750244,0.11924654725445395
4,2,25-29,45-49,0.058457210253608116,0.029357007461479095,0.09572441676030775
4,2,25-29,50-54,0.06074203763063018,0.029556845129660746,0.09454673531640707
4,2,25-29,55-59,0.05068403943471536,0.02151914884827807,0.08782577766939058
4,2,25-29,60-64,0.03866506454269343,0.015036501120749758,0.0693620510035795
4,2,25-29,65-69,0.03515506312616571,0.007879485478906779,0.08249500578881262
4,2,25-29,70-74,0.020284865600061798,0.0029613780138700017,0.053104451616019815
4,2,25-29,75+,0.032319014697336695,0.0039992063492279555,0.0771627427408032
4,2,30-34,0-4,0.08423362979144892,0.038699356643437974,0.14382654719112067
4,2,30-34,5-9,0.06755378922629365,0.032030627671699674,0.12586337473488485
4,2,30-34,10-14,0.045709830153657906,0.018251020266803565,0.08738658383011652
4,2,30-34,15-19,0.06975980645880586,0.03792357970451935,0.11234873492321035
4,2,30-34,20-24,0.12596159313720942,0.06725610452536114,0.19534110313703762
4,2,30-34,25-29,0.20138952239412652,0.13264206867476863,0.279487399240372
4,2,30-34,30-34,0.21798609620929416,0.15118931926421078,0.2929475532823695
4,2,30-34,35-39,0.14569961125071473,0.09416729558618875,0.20783721254778148
4,2,30-34,40-44,0.11855675061780221,0.07128981948032323,0.17026208300658455
4,2,30-34,45-49,0.06398521041919025,0.034529020886826134,0.09932788845556186
4,2,30-34,50-54,0.08385347414699823,0.04862238213702216,0.11954100122509106
4,2,30-34,55-59,0.060957671960628255,0.027983510532449078,0.10012882154159565
4,2,30-34,60-64,0.05583263614069136,0.02807585594245063,0.09368922203654015
4,2,30-34,65-69,0.05729902265809681,0.01900440777751912,0.1101253414479421
4,2,30-34,70-74,0.02230923172143171,0.0032829499312742438,0.04963410384630988
4,2,30-34,75+,0.04687962373866898,0.010869719427675936,0.09868296212287363
4,2,35-39,0-4,0.06407641819233856,0.029850019244129486,0.10750647286750611
4,2,35-39,5-9,0.05868280056399785,0.030106091777258308,0.09459453402363642
4,2,35-39,10-14,0.06048130203262366,0.029051591036540744,0.10290731908867942
4,2,35-39,15-19,0.056911947350869095,0.030251127531347826,0.0917172099298561
4,2,35-39,20-24,0.08300637546491771,0.038728316536878686,0.13893928305091519
4,2,35-39,25-29,0.11906489114740287,0.0712261032511418,0.1719764243346983
4,2,35-39,30-34,0.14549589593052972,0.09780119600421934,0.20305958518522466
4,2,35-39,35-39,0.13441250273376526,0.0852019983150918,0.19248440259178026
4,2,35-39,40-44,0.10358497335630283,0.06111587229189113,0.15180949380893005
4,2,35-39,45-49,0.06945550554951303,0.03917651367710747,0.10896292642373684
4,2,35-39,50-54,0.06901158636662746,0.039081971986052635,0.1009692637810088
4,2,35-39,55-59,0.04544302334212483,0.018767840626119272,0.07912797235628084
4,2,35-39,60-64,0.056537392354466864,0.02714592497383057,0.09167220327605086
4,2,35-39,65-69,0.056406239074800614,0.018055736965243915,0.11615272789044274
4,2,35-39,70-74,0.021101445281236364,0.003087858057185587,0.04928605608244518
4,2,35-39,75+,0.037288998349238364,0.0070398082956076415,0.08217272682216906
4,2,40-44,0-4,0.04480516222722364,0.014805317353477248,0.08403246156710223
4,2,40-44,5-9,0.04774911562841059,0.021021015257593284,0.0826377978157192
4,2,40-44,10-14,0.0652506197630107,0.026761108791739537,0.12752745166052196
4,2,40-44,15-19,0.056076903644670564,0.023766779612057597,0.09941378905620007
4,2,40-44,20-24,0.09252561780530916,0.04363445926164696,0.1615948864962068
4,2,40-44,25-29,0.08561523882382423,0.045977310528252685,0.13056052027768136
4,2,40-44,30-34,0.12992814012535925,0.08373810974309145,0.18578629318577872
4,2,40-44,35-39,0.1113689300942008,0.067482968835626,0.16203788220111126
4,2,40-44,40-44,0.14180364337221482,0.0883327600319049,0.20789382612151425
4,2,40-44,45-49,0.09240837350842268,0.05131813501818955,0.14251080718107148
4,2,40-44,50-54,0.08661247719171558,0.05243087928289428,0.12596548818923292
4,2,40-44,55-59,0.07345725400614148,0.03906695103080199,0.11779836805643255
4,2,40-44,60-64,0.07169804407668091,0.03404573568486274,0.11928231818777217
4,2,40-44,65-69,0.04605439001144982,0.01572106709329959,0.09278260063893248
4,2,40-44,70-74,0.03139506165284335,0.0071548918780529125,0.07085018098886958
4,2,40-44,75+,0.02898941936716344,0.003424657534246575,0.06813372800193639
4,2,45-49,0-4,0.040808802731198836,0.01169086872424997,0.08374373555143644
4,2,45-49,5-9,0.039346774234665136,0.014743792668050154,0.07323998104927996
4,2,45-49,10-14,0.05196960973859727,0.02056471110661392,0.09704148288903938
4,2,45-49,15-19,0.07081784328619237,0.03224967126341162,0.12033060724927437
4,2,45-49,20-24,0.07684314427936725,0.03393019800180739,0.138946694928594
4,2,45-49,25-29,0.08065780253456666,0.04298954086396486,0.12211274677343682
4,2,45-49,30-34,0.09136426931893518,0.053897880850635356,0.13539595609440738
4,2,45-49,35-39,0.08704004362730862,0.04546119226936155,0.13280465402899935
4,2,45-49,40-44,0.11543753886593312,0.07097005011129354,0.17456617227098886
4,2,45-49,45-49,0.08713707139744119,0.05074674040204183,0.13148898009036936
4,2,45-49,50-54,0.09501466358465165,0.05796825880462565,0.14027433548094917
4,2,45-49,55-59,0.07706925042359515,0.04018016571088222,0.11996603217589434
4,2,45-49,60-64,0.055358808746045596,0.025437740755402068,0.09348697383030095
4,2,45-49,65-69,0.035146880881339104,0.008979573344569872,0.08065265083234723
4,2,45-49,70-74,0.022866290623654167,0.005847103224424629,0.049732094152568504
4,2,45-49,75+,0.03767461643099919,0.00914500742705112,0.0781465586916425
4,2,50-54,0-4,0.062285902168272816,0.020434628603982635,0.12870711565987267
4,2,50-54,5-9,0.02270332309991714,0.006259969667267527,0.047351037763605115
4,2,50-54,10-14,0.03166551411941051,0.008971181613275847,0.07007051832007252
4,2,50-54,15-19,0.05394186320310897,0.019637092056291876,0.10792842505453162
4,2,50-54,20-24,0.057385524407235766,0.023091163241703416,0.10116283942457552
4,2,50-54,25-29,0.0659073935217329,0.03387663127738406,0.10391561993320877
4,2,50-54,30-34,0.09770711450233055,0.057528551972519805,0.14086955469825305
4,2,50-54,35-39,0.0751985496442103,0.04040490849622888,0.11495771132661557
4,2,50-54,40-44,0.09437070355455417,0.056859969658283646,0.13759939472956292
4,2,50-54,45-49,0.0830692911518926,0.04959861053984662,0.1253222001319644
4,2,50-54,50-54,0.10095717511616603,0.06423068433276005,0.14628499208412166
4,2,50-54,55-59,0.07353574120964959,0.03885119639821365,0.12004859173176036
4,2,50-54,60-64,0.06602277072858483,0.03344206988241912,0.1112442362650446
4,2,50-54,65-69,0.029390904056341864,0.007401364099266564,0.05627096005776715
4,2,50-54,70-74,0.019804731524726497,0.005735076220058358,0.039179085479979454
4,2,50-54,75+,0.04662601126413334,0.014969138934935828,0.09068786709590491
4,2,55-59,0-4,0.03746137009517932,0.007872477861595895,0.0916476482099686
4,2,55-59,5-9,0.013827568934862748,0,0.03610555883143382
4,2,55-59,10-14,0.015174678334317944,0.002557390930995668,0.036729983710585744
4,2,55-59,15-19,0.027513751229283297,0.006892559627935979,0.05905134354284046
4,2,55-59,20-24,0.03319127109141614,0.012237049970211376,0.060278598909311934
4,2,55-59,25-29,0.05064741099235995,0.023192372056305838,0.08318718803384398
4,2,55-59,30-34,0.05997478940237894,0.028946160611638152,0.094278257327589
4,2,55-59,35-39,0.0455087090256447,0.02069799634717561,0.07663593332264684
4,2,55-59,40-44,0.07828557254697628,0.04197472735802252,0.11908378877375696
4,2,55-59,45-49,0.05515207838223849,0.028665071945037653,0.08762758232403692
4,2,55-59,50-54,0.06557202663004882,0.033776737526407474,0.10263161008871358
4,2,55-59,55-59,0.07447344080230217,0.03551538682901139,0.11789048773665525
4,2,55-59,60-64,0.07725847796903243,0.04115731090832056,0.12065700762726175
4,2,55-59,65-69,0.029455627226049472,0.007154318428726665,0.059842374565924235
4,2,55-59,70-74,0.018631697066266172,0.0031234183070148335,0.04205655451121321
4,2,55-59,75+,0.0472596868085817,0.011627557658964888,0.0967630492595658
4,2,60-64,0-4,0.043096302704776934,0.009647124621772047,0.10177262086854723
4,2,60-64,5-9,0.02803661447522606,0.0040935578898077,0.0757962307629188
4,2,60-64,10-14,0.022600713297254712,0.00367647058875987,0.05151718699932363
4,2,60-64,15-19,0.023668267132066084,0.0036466498863518787,0.055953612382726406
4,2,60-64,20-24,0.03530812608808293,0.012546197002413958,0.0660115911601755
4,2,60-64,25-29,0.041390001649079446,0.015849889811188015,0.07234100117990792
4,2,60-64,30-34,0.06125950236048139,0.028589031992571304,0.10385814929450127
4,2,60-64,35-39,0.043697986355388976,0.017984769868864853,0.07621756198503753
4,2,60-64,40-44,0.058972736140673575,0.02817859998652458,0.09722517491186647
4,2,60-64,45-49,0.0432438895245284,0.019522663200372898,0.07777514228282338
4,2,60-64,50-54,0.06360211882786446,0.035116003314200436,0.10349066040013019
4,2,60-64,55-59,0.07645924192614022,0.03648434157080962,0.12262752077585282
4,2,60-64,60-64,0.07329847406324529,0.038313707896366046,0.1189681734343858
4,2,60-64,65-69,0.04062784473849844,0.014553725383492087,0.07596178983362513
4,2,60-64,70-74,0.02003535330849317,0.0035633872895691884,0.04195247743442294
4,2,60-64,75+,0.03865044793718589,0.010130101138243728,0.08172062414996463
4,2,65-69,0-4,0.053552816728480536,0.011714785493881556,0.12213133348789719
4,2,65-69,5-9,0.06364211669686608,0.021997861923818317,0.12053987353535767
4,2,65-69,10-14,0.02663394760128093,0.006511620289813696,0.05813891291397556
4,2,65-69,15-19,0.043111665075655455,0.011084386702077625,0.09126814170146617
4,2,65-69,20-24,0.03973758990902196,0.005804335415371013,0.09445532924567927
4,2,65-69,25-29,0.05651794727074376,0.017008590434739315,0.11040272465006132
4,2,65-69,30-34,0.0775037478447493,0.026962037518145077,0.14597290164287305
4,2,65-69,35-39,0.05715360770567402,0.016894314360231873,0.11850574018766986
4,2,65-69,40-44,0.06223074481736949,0.02013654012840178,0.13352153009333997
4,2,65-69,45-49,0.036977203199306245,0.011058615881130458,0.0853607846400456
4,2,65-69,50-54,0.03393450118693477,0.012227113778916198,0.0618476563696507
4,2,65-69,55-59,0.03628975411992308,0.005346581309517356,0.07589224449312
4,2,65-69,60-64,0.04638877215718057,0.01608937637894588,0.0841545822990147
4,2,65-69,65-69,0.08617036384006904,0.025397155120583468,0.17877266348853454
4,2,65-69,70-74,0.047660493419290614,0.016093517439405305,0.09993839670077753
4,2,65-69,75+,0.07733020002883614,0.02480699669228714,0.1527256386548886
4,2,70-74,0-4,0.058627449463833796,0.01164980880439632,0.12210190540852826
4,2,70-74,5-9,0.03133573124134497,0.007570877986706081,0.06409711454564705
4,2,70-74,10-14,0.027697063923827495,0.0043974197457434284,0.057559300615584424
4,2,70-74,15-19,0.041917758798652026,0.008861800779831954,0.09530147129085112
4,2,70-74,20-24,0.11870161310782049,0.013031124766077665,0.35138509098994486
4,2,70-74,25-29,0.03270579497231172,0.007998412699449307,0.06835529077562985
4,2,70-74,30-34,0.07042065819468904,0.024907218685903183,0.13431051845745204
4,2,70-74,35-39,0.04915826607496427,0.013156690138005795,0.10268996059226139
4,2,70-74,40-44,0.05740519038845408,0.016995596284304585,0.12894200887522297
4,2,70-74,45-49,0.03769733904259148,0.011686472905023651,0.07385776907273928
4,2,70-74,50-54,0.03709059669114559,0.012112811934092724,0.06686938964898978
4,2,70-74,55-59,0.05111868288475958,0.01342892925482152,0.10401780205135319
4,2,70-74,60-64,0.038479205367197566,0.009819058799475637,0.07618683324912318
4,2,70-74,65-69,0.07416017983001981,0.025408958768095156,0.14583190013246253
4,2,70-74,70-74,0.07911032425130542,0.03107472503608006,0.14543818854061638
4,2,70-74,75+,0.1265957167368902,0.050850878631574885,0.22244918976834194
4,2,75+,0-4,0.02395378661470089,0.0037145903031820626,0.05329513696728293
4,2,75+,5-9,0.02333225604887409,0.006346527977532317,0.04911163196405457
4,2,75+,10-14,0.017267075424398155,0.004624873298287199,0.036699702931447836
4,2,75+,15-19,0.03461866507788617,0.010042698158306211,0.07392372055499712
4,2,75+,20-24,0.06342175665035477,0.011294914425790689,0.1449446756949857
4,2,75+,25-29,0.02042938248626074,0.0045865678287805925,0.04606050380725262
4,2,75+,30-34,0.04178902354943864,0.013582177609766969,0.07679856955061255
4,2,75+,35-39,0.02935638937260338,0.008224133533620418,0.06098946635296994
4,2,75+,40-44,0.021925314245000133,0.0041759208144390965,0.04734185203468229
4,2,75+,45-49,0.030828283668727988,0.009614917515216133,0.05781615769625484
4,2,75+,50-54,0.031096595029485686,0.01245531355812945,0.05648971328307721
4,2,75+,55-59,0.039188383191416445,0.014455356323489882,0.07425359954846117
4,2,75+,60-64,0.033308858436683374,0.012276986035540532,0.060850026105655944
4,2,75+,65-69,0.04702147349190975,0.01684237631172533,0.0919186643196145
4,2,75+,70-74,0.04702290723099414,0.018882767998957526,0.08238294033259086
4,2,75+,75+,0.14281160712463856,0.0736504350758829,0.22684823210496682
4,3,0-4,0-4,0.4322284306770297,0.24666150399194703,0.6763059072934335
4,3,0-4,5-9,0.18249086473631568,0.09634148736889889,0.28995038541924206
4,3,0-4,10-14,0.07468797911816566,0.03035398984021158,0.13173476925529753
4,3,0-4,15-19,0.08302413648500996,0.034469776227747405,0.14620147413389667
4,3,0-4,20-24,0.05227310779483465,0.012581674475105036,0.11166738367888032
4,3,0-4,25-29,0.06929882842919818,0.023423334481619065,0.1349298262667339
4,3,0-4,30-34,0.1471506610204449,0.06519651913350048,0.2610716043939622
4,3,0-4,35-39,0.08486253002805452,0.03450915117946393,0.1545997269563833
4,3,0-4,40-44,0.06698073149580615,0.020777480301210467,0.12755500881317045
4,3,0-4,45-49,0.04883786603344912,0.01223605874528007,0.10136777893131141
4,3,0-4,50-54,0.07401607630819884,0.022517217284274246,0.15760777495302938
4,3,0-4,55-59,0.045721454372905014,0.008617036827514786,0.11899064881013567
4,3,0-4,60-64,0.056920095212820765,0.010098355969660121,0.14122653014971448
4,3,0-4,65-69,0.04358486503346539,0.007462686572334101,0.10314500887786125
4,3,0-4,70-74,0.040605321957807895,0.004374645986859295,0.0952702892401367
4,3,0-4,75+,0.04123763987987521,0,0.1038161124062741
4,3,5-9,0-4,0.16644752121336176,0.08614416013482737,0.26610937671212925
4,3,5-9,5-9,0.9610227948060633,0.7103225206652737,1.2335611337431793
4,3,5-9,10-14,0.20091199385589328,0.1281941720590237,0.2991830670354295
4,3,5-9,15-19,0.06723426502236313,0.03092557908773058,0.11454145480873927
4,3,5-9,20-24,0.05917884154870938,0.02044423673614317,0.12044306477855318
4,3,5-9,25-29,0.07564520736546469,0.037139246345410645,0.12343261482289211
4,3,5-9,30-34,0.11559434456479895,0.051951650550153106,0.2041034941536955
4,3,5-9,35-39,0.06935380217675724,0.03314774254739254,0.11824660306811895
4,3,5-9,40-44,0.07412069557821466,0.02886500991581172,0.15304181929991856
4,3,5-9,45-49,0.03390189753820129,0.010434055862443382,0.06864578642909563
4,3,5-9,50-54,0.03185515705392205,0.007566312051928645,0.06723889029288699
4,3,5-9,55-59,0.021070251927123404,0.003571428572033665,0.05480460461622021
4,3,5-9,60-64,0.03979449812397845,0.0069003895086645044,0.1079691839040527
4,3,5-9,65-69,0.0391919177750096,0.009963911442097323,0.08879309569053413
4,3,5-9,70-74,0.020159184010586507,0.0034430937388011972,0.050428577144543456
4,3,5-9,75+,0.024905748642066794,0.003570795340002327,0.058508738955255546
4,3,10-14,0-4,0.05742983222513119,0.02105020892557144,0.10491792334805324
4,3,10-14,5-9,0.18213346724939175,0.11462398505590149,0.2591325005963619
4,3,10-14,10-14,1.0949189573676796,0.7637862271252107,1.4982351011494632
4,3,10-14,15-19,0.12555456514431249,0.07351551783353688,0.19011152212036514
4,3,10-14,20-24,0.053166262117715836,0.017208735257029047,0.10763059814711834
4,3,10-14,25-29,0.041125625624770394,0.015497387491742072,0.07664903120919578
4,3,10-14,30-34,0.08720796900491724,0.035568639057714825,0.1602532340848024
4,3,10-14,35-39,0.07501263927180939,0.03291166153269688,0.13953339111689422
4,3,10-14,40-44,0.08626746831614342,0.0355522451497621,0.1729298588637709
4,3,10-14,45-49,0.06410295266497261,0.026092580780418023,0.11364731480397325
4,3,10-14,50-54,0.03380588821555215,0.010124627851490901,0.06588892361541722
4,3,10-14,55-59,0.023255239850354836,0.0037306522941908354,0.05525415890107678
4,3,10-14,60-64,0.028234668821271555,0.003448275862068965,0.07611649298210534
4,3,10-14,65-69,0.03369669764258577,0.009537821070999396,0.07008774655974997
4,3,10-14,70-74,0.029048114497701887,0.006451577358608559,0.06467811089998493
4,3,10-14,75+,0.03748668863499491,0.007572947070896469,0.07874543004440479
4,3,15-19,0-4,0.060705560139808074,0.02477092227869052,0.10744394877085486
4,3,15-19,5-9,0.07504869429746626,0.03809229458461719,0.12021728549350003
4,3,15-19,10-14,0.13221231981264747,0.07110850554127432,0.19545003844463954
4,3,15-19,15-19,0.6410264351014626,0.42507916506375065,0.872563419620812
4,3,15-19,20-24,0.0940574260072129,0.039953839125197045,0.16906250695158356
4,3,15-19,25-29,0.06771767938886032,0.031237873847312955,0.11457574082238911
4,3,15-19,30-34,0.10047534322422771,0.04856433861026176,0.16786193558183093
4,3,15-19,35-39,0.056561131568638415,0.02547123839728074,0.0994954413462794
4,3,15-19,40-44,0.05366022143660208,0.02067734264539707,0.10051799666891678
4,3,15-19,45-49,0.07215960094309372,0.03066467546241313,0.12244610447776816
4,3,15-19,50-54,0.0682330137576782,0.024622997468299407,0.13570287377642745
4,3,15-19,55-59,0.035876639552050074,0.00823841858756852,0.0755468244269609
4,3,15-19,60-64,0.036568531230328716,0.007994985259397578,0.08540410544922493
4,3,15-19,65-69,0.06610629150173747,0.004308518410385288,0.21177228864586528
4,3,15-19,70-74,0.035974032842625,0.003517585618732934,0.09846215943730663
4,3,15-19,75+,0.05741454336261755,0.00781252903020489,0.14696122337919515
4,3,20-24,0-4,0.05595350590504661,0.011905338895133734,0.12392984381453725
4,3,20-24,5-9,0.08613734156003813,0.029965446474260127,0.17138513646623568
4,3,20-24,10-14,0.048798700160824576,0.013537908553093773,0.1026856425251263
4,3,20-24,15-19,0.11314837885612004,0.04781937741315865,0.20663594745001923
4,3,20-24,20-24,0.22305219344377278,0.12607286177395755,0.34328914596857774
4,3,20-24,25-29,0.15797175413596903,0.08902292674776269,0.24957180712658597
4,3,20-24,30-34,0.12166910252873209,0.06919544076571224,0.18492062258576444
4,3,20-24,35-39,0.08699671844667768,0.04598392956940943,0.13831993670431847
4,3,20-24,40-44,0.08930568155702395,0.04062212550371169,0.15068526705563307
4,3,20-24,45-49,0.06630021353882384,0.028895824116114174,0.11599707026315961
4,3,20-24,50-54,0.05371094405781206,0.02154165447248474,0.09224729273602693
4,3,20-24,55-59,0.03741229374532783,0.011199355047876013,0.07057403862876115
4,3,20-24,60-64,0.05243877858514309,0.017240352169580007,0.10196666009822707
4,3,20-24,65-69,0.019723325956243713,0,0.04541571664598383
4,3,20-24,70-74,0.02899887130993532,0,0.07368824666092362
4,3,20-24,75+,0.05544439070580485,0.01176128592979198,0.11788236747664134
4,3,25-29,0-4,0.058243477416704735,0.020745995827441834,0.11055400542114145
4,3,25-29,5-9,0.05853672282758912,0.027842666989238467,0.09406926490614533
4,3,25-29,10-14,0.025859284270031185,0.00702875247501336,0.04978910246399848
4,3,25-29,15-19,0.05248338978692404,0.02187037280028547,0.08990802095494344
4,3,25-29,20-24,0.149676171704725,0.08811920542378834,0.227378493883093
4,3,25-29,25-29,0.20280609396870383,0.1287912734334793,0.2828492785252315
4,3,25-29,30-34,0.1976454861511288,0.12848590184426878,0.27437663108978994
4,3,25-29,35-39,0.10659757157929342,0.06479379607007904,0.15520654148422777
4,3,25-29,40-44,0.08616518114948583,0.046450157302444235,0.13296638626580734
4,3,25-29,45-49,0.07260803168552278,0.03861867091990932,0.1150792717333256
4,3,25-29,50-54,0.06333274888346391,0.03339776722076225,0.098605202445688
4,3,25-29,55-59,0.051771385417948644,0.021605484253065365,0.08948432402200697
4,3,25-29,60-64,0.04917687633974191,0.019618764040410526,0.08961991443438543
4,3,25-29,65-69,0.033393077965385154,0.007116512095236614,0.07659990258483587
4,3,25-29,70-74,0.020142181527670465,0,0.051100592251259895
4,3,25-29,75+,0.044133476108058206,0.008195055314861163,0.09540488541355616
4,3,30-34,0-4,0.08761978243124871,0.03802220997138207,0.15358599069697285
4,3,30-34,5-9,0.06394531460212324,0.028553054798111557,0.11333231133651797
4,3,30-34,10-14,0.04674425913001675,0.0172916081258055,0.08836670534633476
4,3,30-34,15-19,0.0644964819186193,0.029618838119188525,0.10854913930152092
4,3,30-34,20-24,0.09849344243960238,0.054842774123712995,0.15517515509616264
4,3,30-34,25-29,0.17281702138676625,0.11094183480236698,0.2442646752206158
4,3,30-34,30-34,0.21575294559325142,0.14699392255276028,0.2930464888395431
4,3,30-34,35-39,0.13537991543113276,0.08577787006276615,0.1935153058423834
4,3,30-34,40-44,0.12233958411394551,0.07841444213633132,0.1782970122604543
4,3,30-34,45-49,0.07293133906783511,0.039605144415735226,0.11380978016197009
4,3,30-34,50-54,0.08226314120989636,0.0485165999142686,0.12124341672842623
4,3,30-34,55-59,0.06201151957765696,0.03051635186961913,0.10214163574433194
4,3,30-34,60-64,0.06765499133890096,0.031320280107414805,0.11543610662785485
4,3,30-34,65-69,0.059204849077555695,0.01869207062620971,0.11502175276989733
4,3,30-34,70-74,0.031079850189192598,0.007215668137544817,0.06423188839049226
4,3,30-34,75+,0.05276577821943133,0.014084943364603947,0.11002306577947654
4,3,35-39,0-4,0.06429295156846317,0.026400337434163344,0.11108546533575558
4,3,35-39,5-9,0.056992643692194846,0.02734631481516814,0.0913942130327586
4,3,35-39,10-14,0.060270875512554334,0.028473219713287853,0.1013912686451981
4,3,35-39,15-19,0.047176527332352274,0.023059369866368664,0.08076029528772931
4,3,35-39,20-24,0.06859093658066359,0.034163216764868776,0.11148255658329206
4,3,35-39,25-29,0.10273479577732213,0.06069195339731141,0.1553872788711872
4,3,35-39,30-34,0.13908666327607078,0.08814913715739675,0.19614456431934124
4,3,35-39,35-39,0.14313009607975544,0.09387971040597894,0.19982675769954922
4,3,35-39,40-44,0.11202048562067599,0.07157730874803923,0.1609703054741206
4,3,35-39,45-49,0.07955785531978551,0.045959751209298086,0.12325210935087294
4,3,35-39,50-54,0.07207187802097258,0.04048633647984912,0.10664072323810306
4,3,35-39,55-59,0.04977023538322532,0.02328778100935999,0.08264488087919207
4,3,35-39,60-64,0.06376937833887916,0.029491709499191072,0.10836438968776924
4,3,35-39,65-69,0.061201856678271736,0.018072074817772833,0.1252221114105209
4,3,35-39,70-74,0.032953152318215044,0.006159621005493159,0.0778547428841234
4,3,35-39,75+,0.0587406303305966,0.0173362635925694,0.11880540937888748
4,3,40-44,0-4,0.05023968911288418,0.01594795799861964,0.09509532617740139
4,3,40-44,5-9,0.052806031803252766,0.021336034595771578,0.09956928037636956
4,3,40-44,10-14,0.07202755023187472,0.027856936865026327,0.13999404875940655
4,3,40-44,15-19,0.05878215926468278,0.024808042757023127,0.10556345464753758
4,3,40-44,20-24,0.07360429304063186,0.03749095870821138,0.11987591311497997
4,3,40-44,25-29,0.08550205022362728,0.04545860381784336,0.13187125026485907
4,3,40-44,30-34,0.12687664874735152,0.0828629709553922,0.18066815596053362
4,3,40-44,35-39,0.11426913265580285,0.0678259205671994,0.16748129824734562
4,3,40-44,40-44,0.16979403768894374,0.10968776100826215,0.23975534468191684
4,3,40-44,45-49,0.10242703457944419,0.05797727040918474,0.15732660788126063
4,3,40-44,50-54,0.09030463265613783,0.05245251813168633,0.13119287927939982
4,3,40-44,55-59,0.08172255119829955,0.04468436732002174,0.12599277895333327
4,3,40-44,60-64,0.07511790229159897,0.03478621651348828,0.1288291685841394
4,3,40-44,65-69,0.053003775622901136,0.01574741249008349,0.1096846474420569
4,3,40-44,70-74,0.03393962266053536,0.009400124657036628,0.07967637727355173
4,3,40-44,75+,0.04149869838817933,0.00793040293269732,0.09555583892826301
4,3,45-49,0-4,0.042386147295930626,0.012124406551772517,0.08227103979635941
4,3,45-49,5-9,0.04050959076775838,0.012838827642435716,0.07882211825794605
4,3,45-49,10-14,0.06316402329300351,0.024658152605776473,0.11892287066059141
4,3,45-49,15-19,0.06447446880339289,0.027049945070191577,0.11411011595590245
4,3,45-49,20-24,0.06522887168453538,0.03177885889156042,0.106612955222014
4,3,45-49,25-29,0.0785644515093682,0.0439333278231094,0.12002280616635257
4,3,45-49,30-34,0.08739446692049876,0.05010218599335159,0.12966895763115122
4,3,45-49,35-39,0.09435470112535757,0.05645756545834776,0.13996154474351247
4,3,45-49,40-44,0.11622772819783257,0.06912048126692522,0.1709947961835531
4,3,45-49,45-49,0.10654141856510564,0.0637653138230089,0.161269891321131
4,3,45-49,50-54,0.10975618741049259,0.0710914893906585,0.15674570841539165
4,3,45-49,55-59,0.07507699753455499,0.03766305516762523,0.12260291520472642
4,3,45-49,60-64,0.07066994332575854,0.03609044878360681,0.12054885797484372
4,3,45-49,65-69,0.047349654337944316,0.015204584426117773,0.1074292546326652
4,3,45-49,70-74,0.02999871007289864,0.007094318048525411,0.06391611657797222
4,3,45-49,75+,0.05630579646786015,0.018674848551107175,0.1084426448704041
4,3,50-54,0-4,0.07600324172965518,0.02618970203346339,0.15001308339799063
4,3,50-54,5-9,0.02126618525196752,0.0034009398069638477,0.04481347912497534
4,3,50-54,10-14,0.026776143825616827,0.008673035480647564,0.05469132806572853
4,3,50-54,15-19,0.07195836876421569,0.02257439688212886,0.16286855544402817
4,3,50-54,20-24,0.047074897601082355,0.01904682801328455,0.08133323246972383
4,3,50-54,25-29,0.0631711095830769,0.03473036124860577,0.09824612257148506
4,3,50-54,30-34,0.09360095510164534,0.0546367138506396,0.13609158244150507
4,3,50-54,35-39,0.07789821453079099,0.0458197776686204,0.11479958713296873
4,3,50-54,40-44,0.0978915696366377,0.057576196026355345,0.14383047843340954
4,3,50-54,45-49,0.09391457546126568,0.05400949047620001,0.14309210434809516
4,3,50-54,50-54,0.112257828390755,0.0728859736103824,0.15869464657457016
4,3,50-54,55-59,0.08689603477561107,0.047067804490986666,0.13471086553927145
4,3,50-54,60-64,0.0867199091259576,0.04596885150544945,0.14042028319073435
4,3,50-54,65-69,0.03016713485066918,0.01045820172450863,0.05963928024506911
4,3,50-54,70-74,0.027362067808941834,0.00957902329160969,0.050991960442497035
4,3,50-54,75+,0.06302649851316533,0.022805849444807468,0.11305760800571729
4,3,55-59,0-4,0.03679321037828348,0.006847001115658484,0.09570550410076016
4,3,55-59,5-9,0.017156749529166963,0.0026576202639970866,0.04896934006455652
4,3,55-59,10-14,0.02178725787830718,0.003904747597602431,0.0550137435558181
4,3,55-59,15-19,0.03425013339562633,0.007040960194659542,0.08115522514403394
4,3,55-59,20-24,0.03205126013024814,0.011360765789168,0.0584086387514969
4,3,55-59,25-29,0.04996337430662417,0.020705001582387524,0.08499579535214463
4,3,55-59,30-34,0.07204615238600452,0.038606666638780006,0.11089358588659111
4,3,55-59,35-39,0.0502845336962602,0.02232624141208489,0.08044885686687037
4,3,55-59,40-44,0.07928469511350963,0.04321573787936427,0.12300406575821184
4,3,55-59,45-49,0.06662658593847191,0.03578465306668891,0.10211433258544318
4,3,55-59,50-54,0.07533396595597489,0.04315201975443248,0.11583279440973883
4,3,55-59,55-59,0.08705093774759759,0.04693621511558283,0.1344122205474692
4,3,55-59,60-64,0.09205480814122759,0.04939882882294421,0.14572144215841315
4,3,55-59,65-69,0.038539018816659394,0.012294278907083771,0.07428049210127675
4,3,55-59,70-74,0.02561419148383624,0.006519256734510574,0.052743683626160325
4,3,55-59,75+,0.0693101708442426,0.025487972899667283,0.12952962827505557
4,3,60-64,0-4,0.0501434183169623,0.010573341146446636,0.11852145643358333
4,3,60-64,5-9,0.0336093536106968,0.0037871667807438353,0.08985114792131141
4,3,60-64,10-14,0.02732976221403477,0.004161706349598732,0.0652339577650048
4,3,60-64,15-19,0.028821388335365346,0.005761371862938332,0.06812721764467858
4,3,60-64,20-24,0.033997741819573726,0.012496227056881951,0.06292482630546309
4,3,60-64,25-29,0.04116384358270296,0.01700193799021041,0.07223887944263017
4,3,60-64,30-34,0.06459349728825713,0.03363662618581573,0.10593227181087637
4,3,60-64,35-39,0.058071634913365575,0.029430170486711156,0.09642551261098586
4,3,60-64,40-44,0.07154893390300794,0.03768639621751902,0.11747948003233664
4,3,60-64,45-49,0.054153182667662475,0.027944702271092907,0.0885477847592025
4,3,60-64,50-54,0.07224029967525607,0.03777905005594933,0.11273728394987279
4,3,60-64,55-59,0.09153856450158253,0.04901132540752151,0.14014928347462974
4,3,60-64,60-64,0.09521163305879826,0.049148841335955776,0.16381006889538385
4,3,60-64,65-69,0.04825476561463997,0.017444228491514863,0.08269657664754584
4,3,60-64,70-74,0.025486745000731326,0.006710656177148555,0.05284530094057778
4,3,60-64,75+,0.05556607148694281,0.018381205788842135,0.10722421376603815
4,3,65-69,0-4,0.044742803524249176,0.006869106618728449,0.1168158491491965
4,3,65-69,5-9,0.05847464539237204,0.016131773807898993,0.11656244965319972
4,3,65-69,10-14,0.029116526759752678,0.007304141368719919,0.06129999213951782
4,3,65-69,15-19,0.043495636979027204,0.0045148384771959305,0.13202430872021653
4,3,65-69,20-24,0.024985140926681325,0.00423728813592584,0.05622235712110307
4,3,65-69,25-29,0.045398586191769535,0.009374386147671398,0.10100045295761988
4,3,65-69,30-34,0.09339255536213824,0.034480392834743086,0.16745054726361444
4,3,65-69,35-39,0.0857270617363547,0.030495433613249627,0.16897358849834326
4,3,65-69,40-44,0.08285529575724593,0.027788089148805404,0.16299827650379953
4,3,65-69,45-49,0.0646772362123398,0.02295887787564473,0.14178840776492616
4,3,65-69,50-54,0.03800818793049568,0.01254683419031181,0.07412724834239043
4,3,65-69,55-59,0.04835838216229634,0.013847429190209919,0.09708768291722562
4,3,65-69,60-64,0.05784364183936417,0.02152365970590597,0.105427550409202
4,3,65-69,65-69,0.10865181505472911,0.04290990478274948,0.2126011949039325
4,3,65-69,70-74,0.06580569839023613,0.02383457195105714,0.1316195873717307
4,3,65-69,75+,0.12198239039162702,0.05255368051675206,0.2193413518008946
4,3,70-74,0-4,0.04582961095213973,0.007525803302549176,0.10740207834959176
4,3,70-74,5-9,0.03026676723160369,0.004520539073673177,0.06666347038296527
4,3,70-74,10-14,0.03495820229083945,0.007872102257661058,0.07786692915642023
4,3,70-74,15-19,0.037722365701343984,0.00510430475778561,0.09625410942072002
4,3,70-74,20-24,0.04330975868903025,0.004949281694022214,0.16470277902819547
4,3,70-74,25-29,0.026231101140628186,0.004098360656175465,0.059996809685452554
4,3,70-74,30-34,0.07378670993056326,0.021881313506249844,0.143643491081496
4,3,70-74,35-39,0.0508569933228907,0.01335659117528747,0.11081438716508317
4,3,70-74,40-44,0.0797225269097921,0.025103917889473828,0.16298685041468738
4,3,70-74,45-49,0.049183671526062275,0.01600161394910912,0.09724517973163006
4,3,70-74,50-54,0.04139282563980275,0.013449092176775809,0.07701542358776296
4,3,70-74,55-59,0.05801701941039448,0.01642039123947272,0.11564803539949614
4,3,70-74,60-64,0.04537949621633429,0.01629447264337122,0.08645190289122623
4,3,70-74,65-69,0.08109261380105469,0.032159468021758744,0.15513638007870148
4,3,70-74,70-74,0.08774644167408255,0.039308728731142564,0.15501223242472886
4,3,70-74,75+,0.1564231561205989,0.07648573319736829,0.25825253665860837
4,3,75+,0-4,0.01927709045593389,0,0.046681106226274284
4,3,75+,5-9,0.016768395655424824,0.003434264544066668,0.03742431677111121
4,3,75+,10-14,0.020722660968036835,0.005141212081932133,0.044391743916882
4,3,75+,15-19,0.028006893820467418,0.004595440729913635,0.07018457594587485
4,3,75+,20-24,0.03041067129247721,0.005401224917389269,0.07312903717005559
4,3,75+,25-29,0.021773783887919933,0.002693025815158692,0.04669816142680124
4,3,75+,30-34,0.03748331113226986,0.0106171527316487,0.06914327811769307
4,3,75+,35-39,0.037070493471560946,0.010827444061037294,0.07597392259698679
4,3,75+,40-44,0.03143853311035437,0.00807869968027077,0.06238757189021016
4,3,75+,45-49,0.03442072784450666,0.010894850908789257,0.06583861980166127
4,3,75+,50-54,0.0361176507865419,0.014955141094807396,0.06411216686336757
4,3,75+,55-59,0.04182932557579474,0.015810180795854806,0.0786515072219985
4,3,75+,60-64,0.04088688900601251,0.016240397977071594,0.0720686249356319
4,3,75+,65-69,0.05947217932117565,0.02353051642444622,0.10773759392442084
4,3,75+,70-74,0.060733380710872246,0.026227335329682157,0.10446835145366985
4,3,75+,75+,0.21011477754334082,0.13033852205913826,0.3122274884879003
4,4,0-4,0-4,0.9521575336745588,0.5166520543031616,1.5593739414786696
4,4,0-4,5-9,0.39463297261456626,0.2802186638492985,0.5333346777899398
4,4,0-4,10-14,0.15172053777843467,0.09292532511355303,0.22470906388071227
4,4,0-4,15-19,0.13798487677821672,0.07613799799981633,0.21272263657723303
4,4,0-4,20-24,0.1449837618915067,0.07287780158043729,0.23854505883282906
4,4,0-4,25-29,0.24333603356826078,0.1572991562342165,0.34697069147510967
4,4,0-4,30-34,0.408383423823273,0.29035417726737733,0.54206034884674
4,4,0-4,35-39,0.35066174650086296,0.24898541234188354,0.46187379886465835
4,4,0-4,40-44,0.19721172834092493,0.11959528719407683,0.30147679770853075
4,4,0-4,45-49,0.10576264565406406,0.0511409175659147,0.17966362717198003
4,4,0-4,50-54,0.118071930746466,0.048921259144953655,0.21505235438358974
4,4,0-4,55-59,0.10023412156639869,0.03953248339373525,0.20618332841111475
4,4,0-4,60-64,0.08317814621692805,0.024754382942604947,0.18242910128048032
4,4,0-4,65-69,0.08583924219137573,0.03350729086464958,0.1621085594917218
4,4,0-4,70-74,0.06840410157708682,0.0212616829808642,0.14006919053143252
4,4,0-4,75+,0.07120428801471182,0.01821129046999581,0.15382699562851476
4,4,5-9,0-4,0.35233927288348316,0.25018700189929016,0.47617600559593504
4,4,5-9,5-9,1.8620394507922529,1.312963782252612,2.515992959511012
4,4,5-9,10-14,0.32164794369018646,0.23587370287339957,0.42231401231430754
4,4,5-9,15-19,0.14120436980005344,0.09250886027501316,0.20316083952676992
4,4,5-9,20-24,0.12440694837109476,0.06480861479297341,0.209998082983836
4,4,5-9,25-29,0.23575037018914904,0.16552323300905364,0.3055756123928771
4,4,5-9,30-34,0.30766063649478087,0.2257656595933788,0.4002813146692505
4,4,5-9,35-39,0.3272711940126502,0.25323767852670404,0.40464078581463164
4,4,5-9,40-44,0.31508296600838065,0.22094427026169283,0.4372221840149277
4,4,5-9,45-49,0.16768341562247274,0.11091176698521524,0.2303140329001091
4,4,5-9,50-54,0.08145241360839446,0.04147780187434192,0.13242973640607372
4,4,5-9,55-59,0.03585020693800778,0.012979603551062643,0.07841768726314063
4,4,5-9,60-64,0.06738919651167534,0.022565189300107803,0.13636178632380483
4,4,5-9,65-69,0.08330743827194617,0.03784658290725673,0.15178105886480983
4,4,5-9,70-74,0.03399683957775221,0.008618824168038422,0.07015128900565101
4,4,5-9,75+,0.05480653432969942,0.01680511416195024,0.1099505921653999
4,4,10-14,0-4,0.12893691570143168,0.07897088282267711,0.19096487562709685
4,4,10-14,5-9,0.30615827216171826,0.22451468052805035,0.40197654254046405
4,4,10-14,10-14,1.5735983984245796,1.0264956283386661,2.236523009375519
4,4,10-14,15-19,0.25146572065908207,0.17943212035747524,0.33466140896501845
4,4,10-14,20-24,0.08962884256720899,0.04230674365918031,0.14657676142707696
4,4,10-14,25-29,0.08393197528301873,0.04283884795786368,0.13296180196633614
4,4,10-14,30-34,0.18686019923208472,0.1260101862247612,0.2613559600678567
4,4,10-14,35-39,0.2688111953486125,0.20083656092589097,0.34696866896884343
4,4,10-14,40-44,0.3723958835415297,0.27647170468469334,0.4951477339990759
4,4,10-14,45-49,0.2876425136937215,0.20986199606976555,0.38069231174102997
4,4,10-14,50-54,0.1583757425239896,0.10330952588926881,0.2192354287408836
4,4,10-14,55-59,0.08165410682581889,0.04067212114049152,0.1396491503880158
4,4,10-14,60-64,0.05944547948734883,0.02363792815575037,0.11463344446400091
4,4,10-14,65-69,0.055467706133379154,0.02395904211105536,0.09548466094163319
4,4,10-14,70-74,0.05016545297868612,0.017104042371499813,0.0961029602503128
4,4,10-14,75+,0.06757370379333531,0.024592308842653104,0.1231162641838812
4,4,15-19,0-4,0.12092061520141831,0.06672219284682926,0.18641573397590983
4,4,15-19,5-9,0.1385955575628415,0.0907997187868445,0.19940735452464012
4,4,15-19,10-14,0.2593073012914009,0.1850274414060989,0.34509732212267064
4,4,15-19,15-19,1.0609757100988262,0.6781858803444061,1.5002459178809828
4,4,15-19,20-24,0.22653236438261737,0.13945914093272094,0.3301881007309579
4,4,15-19,25-29,0.11066810208904851,0.06185378736284092,0.16418867477256194
4,4,15-19,30-34,0.15080344257455744,0.09648640308125661,0.2177869617200103
4,4,15-19,35-39,0.15047307113978084,0.09923668818069345,0.2126043003731478
4,4,15-19,40-44,0.23237704122420796,0.16493053453233672,0.31248462475636896
4,4,15-19,45-49,0.2584807143785833,0.18433777768887774,0.3393740651723714
4,4,15-19,50-54,0.24271106266219603,0.1718915182722033,0.34311167548068505
4,4,15-19,55-59,0.16021651251710398,0.0951256275465434,0.23894369038444976
4,4,15-19,60-64,0.07849867585693,0.03621233299126164,0.1318800178894989
4,4,15-19,65-69,0.07602927907372936,0.012261696421499343,0.2093675999672841
4,4,15-19,70-74,0.057923551360528534,0.016415282563192343,0.12540001503298556
4,4,15-19,75+,0.10080059018495086,0.026847063186362246,0.21705934196544302
4,4,20-24,0-4,0.13095889575748054,0.06582803684835227,0.21546962974051903
4,4,20-24,5-9,0.1258614099565421,0.06556630270234373,0.21245320425090936
4,4,20-24,10-14,0.09526437544626928,0.04496683652737175,0.15579297056989902
4,4,20-24,15-19,0.23349470700166222,0.143745337844043,0.34033624310472377
4,4,20-24,20-24,0.5904876224682182,0.388224236209805,0.8352238352302708
4,4,20-24,25-29,0.3282776055513104,0.23362534483594985,0.4314131099035063
4,4,20-24,30-34,0.16999985163071474,0.10834195831347466,0.2428672760016577
4,4,20-24,35-39,0.1414322674916799,0.0882485434817007,0.1994776637904539
4,4,20-24,40-44,0.1522677752713724,0.09001175668603034,0.22373176787673354
4,4,20-24,45-49,0.1474418259010402,0.09440741875983799,0.20571937220920283
4,4,20-24,50-54,0.1933743299591332,0.12666129176714414,0.26459050641483095
4,4,20-24,55-59,0.16747539937378036,0.10603955539736029,0.23675662883718515
4,4,20-24,60-64,0.12140834802712175,0.07292885560391484,0.1823334915087553
4,4,20-24,65-69,0.03722042473324077,0.011258161433440668,0.0716023119335928
4,4,20-24,70-74,0.06283141992090573,0.0241011096104154,0.11609326607737275
4,4,20-24,75+,0.07098354270055868,0.02016997869823746,0.13292001909357032
4,4,25-29,0-4,0.19396711964119406,0.12538572199658304,0.2765759950897742
4,4,25-29,5-9,0.2104778459495878,0.1477790830631784,0.2728177971452419
4,4,25-29,10-14,0.07872564585800658,0.04018153941836394,0.1247141354525227
4,4,25-29,15-19,0.10066425786328795,0.05626251361845806,0.14934683782900318
4,4,25-29,20-24,0.2896992085859595,0.206170254565287,0.38071447579484285
4,4,25-29,25-29,0.5523965991695209,0.39165864701862113,0.7211070363743262
4,4,25-29,30-34,0.3297622873084371,0.24669819206897337,0.41584197772698783
4,4,25-29,35-39,0.16879504330613754,0.11556694406571641,0.23055471334172165
4,4,25-29,40-44,0.1220364089855072,0.07882248794368472,0.1794355684431604
4,4,25-29,45-49,0.1153527298558565,0.07054339551050241,0.16504504569807033
4,4,25-29,50-54,0.13666955593739258,0.08854997983217613,0.1908579905559013
4,4,25-29,55-59,0.12951005560074133,0.08332396459955403,0.17878709761561182
4,4,25-29,60-64,0.10816930143439904,0.06288910043342744,0.15710184780424905
4,4,25-29,65-69,0.07168390652404016,0.03389803412647468,0.12102518341432902
4,4,25-29,70-74,0.03528035809469955,0.01154735105407156,0.06438868308977894
4,4,25-29,75+,0.09301327674708165,0.040307533103125716,0.1582091324943153
4,4,30-34,0-4,0.2990391891853855,0.2126121499588596,0.39692425733426345
4,4,30-34,5-9,0.25232730541142223,0.18516129066318196,0.3282899843404145
4,4,30-34,10-14,0.16100668352363717,0.10857572804493237,0.22519539485986179
4,4,30-34,15-19,0.1260092418163982,0.08062268533325764,0.18197973106792636
4,4,30-34,20-24,0.13781386182285946,0.0878296276697075,0.1968853319289571
4,4,30-34,25-29,0.3029279148113657,0.22662315185025667,0.382002879201426
4,4,30-34,30-34,0.5374015888359565,0.40736718073570194,0.6978566541068224
4,4,30-34,35-39,0.30251623832130037,0.2319559784069719,0.37781018162083196
4,4,30-34,40-44,0.19230535582798475,0.12925702884268744,0.25800695566519377
4,4,30-34,45-49,0.10132277155578323,0.06186009804827668,0.14830294457103602
4,4,30-34,50-54,0.13050482555334916,0.08946650972446162,0.17730918588179115
4,4,30-34,55-59,0.13237535809501835,0.085796555721718,0.1807025580564745
4,4,30-34,60-64,0.13926418628979245,0.08889395872558731,0.19563702798828844
4,4,30-34,65-69,0.10733863201033111,0.05900497827274797,0.1700017251929048
4,4,30-34,70-74,0.06919707994375913,0.034419050175140214,0.11554786412939157
4,4,30-34,75+,0.07251583353030622,0.025800220963717674,0.13558048976089174
4,4,35-39,0-4,0.25464230401323723,0.18080734410608745,0.3354018779631946
4,4,35-39,5-9,0.2661841916487966,0.20596944670615575,0.3291123155679819
4,4,35-39,10-14,0.22969768165929894,0.17161373199980384,0.29648281116862885
4,4,35-39,15-19,0.12469013370473375,0.08223289272916517,0.1761754341752168
4,4,35-39,20-24,0.11370381267978945,0.07094700548372271,0.16036913866749736
4,4,35-39,25-29,0.15377302611128174,0.10528199382719831,0.21003635687616506
4,4,35-39,30-34,0.30000663134853645,0.23003172355039078,0.37467595295450223
4,4,35-39,35-39,0.4001462750732958,0.3076923151903166,0.5061795077182505
4,4,35-39,40-44,0.23613702203229986,0.17598759314249432,0.3027493422221938
4,4,35-39,45-49,0.12947409706983695,0.0859083157119592,0.17986047496738736
4,4,35-39,50-54,0.1111108405154883,0.07477017087547645,0.15323541515495254
4,4,35-39,55-59,0.09123203586513205,0.05176244979969957,0.13724111428641494
4,4,35-39,60-64,0.11999528580084572,0.07672772170953457,0.17009490970791744
4,4,35-39,65-69,0.12204644721576591,0.06731700481996017,0.20053389921847156
4,4,35-39,70-74,0.07019251008638122,0.034908014542092296,0.11628961788226179
4,4,35-39,75+,0.11788850380198442,0.05359753739435891,0.19403144790822655
4,4,40-44,0-4,0.1477221164556121,0.08958325699516526,0.22582222160122323
4,4,40-44,5-9,0.2643443437917266,0.18536504488571945,0.36681516868016745
4,4,40-44,10-14,0.3282348952983926,0.24368599399415283,0.4364300783370454
4,4,40-44,15-19,0.19862647796674093,0.1409759372558757,0.2670991940818735
4,4,40-44,20-24,0.12627144321973563,0.07464425354105522,0.18553455039025216
4,4,40-44,25-29,0.11467810551079384,0.07406980969181606,0.168616327056606
4,4,40-44,30-34,0.19671802757708812,0.13222298284376766,0.2639272276172362
4,4,40-44,35-39,0.2435761156411631,0.18153178171622197,0.3122869432194004
4,4,40-44,40-44,0.4293137941415392,0.3138697070668819,0.5555562527084462
4,4,40-44,45-49,0.20025306301934176,0.14526264946645523,0.2640914106040787
4,4,40-44,50-54,0.16403813434623601,0.1165972384169945,0.22085807922088257
4,4,40-44,55-59,0.11627634149268586,0.06981317099042073,0.16741964567925513
4,4,40-44,60-64,0.11873379902946603,0.07406307103601693,0.17155714550248266
4,4,40-44,65-69,0.10734329839947175,0.06237438285088035,0.17354549207627995
4,4,40-44,70-74,0.09260502408440609,0.05131531483723031,0.15085463974196264
4,4,40-44,75+,0.10961001343499381,0.05091499084912315,0.18077244244104518
4,4,45-49,0-4,0.08589528017600409,0.041534167527827674,0.1459140653861032
4,4,45-49,5-9,0.15253145791240139,0.10088972397833336,0.2095027411358999
4,4,45-49,10-14,0.2748888763190914,0.20055703011664594,0.36381298596645234
4,4,45-49,15-19,0.2395500587983756,0.1708372154197022,0.314518928277232
4,4,45-49,20-24,0.13256902270572266,0.0848843207460125,0.18496797607290355
4,4,45-49,25-29,0.11752849615293358,0.0718739747055065,0.16815810117909907
4,4,45-49,30-34,0.11237871315556024,0.06861002820589869,0.16448517753877162
4,4,45-49,35-39,0.144803054099817,0.09607934536089559,0.20115487712629754
4,4,45-49,40-44,0.21712177465698512,0.15749913518419445,0.2863376713318279
4,4,45-49,45-49,0.33900934009577954,0.2484824912422521,0.4432003985754193
4,4,45-49,50-54,0.22957408515242092,0.17186117714992566,0.29230720824762707
4,4,45-49,55-59,0.14149993550041323,0.09217321678367826,0.19393368934523658
4,4,45-49,60-64,0.09092993462087962,0.05497140626797884,0.13776668960561272
4,4,45-49,65-69,0.07663979095268265,0.03629050001711994,0.1432923222520384
4,4,45-49,70-74,0.07263835302265183,0.03827848233196055,0.11572391313134643
4,4,45-49,75+,0.16466834431179353,0.09558154548452548,0.24788194892874632
4,4,50-54,0-4,0.08701818278347552,0.03605462401910259,0.15849207312406108
4,4,50-54,5-9,0.06723565152349241,0.03423823689487702,0.109315356217131
4,4,50-54,10-14,0.13734697691127856,0.08959232544642534,0.1901258544366247
4,4,50-54,15-19,0.20411929438561646,0.14456026452089443,0.2885559163492247
4,4,50-54,20-24,0.15777802891385354,0.10334551105581548,0.2158847484062278
4,4,50-54,25-29,0.1263611110655646,0.08187100455314898,0.17646232606062304
4,4,50-54,30-34,0.1313499507985373,0.09004587838494156,0.1784574075552587
4,4,50-54,35-39,0.11276585415611504,0.07588388446216879,0.15551788103435696
4,4,50-54,40-44,0.1613969724593794,0.114719917735148,0.21730206498329477
4,4,50-54,45-49,0.20832875212576404,0.15595673418773648,0.26525640248620985
4,4,50-54,50-54,0.3685495597469051,0.26706057123024707,0.48081978410694565
4,4,50-54,55-59,0.21310320470523209,0.15480789682831614,0.2752876829029916
4,4,50-54,60-64,0.12432692771842388,0.08187428745254959,0.17694533267870505
4,4,50-54,65-69,0.05507414687282202,0.02765742518179785,0.08815207299111753
4,4,50-54,70-74,0.06884389869508255,0.037425505071389684,0.10619326995717815
4,4,50-54,75+,0.14947992138556088,0.08812183620775993,0.2177695935445875
4,4,55-59,0-4,0.06993886323361859,0.0275839894254793,0.14386545600885764
4,4,55-59,5-9,0.028017344000663632,0.010143707630786855,0.06128431346538727
4,4,55-59,10-14,0.06704217715005041,0.033393881294736666,0.11465905933107358
4,4,55-59,15-19,0.1275678971474839,0.07574110858050188,0.1902522008507061
4,4,55-59,20-24,0.12937142514617644,0.08191345388587959,0.1828898011290026
4,4,55-59,25-29,0.11336651032699449,0.07293755723789061,0.15650112459729043
4,4,55-59,30-34,0.1261392161276788,0.0817547196165016,0.17218974402432874
4,4,55-59,35-39,0.08766135577950136,0.04973654796674613,0.131869710381358
4,4,55-59,40-44,0.10831324248101538,0.06503206775154413,0.15595403541040645
4,4,55-59,45-49,0.12156882746024163,0.07919007063856724,0.1666169750209555
4,4,55-59,50-54,0.20175746693283284,0.14656583493656655,0.26063120757448116
4,4,55-59,55-59,0.3236865544672573,0.23128102575575102,0.42957749470167633
4,4,55-59,60-64,0.23590124496030948,0.17235213123166387,0.30097471393491537
4,4,55-59,65-69,0.06996655166229403,0.03427524733107053,0.11265302530478455
4,4,55-59,70-74,0.05268068822795209,0.027006023226878718,0.08628337537497098
4,4,55-59,75+,0.15743227564811102,0.09388531662687781,0.2375851435486652
4,4,60-64,0-4,0.06180628654266545,0.018393971913576227,0.13555562152174547
4,4,60-64,5-9,0.05608490742158952,0.018779962046704714,0.11348759975923083
4,4,60-64,10-14,0.05197677681654619,0.020668069746471895,0.10023095128512431
4,4,60-64,15-19,0.06656054770482017,0.030705138542218055,0.11182362156076533
4,4,60-64,20-24,0.09987489218561289,0.05999391070730972,0.14999411574396188
4,4,60-64,25-29,0.10083371008348858,0.058624223660734484,0.1464478550291934
4,4,60-64,30-34,0.14131974961188992,0.09020604883274617,0.19852466414149206
4,4,60-64,35-39,0.12278503398794673,0.07851155030839153,0.17404941477722766
4,4,60-64,40-44,0.11778364650949896,0.07347039048375137,0.17018428069524197
4,4,60-64,45-49,0.08319424758767444,0.05029482097802734,0.12604645689200616
4,4,60-64,50-54,0.12535026925034926,0.08254819905226955,0.17840177909086583
4,4,60-64,55-59,0.2512179494191393,0.1835426896255757,0.3205165384967043
4,4,60-64,60-64,0.31741294959714395,0.21524114796959903,0.4409568276568664
4,4,60-64,65-69,0.17492855101088226,0.12335400230856253,0.22828522993879072
4,4,60-64,70-74,0.0731704473619773,0.04116236534220193,0.1107098350761916
4,4,60-64,75+,0.15970675562110434,0.08809484733863832,0.2388120549112725
4,4,65-69,0-4,0.07536540116948123,0.029418834016343702,0.1423285703275676
4,4,65-69,5-9,0.08192231860516501,0.03721732281484842,0.14925745552230596
4,4,65-69,10-14,0.057305122134232056,0.02475270621596901,0.09864767336959065
4,4,65-69,15-19,0.07617249040646085,0.012284792969401223,0.20976197189067208
4,4,65-69,20-24,0.03617860564313588,0.010943039626397822,0.06959812589856774
4,4,65-69,25-29,0.07895617721639683,0.03733696054748098,0.13330308422998774
4,4,65-69,30-34,0.1287010813179179,0.0707481021941104,0.2038353335463836
4,4,65-69,35-39,0.14756016027392038,0.08138957132305946,0.24245535190973866
4,4,65-69,40-44,0.12581959827958109,0.07311047741451902,0.20341674256189266
4,4,65-69,45-49,0.08285208791144315,0.0392321489971836,0.15490736512565034
4,4,65-69,50-54,0.06561008103391455,0.03294841609725701,0.10501596448893688
4,4,65-69,55-59,0.0880387017858214,0.04312844075809426,0.14175096334529483
4,4,65-69,60-64,0.20669188458996302,0.14575248615239098,0.2697370104961674
4,4,65-69,65-69,0.3421078147023257,0.21983203878861954,0.5308937171017697
4,4,65-69,70-74,0.18612438192859368,0.12337071402384082,0.2674669986293205
4,4,65-69,75+,0.23188482730375334,0.13117011831784714,0.3558276883677046
4,4,70-74,0-4,0.06679620002482516,0.02076190749547023,0.136776734908348
4,4,70-74,5-9,0.037182661623250554,0.009426488656321605,0.07672512133271774
4,4,70-74,10-14,0.05764231941236898,0.01965329953343735,0.11042654261641667
4,4,70-74,15-19,0.06454400890899901,0.018291491442018436,0.13973279430157817
4,4,70-74,20-24,0.0679251877443666,0.02605499600670851,0.1255049926308999
4,4,70-74,25-29,0.043219616195173775,0.014145890449532818,0.07887828584344815
4,4,70-74,30-34,0.09227783161222781,0.04589955701737471,0.15408896383995782
4,4,70-74,35-39,0.09438831273006439,0.04694102817137926,0.15637538544244559
4,4,70-74,40-44,0.12072337834026863,0.06689656667113954,0.19665975931667162
4,4,70-74,45-49,0.08733706787135896,0.046024314571071256,0.13914119518018048
4,4,70-74,50-54,0.09121614743052613,0.04958769699220461,0.14070296935747947
4,4,70-74,55-59,0.07372555878497049,0.03779438386123993,0.12075184051976431
4,4,70-74,60-64,0.0961572223758446,0.05409367935315725,0.14548975186594734
4,4,70-74,65-69,0.20700781512667915,0.13721309210574856,0.29747719471803474
4,4,70-74,70-74,0.3246953488533215,0.20402161082797662,0.46771321693579315
4,4,70-74,75+,0.32747508877650033,0.20573627236272485,0.46593323523909963
4,4,75+,0-4,0.030994111204054153,0.00792708947359687,0.06695848159749393
4,4,75+,5-9,0.026720076322871794,0.0081930729339796,0.05360470699955218
4,4,75+,10-14,0.03461129577121189,0.012596196852746823,0.06306023193500385
4,4,75+,15-19,0.05006880840101222,0.013335243973685821,0.1078158628295422
4,4,75+,20-24,0.03420700641587784,0.009719923301789469,0.06405422683836516
4,4,75+,25-29,0.05079211425789532,0.02201088810573588,0.08639386349267487
4,4,75+,30-34,0.043106809615603404,0.015336860365242518,0.08059539655254028
4,4,75+,35-39,0.07066466930736524,0.03212740965839419,0.11630623563341293
4,4,75+,40-44,0.06369575468634556,0.02958734029265161,0.10504913544787749
4,4,75+,45-49,0.088256390771079,0.051228317525396895,0.13285593075696725
4,4,75+,50-54,0.08828614521461511,0.052046704038261095,0.12861953485655442
4,4,75+,55-59,0.0982118363194316,0.058568989817353055,0.14821403764933852
4,4,75+,60-64,0.0935562728955102,0.051605992158874243,0.13989618468627987
4,4,75+,65-69,0.11496330252723905,0.06503120609506267,0.17641139638601286
4,4,75+,70-74,0.14597607894869913,0.0917094929242976,0.2076955135311239
4,4,75+,75+,0.6398282028716993,0.4680506817662986,0.8302678871605615
4,5,0-4,0-4,0.38733940116753374,0.20041372524762607,0.6144869599484676
4,5,0-4,5-9,0.20086683575543063,0.10153565573036229,0.31858176586769327
4,5,0-4,10-14,0.0739598972521264,0.029650742759887178,0.1274287371695829
4,5,0-4,15-19,0.0796875976635953,0.033530830133614936,0.14209242131314997
4,5,0-4,20-24,0.04217448086001309,0.006666751082204371,0.09765143761620387
4,5,0-4,25-29,0.05407967579192046,0.014817231858279154,0.10729479622022543
4,5,0-4,30-34,0.11383037256813151,0.04046618538663662,0.2124864689490861
4,5,0-4,35-39,0.07882702698383687,0.02864370303655451,0.14334345667852405
4,5,0-4,40-44,0.07235016980111415,0.021711331662085897,0.14025479180938835
4,5,0-4,45-49,0.09928704226776601,0.030957713409327542,0.19746555014824058
4,5,0-4,50-54,0.06795983553470047,0.019172499429130463,0.13880066457764922
4,5,0-4,55-59,0.05338517495168874,0.006939752252344737,0.15668947768423303
4,5,0-4,60-64,0.08413380687187319,0.014164602154037878,0.2041445866968696
4,5,0-4,65-69,0.05011598443848037,0.00847457627440145,0.1256143058989308
4,5,0-4,70-74,0.05413273859121074,0.008707586290673692,0.12308227618563686
4,5,0-4,75+,0.036193902122875224,0,0.08906626664315742
4,5,5-9,0-4,0.129958494432331,0.0547174786541243,0.22706457654153034
4,5,5-9,5-9,1.1530578020989477,0.8578287822213908,1.5003208289366061
4,5,5-9,10-14,0.2014377432158429,0.12300938838163691,0.2956310556091418
4,5,5-9,15-19,0.09775795045551647,0.050197532099737596,0.155395765028646
4,5,5-9,20-24,0.07272130163979271,0.02241272133246689,0.1517062684480501
4,5,5-9,25-29,0.04567637680423304,0.018681237830354008,0.08133214790251622
4,5,5-9,30-34,0.08370165014811248,0.03138562681831601,0.16509205658964682
4,5,5-9,35-39,0.08451571920092815,0.04176917255926994,0.13512502966415246
4,5,5-9,40-44,0.09260778974545729,0.033335081630437344,0.18854246868471364
4,5,5-9,45-49,0.06104283963787818,0.0225555366347953,0.11968531820111782
4,5,5-9,50-54,0.03384373959399941,0.007655183533661405,0.08392034376540608
4,5,5-9,55-59,0.021263168378700997,0,0.06591148753622518
4,5,5-9,60-64,0.04200712755626605,0.0039354819021206,0.11527334764714585
4,5,5-9,65-69,0.04041685663985385,0.0089285714398783,0.0875845587701629
4,5,5-9,70-74,0.020029595916160194,0.003331549385568583,0.04880520039566341
4,5,5-9,75+,0.02962664904101845,0.00393700787416575,0.06966349967364058
4,5,10-14,0-4,0.04403167366185732,0.013422261689396852,0.0854461771436403
4,5,10-14,5-9,0.20548985988142676,0.12845066116082957,0.30294506875391797
4,5,10-14,10-14,1.241208152148055,0.8612714386201908,1.6874767279164273
4,5,10-14,15-19,0.14097999639303727,0.07713085200860692,0.2164254879789315
4,5,10-14,20-24,0.0487856993448058,0.0129869081319468,0.1016902361764516
4,5,10-14,25-29,0.026633437516600682,0.007514710679259472,0.052160521859844856
4,5,10-14,30-34,0.053047970780931666,0.018844333915008903,0.10676112847791186
4,5,10-14,35-39,0.07739952412496148,0.03579432206722663,0.13497062178249575
4,5,10-14,40-44,0.09259341334668794,0.03425474241659106,0.1925937796051927
4,5,10-14,45-49,0.11105144364308304,0.040100125847891,0.2216523344427879
4,5,10-14,50-54,0.044650186036753435,0.014488268699272357,0.09805563990462199
4,5,10-14,55-59,0.022868073481004468,0.003289473684210525,0.06201420837068052
4,5,10-14,60-64,0.03892106817138302,0.006708097845492197,0.09658990041287684
4,5,10-14,65-69,0.02945293811680325,0.0068965517274132,0.06374708967169729
4,5,10-14,70-74,0.02716567217897657,0.006244196419289073,0.05550170647319777
4,5,10-14,75+,0.04872402163774131,0.014809407952524287,0.10005996666508835
4,5,15-19,0-4,0.060099999943328826,0.0208172177986768,0.10965207427971595
4,5,15-19,5-9,0.0831192743991393,0.04236031445771701,0.13273630891186627
4,5,15-19,10-14,0.139353127882346,0.08290482792100534,0.20856454038716873
4,5,15-19,15-19,0.7904644083451404,0.5112487527372036,1.1552675600908988
4,5,15-19,20-24,0.12321134497161465,0.053753814675560056,0.22027265743376376
4,5,15-19,25-29,0.041713481440782775,0.014661215597650512,0.07458379559998439
4,5,15-19,30-34,0.06000509251784818,0.025624184996324604,0.1077503796448618
4,5,15-19,35-39,0.05800555869502877,0.024281843904500597,0.09580141578803103
4,5,15-19,40-44,0.060627625228127896,0.023521816202402665,0.10688287208826565
4,5,15-19,45-49,0.0895883032018447,0.036215611851351547,0.17304708454818885
4,5,15-19,50-54,0.0789468609107633,0.02540115833407738,0.1809018801560602
4,5,15-19,55-59,0.03633065825922205,0.004765418840541439,0.0977542546444814
4,5,15-19,60-64,0.04701894570278687,0.007865135286407797,0.10513502808178288
4,5,15-19,65-69,0.05355516222276127,0.0043859649122807,0.15187468685457187
4,5,15-19,70-74,0.034455191094613626,0.004031451612903781,0.08569633588677537
4,5,15-19,75+,0.062001427860797625,0.008326612907097953,0.15810321222333426
4,5,20-24,0-4,0.03887682167351693,0.005745493730622455,0.09212046739503867
4,5,20-24,5-9,0.0760768350685181,0.022821935170792798,0.1583077759462503
4,5,20-24,10-14,0.058580796452145284,0.018219469959495686,0.11782030786050064
4,5,20-24,15-19,0.11738311704139112,0.04823125215326645,0.2182844759443243
4,5,20-24,20-24,0.246471026660447,0.13563761035625685,0.37253586931875216
4,5,20-24,25-29,0.14133270902293588,0.0824287513543727,0.21804529423120148
4,5,20-24,30-34,0.10529840179115922,0.055944383556441504,0.1619814064584348
4,5,20-24,35-39,0.06912766299284645,0.03464454524864918,0.11317622931961038
4,5,20-24,40-44,0.076373569785453,0.034675476422324054,0.1329021388159778
4,5,20-24,45-49,0.08366435649794325,0.039679747107806425,0.1357137909410426
4,5,20-24,50-54,0.06383474310671632,0.02982426223512631,0.10670221319000057
4,5,20-24,55-59,0.03967936524769356,0.011609901166420867,0.07467671290380418
4,5,20-24,60-64,0.04210959232030252,0.01592743064930814,0.07996414507641846
4,5,20-24,65-69,0.0204418718531318,0,0.04918863046833359
4,5,20-24,70-74,0.029854174455937223,0,0.07896427576561005
4,5,20-24,75+,0.0555339702030649,0.01041666666666665,0.12162079759838963
4,5,25-29,0-4,0.045655243715756445,0.011277642877963002,0.09547648402839308
4,5,25-29,5-9,0.05581469725967833,0.025508458002753608,0.09420868407698571
4,5,25-29,10-14,0.03766239710009058,0.011948334327037563,0.0707788846417454
4,5,25-29,15-19,0.04300578900174042,0.015493854827114269,0.07500996744091647
4,5,25-29,20-24,0.1467586686205431,0.08486338035268884,0.22969478273176222
4,5,25-29,25-29,0.16287048328704637,0.10005138638737476,0.2353836469922231
4,5,25-29,30-34,0.17995376580403227,0.11269164162775973,0.26263754857266836
4,5,25-29,35-39,0.11052707278295844,0.06475688144574755,0.16412267947344036
4,5,25-29,40-44,0.08524582230291494,0.04638815266139574,0.13182649640968644
4,5,25-29,45-49,0.09201234239176255,0.05192735591173134,0.13992285819846806
4,5,25-29,50-54,0.08051402250836279,0.04633818803681925,0.12188101103060087
4,5,25-29,55-59,0.050513841177068614,0.018564621616898938,0.0838521811556068
4,5,25-29,60-64,0.04269521052080144,0.014419670794811719,0.07653260067225467
4,5,25-29,65-69,0.030985233739092073,0.004346889055837714,0.07458143886311673
4,5,25-29,70-74,0.017638266864915608,0.0034009723722009167,0.03863533335688978
4,5,25-29,75+,0.02965333661379676,0.0038744896148995987,0.06899052799905188
4,5,30-34,0-4,0.07845030334692038,0.030717728711921344,0.1540762742079824
4,5,30-34,5-9,0.06742757446991007,0.029822673589282714,0.12301991144412668
4,5,30-34,10-14,0.07063558599534588,0.02943199774129119,0.12792494552363956
4,5,30-34,15-19,0.06556036732451753,0.030018673360986507,0.11082367367789515
4,5,30-34,20-24,0.09459993693356886,0.04803546234885803,0.15279209840245256
4,5,30-34,25-29,0.14008093670801108,0.08904609749199899,0.19747153481978613
4,5,30-34,30-34,0.22138729997115414,0.14993684664747595,0.3114367718209585
4,5,30-34,35-39,0.13385880666212016,0.08344100956183922,0.189416636285211
4,5,30-34,40-44,0.12455552851084917,0.07653158328883468,0.17962839936357824
4,5,30-34,45-49,0.09185325645476038,0.05173548913458065,0.1396409680160171
4,5,30-34,50-54,0.09999081206749309,0.05917229762085628,0.141951413159218
4,5,30-34,55-59,0.07455344366290595,0.040650170622948706,0.11401002720417636
4,5,30-34,60-64,0.06971943893542898,0.036514270543833646,0.10826955342252934
4,5,30-34,65-69,0.05646947551460996,0.018978224925025718,0.10374102035297837
4,5,30-34,70-74,0.04417278942950543,0.012480667987664725,0.08912927522637006
4,5,30-34,75+,0.048645615704982575,0.012738192580066456,0.09485408455351735
4,5,35-39,0-4,0.04203311854247977,0.012404202387272394,0.08776679949944369
4,5,35-39,5-9,0.056753660738134246,0.028482668246882933,0.08886853339711599
4,5,35-39,10-14,0.07316658608167698,0.03467283335214085,0.11926536818360972
4,5,35-39,15-19,0.04306638207507291,0.017992620375992315,0.07503092281196169
4,5,35-39,20-24,0.06452110779855269,0.029564994132390863,0.10712800272538084
4,5,35-39,25-29,0.08529965649640184,0.04905308085076945,0.12963698925995937
4,5,35-39,30-34,0.13445365678565288,0.08672333274184094,0.18907687526705888
4,5,35-39,35-39,0.12870332822546166,0.08547803352225082,0.18019099391115703
4,5,35-39,40-44,0.11816550299439534,0.07081950748866099,0.17489503064061862
4,5,35-39,45-49,0.10404723177433828,0.058042625101961086,0.1556651944309405
4,5,35-39,50-54,0.08312063607287212,0.049554790903695425,0.12234623642258412
4,5,35-39,55-59,0.053449070581276,0.02464668272003413,0.08540263155165992
4,5,35-39,60-64,0.05763942191662879,0.029405547906027542,0.09126059007633033
4,5,35-39,65-69,0.06523030322833638,0.022120255243099886,0.12989542042225752
4,5,35-39,70-74,0.03562701122435176,0.0096132762235594,0.07953369673313208
4,5,35-39,75+,0.06581492856753053,0.01886067207704008,0.13314002564011834
4,5,40-44,0-4,0.0391532505596163,0.008197918119654335,0.08414071418786667
4,5,40-44,5-9,0.08233559866372026,0.03189062533937995,0.15910229462615844
4,5,40-44,10-14,0.11495508386087523,0.04643087191365462,0.22779479087583057
4,5,40-44,15-19,0.0619367927009749,0.02493327938408365,0.10917804920390385
4,5,40-44,20-24,0.08423408763508752,0.04218105680266141,0.1408765876871543
4,5,40-44,25-29,0.06443309530488231,0.03406575861656376,0.10083359507945458
4,5,40-44,30-34,0.12006889590220225,0.07257395473126056,0.1754058844923085
4,5,40-44,35-39,0.11349703868447308,0.07185841228651252,0.15993226987394688
4,5,40-44,40-44,0.18382388382897952,0.1190009565535806,0.26176937284003726
4,5,40-44,45-49,0.13199181647019861,0.08189366112597735,0.19560848163353547
4,5,40-44,50-54,0.11591625740785923,0.07177883912999321,0.16709338675663354
4,5,40-44,55-59,0.0841889319876465,0.0455168179400809,0.12996448596977936
4,5,40-44,60-64,0.07210637437340221,0.03943838980723028,0.1122672891557706
4,5,40-44,65-69,0.060139050910777446,0.019066986348161147,0.12237417028923367
4,5,40-44,70-74,0.04408821740076804,0.01311191874078228,0.10079878902016005
4,5,40-44,75+,0.05486653307277819,0.014814598532941392,0.11147284176490004
4,5,45-49,0-4,0.05934333121596554,0.01691711491921576,0.12300930929212446
4,5,45-49,5-9,0.03743996258833087,0.012584227934395795,0.07353814945734728
4,5,45-49,10-14,0.09053004947989933,0.03550798585984728,0.16717276947389667
4,5,45-49,15-19,0.07063628260611339,0.02923890576933315,0.12478351299954879
4,5,45-49,20-24,0.06006374388317029,0.026194320346172553,0.10534963800960426
4,5,45-49,25-29,0.06865919233457023,0.036209803950626174,0.10894586037798668
4,5,45-49,30-34,0.0741661806732363,0.04101297504748755,0.11631997632827265
4,5,45-49,35-39,0.09222297001541947,0.05155626535426901,0.13650724416629048
4,5,45-49,40-44,0.1160886123406901,0.06586829169337545,0.17443244902414035
4,5,45-49,45-49,0.142138018497488,0.08986847971276352,0.2021271200625801
4,5,45-49,50-54,0.12429272338933318,0.07822497429729763,0.177214413759987
4,5,45-49,55-59,0.08340852151270528,0.046714158404360655,0.12683129201672702
4,5,45-49,60-64,0.06542645011931243,0.03333419794669571,0.10470806436418362
4,5,45-49,65-69,0.05076116764940481,0.017864841298410202,0.10039876661212783
4,5,45-49,70-74,0.03223648429121401,0.009490705359365623,0.06378290318952608
4,5,45-49,75+,0.08982865669140695,0.03411283107183816,0.1619511205996704
4,5,50-54,0-4,0.031653995588314984,0.00558659217877095,0.06706292305822925
4,5,50-54,5-9,0.026842957215783992,0.0035205111790892764,0.07326232418238297
4,5,50-54,10-14,0.05315803602807433,0.020498378476730545,0.09393380807111217
4,5,50-54,15-19,0.05301825798469814,0.01660250990510864,0.12556009974093105
4,5,50-54,20-24,0.05348724663996348,0.024192916132144034,0.09150378880887175
4,5,50-54,25-29,0.05244650152132573,0.02575463904524756,0.08268942013666065
4,5,50-54,30-34,0.08654872897645635,0.04932558148296914,0.1257697012958305
4,5,50-54,35-39,0.07436612704058432,0.04385325467294259,0.11025044502449098
4,5,50-54,40-44,0.09777495797076291,0.0549726491281341,0.15059190971965744
4,5,50-54,45-49,0.12293570479282163,0.07717354879757257,0.18474580333379595
4,5,50-54,50-54,0.1279530190554405,0.08101550940055086,0.1780148999876026
4,5,50-54,55-59,0.08472094318057914,0.04618528749282077,0.13128771604707687
4,5,50-54,60-64,0.07606367581622638,0.041283333110767505,0.11941433767655572
4,5,50-54,65-69,0.04020121789134187,0.013418852176857643,0.07294670905882282
4,5,50-54,70-74,0.036236478302805734,0.012233650119608305,0.06763538548062578
4,5,50-54,75+,0.08146811687678963,0.034314098285415096,0.13740606448525244
4,5,55-59,0-4,0.03413950843831945,0.004031451612903781,0.08876505214944116
4,5,55-59,5-9,0.0152437721165137,0,0.04632544964604126
4,5,55-59,10-14,0.031420923080428355,0.006636549165640036,0.07283028127856338
4,5,55-59,15-19,0.04324310680011056,0.008132793227673065,0.10316236243122656
4,5,55-59,20-24,0.030072999472548073,0.01013012773844502,0.05482455406107333
4,5,55-59,25-29,0.043501975789108326,0.019051400229286614,0.0744398265276245
4,5,55-59,30-34,0.06498011704245812,0.03270972798477098,0.09952190033648786
4,5,55-59,35-39,0.05319884643453844,0.024926524943807066,0.08881733918151645
4,5,55-59,40-44,0.07204430169497594,0.0371942100598231,0.11270237361873468
4,5,55-59,45-49,0.08928224157037791,0.05193181409531168,0.13802364178812596
4,5,55-59,50-54,0.0852560428296703,0.04764728346754373,0.12844889676593924
4,5,55-59,55-59,0.0924970713219228,0.05427314632999901,0.14053803040912644
4,5,55-59,60-64,0.08584247163381048,0.0478790529065752,0.13016259576358982
4,5,55-59,65-69,0.032770709689061144,0.010105491359856989,0.0663871506060777
4,5,55-59,70-74,0.026271829228252434,0.006626634936863969,0.053866931915593275
4,5,55-59,75+,0.06770929972740794,0.023624906531077756,0.12841293912401477
4,5,60-64,0-4,0.037848961854337476,0.006161272407024584,0.09401922809444399
4,5,60-64,5-9,0.027136032540599462,0.003362599288487468,0.07627854556311676
4,5,60-64,10-14,0.029585380301027295,0.006896051402680166,0.07229094627210074
4,5,60-64,15-19,0.02546817328846307,0.0037871667807438353,0.061354271959697886
4,5,60-64,20-24,0.032394100712300436,0.0107084770115484,0.06137491999682026
4,5,60-64,25-29,0.03521749400533191,0.012860489102219586,0.06357081858450046
4,5,60-64,30-34,0.06934591361120233,0.03456557566000417,0.11179180693971984
4,5,60-64,35-39,0.06294161762822076,0.032298810188998855,0.10293383183538246
4,5,60-64,40-44,0.06950565309029479,0.03643435849696966,0.1111748454400066
4,5,60-64,45-49,0.07023715678303322,0.03525207448297179,0.10981195152335871
4,5,60-64,50-54,0.07819652064233805,0.04071823293830116,0.12304422951207807
4,5,60-64,55-59,0.0945956611548858,0.05117303529584923,0.14313686880361268
4,5,60-64,60-64,0.09072096314217859,0.04746275534593438,0.14477647352293782
4,5,60-64,65-69,0.05310393472200482,0.019747254232147245,0.09839047398617985
4,5,60-64,70-74,0.03634267096448579,0.011762463608537166,0.06595437962915436
4,5,60-64,75+,0.0710858049909661,0.025277006619270726,0.13202362667373407
4,5,65-69,0-4,0.030749126583015547,0,0.10060728642939754
4,5,65-69,5-9,0.06024302045186775,0.012020515925813465,0.13741125638508617
4,5,65-69,10-14,0.03107306459092926,0.005041606238573619,0.06769777675360847
4,5,65-69,15-19,0.06572464032568076,0.006089927079066097,0.1900452739470864
4,5,65-69,20-24,0.031363309155310846,0.005272015283946663,0.07122343668981691
4,5,65-69,25-29,0.03711340771055336,0.008136445394707854,0.08390916307822491
4,5,65-69,30-34,0.06571912317998356,0.021684293916055843,0.12492954077175544
4,5,65-69,35-39,0.08371224006834908,0.029147873441046305,0.17634881663755161
4,5,65-69,40-44,0.0626956835378001,0.02222410365414549,0.12936808951569792
4,5,65-69,45-49,0.07064226946191397,0.02463842697307849,0.14389939782428157
4,5,65-69,50-54,0.039244668762019194,0.01353144165976923,0.07386129503361455
4,5,65-69,55-59,0.03770099129901065,0.009090769665695208,0.07321796314571333
4,5,65-69,60-64,0.06689245010068157,0.025612767400039812,0.11729858333264702
4,5,65-69,65-69,0.15153199849522744,0.057128739080794654,0.28541826160999556
4,5,65-69,70-74,0.07072803658088443,0.03078442998986036,0.1367497783382058
4,5,65-69,75+,0.15655987585779318,0.07006438492974726,0.2699959078085701
4,5,70-74,0-4,0.04304736001245269,0.00393700787416575,0.11323305734004156
4,5,70-74,5-9,0.030259179143476946,0.004235522599204422,0.07943710041464358
4,5,70-74,10-14,0.033664741186979534,0.0050862549876515405,0.07416322643151846
4,5,70-74,15-19,0.053297054643529074,0.007690861297220018,0.13376548125446708
4,5,70-74,20-24,0.08596068888537757,0.010246557068783387,0.24492718027183713
4,5,70-74,25-29,0.024625878727088275,0.003924366540436904,0.06148628209188374
4,5,70-74,30-34,0.049171301861416515,0.0130033569423373,0.09890735022006925
4,5,70-74,35-39,0.05018081506900081,0.013440711396465231,0.10618004192656795
4,5,70-74,40-44,0.05940546919225049,0.01860972054778731,0.1273341895830083
4,5,70-74,45-49,0.0501401415979996,0.016528276282792603,0.0977037106114406
4,5,70-74,50-54,0.06588403155099833,0.025826571759817955,0.11894148503535737
4,5,70-74,55-59,0.039990011102015256,0.010166930355274753,0.08102609600137511
4,5,70-74,60-64,0.05721633645182207,0.020040995441368396,0.10346303724929942
4,5,70-74,65-69,0.11907467430129266,0.05043817989684679,0.21989686649215784
4,5,70-74,70-74,0.08641975130280458,0.039221878552012084,0.14804626870039841
4,5,70-74,75+,0.20098146600939742,0.10081735246085369,0.33003932418840287
4,5,75+,0-4,0.013047935330839644,0,0.040380141324625723
4,5,75+,5-9,0.018164616343201833,0.0020726003696747318,0.04304562170301667
4,5,75+,10-14,0.022894829297036273,0.004612086580799678,0.049995481101858696
4,5,75+,15-19,0.050971229243463916,0.00577026372729691,0.13288607948486467
4,5,75+,20-24,0.043147772851169386,0.01058659549034273,0.09661310915982725
4,5,75+,25-29,0.014886483826398109,0,0.03518496954272905
4,5,75+,30-34,0.03265978328323107,0.008618844058740667,0.06552485827279826
4,5,75+,35-39,0.03565191818524055,0.01009903830364154,0.07480499013723255
4,5,75+,40-44,0.02515509093197883,0.005036342250585645,0.051335127259235884
4,5,75+,45-49,0.04641549813504633,0.019545825201799785,0.08014536745708575
4,5,75+,50-54,0.04247016721690488,0.01703255131426345,0.0744843611455889
4,5,75+,55-59,0.041013427394021855,0.013852684443283508,0.07219707680333984
4,5,75+,60-64,0.04672870876746965,0.01642348608700862,0.08547331269930603
4,5,75+,65-69,0.08393225252695609,0.0347085747831649,0.15168292175418796
4,5,75+,70-74,0.07502941457458082,0.03896643639333509,0.12298307466682944
4,5,75+,75+,0.3059486567699611,0.1956144488901977,0.43283442900709096
5,1,0-4,0-4,0.24196131810468804,0.12604791895213519,0.389707716003742
5,1,0-4,5-9,0.13325747042713665,0.05492572968313687,0.2521622973465573
5,1,0-4,10-14,0.03316430334737002,0.0065979788413255015,0.07165363095388591
5,1,0-4,15-19,0.05701237995577667,0.02351568215740283,0.10318878921264818
5,1,0-4,20-24,0.026129121008274952,0,0.06438139378982104
5,1,0-4,25-29,0.0802079842070271,0.020743665380819034,0.1740600280105301
5,1,0-4,30-34,0.05689014761959983,0.015282957742320196,0.10917235598067188
5,1,0-4,35-39,0.051166663050599616,0.01365870460296843,0.10325679014850972
5,1,0-4,40-44,0.04784275695365443,0.005483731503374086,0.10843669321156382
5,1,0-4,45-49,0.04417206264393611,0.009687352701443205,0.09253141313733988
5,1,0-4,50-54,0.02143277764708234,0,0.05427664248240939
5,1,0-4,55-59,0.032630667069975056,0.004847923538771953,0.0827016917069086
5,1,0-4,60-64,0.018071305915787084,0,0.057148221140428196
5,1,0-4,65-69,0.022279255387401737,0,0.07143919306835714
5,1,0-4,70-74,0.015533271594684098,0,0.049374137926013945
5,1,0-4,75+,0.027795387258116425,0,0.07970271825439627
5,1,5-9,0-4,0.13882020416017124,0.08047242163082238,0.20791004028384819
5,1,5-9,5-9,0.600637069610638,0.44137422983552643,0.7798592844197858
5,1,5-9,10-14,0.19442744345060528,0.12334230376184133,0.27705593648007704
5,1,5-9,15-19,0.04130889412030672,0.016371020161916792,0.07528778231915878
5,1,5-9,20-24,0.06412882700765912,0.026414250478479433,0.11474766221644542
5,1,5-9,25-29,0.07159032941462098,0.03393659728524306,0.1194480453865618
5,1,5-9,30-34,0.0736429181437535,0.035459935717081996,0.126429346025892
5,1,5-9,35-39,0.04152864049001777,0.015562733215389668,0.07262304415154189
5,1,5-9,40-44,0.06398269230486645,0.021034338728395795,0.12263377213742553
5,1,5-9,45-49,0.019433754561318607,0.0038154037389107696,0.040193178919365156
5,1,5-9,50-54,0.03844212349996974,0.012293613757993113,0.071993471063611
5,1,5-9,55-59,0.012850925560534753,0,0.0294215431514805
5,1,5-9,60-64,0.017959701018778165,0,0.04855927280303611
5,1,5-9,65-69,0.027182995189244486,0.00400000000002216,0.06589193088223382
5,1,5-9,70-74,0.014877986044849112,0,0.042028833461207685
5,1,5-9,75+,0.025911332010994537,0,0.06498247622565782
5,1,10-14,0-4,0.06715751634055812,0.03069860809081177,0.11133754808434344
5,1,10-14,5-9,0.1693805828885717,0.09982830614885811,0.24690360389147617
5,1,10-14,10-14,0.7815737837649793,0.525445888745421,1.0554910654922276
5,1,10-14,15-19,0.1117059581927528,0.06441670184602702,0.17257859068453643
5,1,10-14,20-24,0.037231998208853284,0.011267979736280553,0.0739179783171592
5,1,10-14,25-29,0.04646199561344552,0.015581723279390938,0.08446460888497447
5,1,10-14,30-34,0.0647847502412151,0.027710674218132083,0.1103520880952094
5,1,10-14,35-39,0.07960942425496474,0.03461522359254052,0.1381795151703593
5,1,10-14,40-44,0.09049058001233846,0.03976188105450446,0.15951474382575834
5,1,10-14,45-49,0.04358211810421371,0.015871664451149205,0.07948614505825934
5,1,10-14,50-54,0.018365884358185307,0.003645689162269011,0.04200372183453701
5,1,10-14,55-59,0.014760582045697055,0,0.03363391213699587
5,1,10-14,60-64,0.012701696776904796,0,0.04022997450023314
5,1,10-14,65-69,0.01957232044709433,0,0.04569460459509163
5,1,10-14,70-74,0.013486588535835037,0,0.03711626527406681
5,1,10-14,75+,0.015287415323747748,0,0.04137014745305985
5,1,15-19,0-4,0.04724490069388801,0.01442307692973975,0.08828711329675387
5,1,15-19,5-9,0.0759069022530471,0.035086866444976245,0.13223845864351605
5,1,15-19,10-14,0.1439182180587937,0.08547867616198486,0.21466902938054935
5,1,15-19,15-19,0.38216370580165343,0.25400437839158535,0.5393205999074825
5,1,15-19,20-24,0.0821671303955468,0.036663691817390466,0.1362308346985959
5,1,15-19,25-29,0.09104329488743955,0.04500937349616841,0.1516785468541669
5,1,15-19,30-34,0.0665325058485072,0.02779972223654899,0.11755025040216065
5,1,15-19,35-39,0.035251396424350816,0.011808621903051701,0.06459852233282011
5,1,15-19,40-44,0.03668666290659517,0.012048368103373319,0.07001035270904855
5,1,15-19,45-49,0.05273057923352784,0.02158126859788301,0.09567965477772054
5,1,15-19,50-54,0.04160795552043699,0.013626367445534148,0.0803180808450207
5,1,15-19,55-59,0.013801921874788738,0,0.03483698131943322
5,1,15-19,60-64,0.009987707930399357,0,0.027785915803027906
5,1,15-19,65-69,0.03640809107078241,0,0.12272254199200461
5,1,15-19,70-74,0.027128642573234593,0,0.08490901451859065
5,1,15-19,75+,0.02955727537346431,0,0.08612310743816931
5,1,20-24,0-4,0.08884514601471728,0.021377920489253553,0.19809895847304412
5,1,20-24,5-9,0.07874170669589849,0.022973674997612704,0.16562155111710034
5,1,20-24,10-14,0.03884895589043146,0.009558838166497143,0.08840561781631934
5,1,20-24,15-19,0.12071647015247898,0.05129104115207526,0.22077050655655817
5,1,20-24,20-24,0.26322915554586757,0.15002219110227594,0.4027467464482958
5,1,20-24,25-29,0.18229431122255735,0.09479197779296657,0.30652203643369186
5,1,20-24,30-34,0.1563353739387087,0.08229046038614728,0.2599217689022317
5,1,20-24,35-39,0.11190245260896554,0.05153334286148399,0.19847824807567063
5,1,20-24,40-44,0.07919203654824712,0.028900147595539563,0.14345406201671346
5,1,20-24,45-49,0.10620111449461501,0.04344761487973294,0.1909039609507306
5,1,20-24,50-54,0.04935687606347872,0.018088509199815323,0.09011164478007962
5,1,20-24,55-59,0.022324169774016054,0,0.04954466257574894
5,1,20-24,60-64,0.03301683796821416,0.005525858313511288,0.06489638522525677
5,1,20-24,65-69,0.06051809668006711,0.007809495192307693,0.13067783228336685
5,1,20-24,70-74,0.02059108861909657,0,0.06099433632242519
5,1,20-24,75+,0.036992721829255365,0.005807493543863823,0.09025734165215146
5,1,25-29,0-4,0.04622143153892302,0.013623173077830921,0.08882470885808336
5,1,25-29,5-9,0.0730533089252154,0.03180611069080776,0.12461568866255288
5,1,25-29,10-14,0.04033625325484426,0.012823267962932807,0.07575665081051476
5,1,25-29,15-19,0.07453742731205647,0.03635011611162407,0.1199663433892873
5,1,25-29,20-24,0.12390188267154453,0.06439427350702522,0.19970311288056408
5,1,25-29,25-29,0.1704491747878934,0.1053301094049475,0.2445649935880187
5,1,25-29,30-34,0.18179358576763446,0.1168812519317183,0.25677574077804516
5,1,25-29,35-39,0.08252244236891433,0.042459549377095215,0.12829034684070745
5,1,25-29,40-44,0.07308371590606827,0.03324492636590759,0.11888074462762405
5,1,25-29,45-49,0.03983908498597835,0.01625967335461261,0.07143974628535545
5,1,25-29,50-54,0.05153763075966604,0.022718886257853756,0.08581126504407972
5,1,25-29,55-59,0.042942455019000465,0.015177281100390266,0.07617891769262455
5,1,25-29,60-64,0.03392975869206305,0.009264082191885532,0.06364018399879084
5,1,25-29,65-69,0.029808702481234295,0.00462962963005596,0.06796482888018263
5,1,25-29,70-74,0.010336905073411746,0,0.035365250957387635
5,1,25-29,75+,0.030071899483442414,0,0.07335201918759135
5,1,30-34,0-4,0.07871016492642793,0.02840847611373595,0.1516655538867862
5,1,30-34,5-9,0.07885669018296558,0.0370821227955073,0.15063480318969474
5,1,30-34,10-14,0.06088509790261478,0.027252855916655303,0.11305911363128841
5,1,30-34,15-19,0.0853449428142597,0.042339625976831684,0.14225313442307344
5,1,30-34,20-24,0.11640412079137902,0.06568574154071795,0.1762833316923625
5,1,30-34,25-29,0.18261441136332845,0.11489624076729842,0.26285218417577205
5,1,30-34,30-34,0.18224704859435847,0.119504257011597,0.25628381889384705
5,1,30-34,35-39,0.1345219387011255,0.07977444334909045,0.20350415644106368
5,1,30-34,40-44,0.10046875310718767,0.053595428234860285,0.1577368546366662
5,1,30-34,45-49,0.06609901074511557,0.03354768739177577,0.10488606560375455
5,1,30-34,50-54,0.07858341408519608,0.03884230987632726,0.1276127806478165
5,1,30-34,55-59,0.055857851622498234,0.02521338484992292,0.09235370058449124
5,1,30-34,60-64,0.06479522638771243,0.029632666711196746,0.10794451423945439
5,1,30-34,65-69,0.10902201027929687,0.035494915234100345,0.22446236189666227
5,1,30-34,70-74,0.02741916153566809,0.00423728813592584,0.062159930377288466
5,1,30-34,75+,0.06556870800374612,0.01561319157350721,0.13636158753476593
5,1,35-39,0-4,0.08966507669642095,0.0401996879509602,0.1553615914437756
5,1,35-39,5-9,0.06060690178327518,0.031790198222567956,0.09766777373516043
5,1,35-39,10-14,0.07535204381106364,0.027409878599774246,0.14522512595595125
5,1,35-39,15-19,0.0672878665175532,0.030424218327178672,0.11345216996281246
5,1,35-39,20-24,0.05644300312881288,0.023591202131009743,0.09724059896383788
5,1,35-39,25-29,0.08216197404759303,0.045655022713887536,0.12281201988950155
5,1,35-39,30-34,0.10884192960127671,0.06601160212481391,0.15824460582329017
5,1,35-39,35-39,0.1120768381083112,0.06590112254414852,0.16631859188254924
5,1,35-39,40-44,0.08323908208553346,0.04620699972916446,0.12709657422547668
5,1,35-39,45-49,0.04278092170376286,0.01879162496375875,0.07331592750349465
5,1,35-39,50-54,0.05330670645609908,0.026133426389617284,0.08471984278897851
5,1,35-39,55-59,0.028030780337386946,0.007897307428921913,0.05426280653240982
5,1,35-39,60-64,0.045513992681795276,0.018648378894588407,0.08158839693727984
5,1,35-39,65-69,0.05391418325481163,0.014385919835947275,0.11869387044485052
5,1,35-39,70-74,0.009084134898787254,0,0.026564312905220877
5,1,35-39,75+,0.02681829559018415,0,0.06612455456627273
5,1,40-44,0-4,0.037382946691367255,0.009602836172901608,0.07716382856178079
5,1,40-44,5-9,0.04373924809125308,0.018282786653464354,0.07934442801074895
5,1,40-44,10-14,0.06359421838918533,0.02421731727084667,0.12446098133722502
5,1,40-44,15-19,0.05093369545425095,0.02065945588741194,0.09053260747872759
5,1,40-44,20-24,0.06804689025222103,0.029028136186882034,0.11302097243019199
5,1,40-44,25-29,0.08835454092841193,0.04609805695426659,0.13588764162516934
5,1,40-44,30-34,0.11060256329769375,0.06254480220555528,0.16473838477426278
5,1,40-44,35-39,0.09665653540687047,0.05461954024603667,0.1487872780349908
5,1,40-44,40-44,0.12069263682285507,0.06972955519991564,0.17930454735040843
5,1,40-44,45-49,0.06381157358693254,0.029214241415261345,0.10353862344869767
5,1,40-44,50-54,0.07001178288366344,0.036476983723441006,0.10876742012179752
5,1,40-44,55-59,0.058467279621870545,0.027008987446694107,0.09754879298576508
5,1,40-44,60-64,0.06196451223347337,0.03103892831666972,0.0990441439549343
5,1,40-44,65-69,0.05769492292491551,0.016589653992249282,0.1251797955092479
5,1,40-44,70-74,0.01949141925341091,0,0.05129550008881148
5,1,40-44,75+,0.032882067741193434,0.003967472815901764,0.07880615189678075
5,1,45-49,0-4,0.05448225701576802,0.014966427435487512,0.107741280165254
5,1,45-49,5-9,0.04390297578411409,0.016237362909506472,0.082704959368373
5,1,45-49,10-14,0.03486890976783062,0.008813347649231654,0.07081547103370435
5,1,45-49,15-19,0.0811356733927722,0.03428611975908969,0.1456752360294957
5,1,45-49,20-24,0.05318400580523178,0.024398403525367894,0.09294339667145465
5,1,45-49,25-29,0.057808589096366936,0.025482440863049204,0.0982153899512463
5,1,45-49,30-34,0.07263524240767687,0.03857313669669364,0.11457952465390081
5,1,45-49,35-39,0.07398595086688914,0.03892455903288761,0.11671983538997487
5,1,45-49,40-44,0.08264667649197506,0.04364778851537784,0.1332062990502959
5,1,45-49,45-49,0.06871123369134309,0.03644769375186183,0.10762060480000708
5,1,45-49,50-54,0.0758076388285867,0.04237689241276297,0.12110908055246275
5,1,45-49,55-59,0.04964872335892014,0.021620738554811118,0.08677945034052206
5,1,45-49,60-64,0.04315005506600988,0.018236924779225207,0.07412711881074478
5,1,45-49,65-69,0.04343117431219151,0.013696871961003264,0.08777489218683358
5,1,45-49,70-74,0.017124350552006763,0.003105110804540096,0.03729019825761625
5,1,45-49,75+,0.03702140784643416,0.009028264227092537,0.07894635125770974
5,1,50-54,0-4,0.05185203407109203,0.014265995874388137,0.1091635168175903
5,1,50-54,5-9,0.02730132467403918,0.010552730813915494,0.05039139096145896
5,1,50-54,10-14,0.03839038151901696,0.006171657195566915,0.12060944926593618
5,1,50-54,15-19,0.0444218163094152,0.017245940954619347,0.08002447721768897
5,1,50-54,20-24,0.04195649285665212,0.016152297841492042,0.0738401514542523
5,1,50-54,25-29,0.05826372774925805,0.02963388067795596,0.09097162194277145
5,1,50-54,30-34,0.07029268189922781,0.038300562324779304,0.10619179335174987
5,1,50-54,35-39,0.05842163714721708,0.02897182013295347,0.09300216923902786
5,1,50-54,40-44,0.07296436140308153,0.03941565718285175,0.11279895044899552
5,1,50-54,45-49,0.05497202382471986,0.028211004015707548,0.08785058909269743
5,1,50-54,50-54,0.0738277345524802,0.04016597277422814,0.11066987141267998
5,1,50-54,55-59,0.0470538927931138,0.02152246103101403,0.07946917027784829
5,1,50-54,60-64,0.04605824206503066,0.0205078216675659,0.07790441730832658
5,1,50-54,65-69,0.021221121921553333,0.003571428572033665,0.0499158276043412
5,1,50-54,70-74,0.021790876277239624,0.003570795340002327,0.05252732690571313
5,1,50-54,75+,0.040148074621640474,0.011702397512505479,0.07801196679634141
5,1,55-59,0-4,0.02790181326051563,0.003875223613724944,0.08145941275103921
5,1,55-59,5-9,0.006056723250017273,0,0.02194061165495603
5,1,55-59,10-14,0.015489846801689659,0.002413372735245172,0.03444268849152604
5,1,55-59,15-19,0.021539333433031965,0.0031938291882191968,0.049673168588966074
5,1,55-59,20-24,0.02345779058711258,0.0043856857132016725,0.048789684841935424
5,1,55-59,25-29,0.038720014142261366,0.01363636366332985,0.0668639782055933
5,1,55-59,30-34,0.0460301350733201,0.020161225609372866,0.07748549993325254
5,1,55-59,35-39,0.049458951241555485,0.02315246638938669,0.08195694621205438
5,1,55-59,40-44,0.06576972922545749,0.03266273081806647,0.10496776128644106
5,1,55-59,45-49,0.03866535919955604,0.01616973921702924,0.06700346494758203
5,1,55-59,50-54,0.04671105975723929,0.02145161789846343,0.07693422100914787
5,1,55-59,55-59,0.049456534837044284,0.023057251802345077,0.08403330246240175
5,1,55-59,60-64,0.05696945075336354,0.025397785917058928,0.09410258590003659
5,1,55-59,65-69,0.026948915670338122,0.004542437650846942,0.059500209556373126
5,1,55-59,70-74,0.011969647255414356,0,0.030412895624260805
5,1,55-59,75+,0.0346384665299053,0.008331612720848454,0.07062123949161953
5,1,60-64,0-4,0.056234072758601976,0.009429137106945476,0.1400474853904003
5,1,60-64,5-9,0.056455341744089414,0.007020010569139591,0.15152789848754358
5,1,60-64,10-14,0.02466332769871064,0.0025454783130804924,0.06334665889964865
5,1,60-64,15-19,0.020581364045423434,0.002780672848773834,0.05038075094392079
5,1,60-64,20-24,0.034062535818970674,0.009495840267374647,0.0612751157043832
5,1,60-64,25-29,0.030274765218791373,0.008590726763508857,0.05770898452812006
5,1,60-64,30-34,0.04228929017672716,0.01905610583347046,0.07171221653158275
5,1,60-64,35-39,0.035324120809655975,0.012475800367615383,0.06301639078427627
5,1,60-64,40-44,0.04134853917427719,0.016512494481302358,0.07246721105978174
5,1,60-64,45-49,0.029806512142133514,0.008127500861415582,0.05623919652118969
5,1,60-64,50-54,0.04844888554089398,0.022387672171656818,0.08056576267625454
5,1,60-64,55-59,0.04085469174735293,0.015865171284775294,0.0716039446036119
5,1,60-64,60-64,0.04652879864556015,0.019564392733354707,0.0781636826629341
5,1,60-64,65-69,0.03211438418743808,0.008472797398349087,0.06643459721938592
5,1,60-64,70-74,0.020310787851231433,0.004030657962109576,0.045997468673440116
5,1,60-64,75+,0.023643857531023597,0.00416666666706911,0.0520152371722659
5,1,65-69,0-4,0.023593939983672266,0,0.06735446593686842
5,1,65-69,5-9,0.050776678473049945,0.017920431668615913,0.09637241958597305
5,1,65-69,10-14,0.024097010927705078,0.006376545049965608,0.04824298848030193
5,1,65-69,15-19,0.0406242985898549,0.008268782118236603,0.0992877975031849
5,1,65-69,20-24,0.01760142653645728,0,0.05092205779847117
5,1,65-69,25-29,0.06313046719783656,0.022106562205570435,0.11522737479107953
5,1,65-69,30-34,0.0580298085826362,0.019268196004424136,0.11056783083536773
5,1,65-69,35-39,0.05000411495973816,0.016339911066159594,0.09839009295513776
5,1,65-69,40-44,0.0895059173476516,0.025037910083044977,0.19224846006905372
5,1,65-69,45-49,0.03270912236105161,0.008349950702173176,0.07312689420920374
5,1,65-69,50-54,0.017948597187305994,0.003390868180178507,0.038876508292934604
5,1,65-69,55-59,0.023449522716941774,0.004165439660931699,0.053955213186551686
5,1,65-69,60-64,0.04469669365322045,0.012422203994214783,0.09322776749850861
5,1,65-69,65-69,0.07813266475953824,0.022320309941749016,0.16655305203183784
5,1,65-69,70-74,0.04742108064890884,0.013504782636604535,0.09244515111456136
5,1,65-69,75+,0.048846971141696775,0.00970411465834939,0.09959741771460605
5,1,70-74,0-4,0.026247791286712466,0,0.06427655312151584
5,1,70-74,5-9,0.03410455815885072,0.010243594981914992,0.06969949792833448
5,1,70-74,10-14,0.019097718497754983,0.003622076065118559,0.040278047619802214
5,1,70-74,15-19,0.027791344936756054,0.004120668253396482,0.06435378102889122
5,1,70-74,20-24,0.04218958879217614,0.007034227235959939,0.1287315884184034
5,1,70-74,25-29,0.017493729667751753,0,0.0399571167728443
5,1,70-74,30-34,0.05047722802245825,0.013369759515592449,0.09846377041514794
5,1,70-74,35-39,0.034372818591541315,0.008083860610229716,0.07157985888601555
5,1,70-74,40-44,0.06351163298139119,0.013153437435282129,0.14117090343204006
5,1,70-74,45-49,0.028806089837492718,0.007600293819353766,0.057388304786093074
5,1,70-74,50-54,0.017651205583586817,0.003581883302283778,0.0384236870794371
5,1,70-74,55-59,0.021874883901186404,0.00393700787416575,0.050468771415269634
5,1,70-74,60-64,0.035335447707054664,0.008185938910692308,0.08167506928543443
5,1,70-74,65-69,0.039916008543249344,0.008398195344289998,0.09656606709764091
5,1,70-74,70-74,0.04971889994494919,0.015374968276676898,0.0962658177624739
5,1,70-74,75+,0.07030573865711949,0.01833541554086573,0.13923738914177572
5,1,75+,0-4,0.013731142312802615,0,0.03386370569883204
5,1,75+,5-9,0.015718127532738758,0.004116455433680394,0.03192601788562745
5,1,75+,10-14,0.01148555261884172,0.0027302562840353616,0.025497389131959692
5,1,75+,15-19,0.02055013186684678,0.003496228294369344,0.046559337658500136
5,1,75+,20-24,0.04116978345965753,0.009440123886284664,0.08424541186044186
5,1,75+,25-29,0.029976286271055308,0.008743090057488731,0.059119764053429925
5,1,75+,30-34,0.01913080437128673,0.003894480948945621,0.03914187992650264
5,1,75+,35-39,0.021994975855176215,0.005654022121690743,0.046668075174427635
5,1,75+,40-44,0.03657914325976873,0.008687086615257704,0.07223091984655038
5,1,75+,45-49,0.015747506012981662,0.0031917734919053066,0.034102551395381375
5,1,75+,50-54,0.02311077810601984,0.007444802338585887,0.04457299167307857
5,1,75+,55-59,0.030174372686766697,0.008635193133276806,0.06010583889743283
5,1,75+,60-64,0.02878616040508811,0.007700178525794534,0.06348533342860091
5,1,75+,65-69,0.032549206528307235,0.009282403762039084,0.06784155635243948
5,1,75+,70-74,0.03307793258494503,0.010173594760936072,0.0641069346645764
5,1,75+,75+,0.08624556946906299,0.038448781677018706,0.1485007528676296
5,2,0-4,0-4,0.25928027708069246,0.1373709989066894,0.4029926504103337
5,2,0-4,5-9,0.1452120539467181,0.07085000000951351,0.24468035066817195
5,2,0-4,10-14,0.042379740482175986,0.01155526860610843,0.08171129752508251
5,2,0-4,15-19,0.05524180840403058,0.02050909808512157,0.09966105954156029
5,2,0-4,20-24,0.05392780107866494,0.008344890987625845,0.11957439206358782
5,2,0-4,25-29,0.06895333944149062,0.01693911859134869,0.15479076912835224
5,2,0-4,30-34,0.10345627702108301,0.03648759796895086,0.19515105545041928
5,2,0-4,35-39,0.06081759643134486,0.01638523785805759,0.11983762042130937
5,2,0-4,40-44,0.049217595268290316,0.01052680595128769,0.10548773263561537
5,2,0-4,45-49,0.06048187539512012,0.016083445497568228,0.13038725707344367
5,2,0-4,50-54,0.03665029773956526,0.004692998764463107,0.08621834661949224
5,2,0-4,55-59,0.03358793169730083,0,0.09159514067317004
5,2,0-4,60-64,0.03796606686237504,0.0045387385430068605,0.10195599603498244
5,2,0-4,65-69,0.026899275291562913,0,0.09023071084226623
5,2,0-4,70-74,0.03240004536203003,0,0.09408418603281692
5,2,0-4,75+,0.03505175381791548,0,0.10099458369367717
5,2,5-9,0-4,0.1634566321287009,0.09091493939195196,0.2497535360069185
5,2,5-9,5-9,0.737806762854203,0.5431487070422136,0.9423568993612452
5,2,5-9,10-14,0.20921102882007958,0.13244474194854336,0.2932067555555839
5,2,5-9,15-19,0.057507629055027494,0.025941572018445696,0.09682819466209028
5,2,5-9,20-24,0.08266343393472891,0.03228921660082519,0.15009462278204438
5,2,5-9,25-29,0.06803770655504554,0.03200402396439227,0.10967138647512252
5,2,5-9,30-34,0.09580248128600224,0.046300454415582865,0.1651935437426694
5,2,5-9,35-39,0.067330225377341,0.031244113079363898,0.11144218798079726
5,2,5-9,40-44,0.06378363632950508,0.026372895955274853,0.11405593015683921
5,2,5-9,45-49,0.02411714056342833,0.0038586242260337587,0.05123947912828669
5,2,5-9,50-54,0.020567510932760193,0.0036848858447126125,0.043502915346414234
5,2,5-9,55-59,0.024297198889821986,0.004463298040903332,0.05550155697892468
5,2,5-9,60-64,0.02688971621404502,0.0040980148076361425,0.06880513180356415
5,2,5-9,65-69,0.03976777724762797,0.004997549021139008,0.09400842201986898
5,2,5-9,70-74,0.02336466518656012,0,0.06195120089659177
5,2,5-9,75+,0.03195459792363333,0.0042008053225470795,0.07721691262457671
5,2,10-14,0-4,0.06004284160241597,0.025399670529169506,0.10200375199204155
5,2,10-14,5-9,0.19844934874451775,0.12441715496932076,0.29271744726913296
5,2,10-14,10-14,0.8998906868851267,0.6247812673193226,1.2192695951470574
5,2,10-14,15-19,0.10278421952105093,0.06156662813618357,0.15804745510400006
5,2,10-14,20-24,0.05704837665115908,0.020364993972454733,0.1060299369211584
5,2,10-14,25-29,0.06440015148894926,0.025689562571491027,0.11719973458649757
5,2,10-14,30-34,0.08149430701495922,0.03128784276058162,0.1541830577227395
5,2,10-14,35-39,0.0655163331472485,0.023939679452639563,0.11377530319695217
5,2,10-14,40-44,0.08806996901714532,0.03910531748025842,0.1601913636225537
5,2,10-14,45-49,0.06324961332841851,0.025853547163110453,0.12199680984525614
5,2,10-14,50-54,0.0208541179501204,0.00400000000002216,0.04330231893197025
5,2,10-14,55-59,0.023858722988452197,0.00412973207154516,0.054471779232014905
5,2,10-14,60-64,0.02132507239613874,0.003208790109723914,0.0528613494618016
5,2,10-14,65-69,0.025461494854313985,0.004031451612903781,0.057127421196817726
5,2,10-14,70-74,0.021198316944136795,0.003495297805642632,0.04906435932498587
5,2,10-14,75+,0.023757390624673615,0.003448275862068965,0.05563713014650096
5,2,15-19,0-4,0.059802196479396524,0.023118468276157256,0.11283099154526699
5,2,15-19,5-9,0.07703404575034355,0.03615109031199022,0.12944206127021152
5,2,15-19,10-14,0.12300549791568303,0.06943053788420159,0.18968197783146826
5,2,15-19,15-19,0.5445558504146255,0.3560286859690679,0.7785481335056975
5,2,15-19,20-24,0.12203345781535851,0.051908062407353524,0.22652930418438044
5,2,15-19,25-29,0.06975603112932366,0.030108205839908517,0.11692885692918156
5,2,15-19,30-34,0.07440138830808199,0.035602387084178656,0.12651560946835494
5,2,15-19,35-39,0.04097052561000676,0.013684878629027012,0.07605464277637097
5,2,15-19,40-44,0.0412076171217384,0.0131905016920294,0.07709440391526559
5,2,15-19,45-49,0.06566147183300435,0.025780622971970455,0.11422529839706849
5,2,15-19,50-54,0.03870239377918311,0.011903069646695982,0.07936487638698053
5,2,15-19,55-59,0.021795164528896172,0.004123900616598598,0.05476613728201096
5,2,15-19,60-64,0.018266809646794883,0,0.04445447214477334
5,2,15-19,65-69,0.03920695431541022,0.003889131641899701,0.12485268713420236
5,2,15-19,70-74,0.030083846540147067,0,0.08053683106502957
5,2,15-19,75+,0.04648092765424307,0.00423728813592584,0.121957453340747
5,2,20-24,0-4,0.06830531182882696,0.015073475158957787,0.15166419229296668
5,2,20-24,5-9,0.125730858879696,0.04357399996926065,0.27108329677592746
5,2,20-24,10-14,0.05826373913138685,0.0126705702930746,0.12858534639895494
5,2,20-24,15-19,0.13555461243436895,0.0599156647502749,0.22565921739458072
5,2,20-24,20-24,0.3098589377514702,0.16988933483167742,0.4784380235898006
5,2,20-24,25-29,0.19577799753052544,0.10883661393857655,0.3225500778465798
5,2,20-24,30-34,0.13974271939776906,0.0711105460307438,0.21928451489768463
5,2,20-24,35-39,0.09896726613309749,0.04196784324009969,0.16839140453956716
5,2,20-24,40-44,0.116753517848181,0.049245210913564916,0.2018295630472501
5,2,20-24,45-49,0.07562417976655242,0.029555710446041626,0.13490676224678685
5,2,20-24,50-54,0.0675831457169476,0.02545869249419119,0.11995153139934173
5,2,20-24,55-59,0.03288226369096149,0.006327136077308193,0.06618285811320747
5,2,20-24,60-64,0.04804945501346538,0.014205059941634257,0.0922207792975341
5,2,20-24,65-69,0.025884455401492458,0,0.06800070718353672
5,2,20-24,70-74,0.03469747481464434,0,0.118758765115648
5,2,20-24,75+,0.056155577039563885,0.006842555879473717,0.1340510073420955
5,2,25-29,0-4,0.05833674343038087,0.020834295398552093,0.107098751985437
5,2,25-29,5-9,0.062707078348196,0.031242486153608754,0.10849647554052694
5,2,25-29,10-14,0.0307976376110977,0.008593612876254918,0.058498193433845797
5,2,25-29,15-19,0.054189048725231885,0.0216532693433215,0.09581540258734689
5,2,25-29,20-24,0.16459025136544742,0.08252866479271584,0.27518958945070293
5,2,25-29,25-29,0.1928718093662289,0.11881931131475769,0.27394847507164055
5,2,25-29,30-34,0.19746654144569295,0.12732222857022427,0.2749146282450183
5,2,25-29,35-39,0.09890192835265635,0.05487348117084121,0.15134151846778035
5,2,25-29,40-44,0.07309323201270101,0.03736927106007914,0.11886063141199701
5,2,25-29,45-49,0.0516904515968854,0.02339640368690685,0.08689949064045542
5,2,25-29,50-54,0.05307850952629842,0.02434559812706439,0.08739509317571893
5,2,25-29,55-59,0.05132283366698945,0.018846855892845835,0.09343204223363981
5,2,25-29,60-64,0.03694998623696585,0.013425908480210184,0.06776869685866123
5,2,25-29,65-69,0.033853418147327376,0.00515335538055326,0.07768807323414559
5,2,25-29,70-74,0.016608884325215376,0,0.04784631059693081
5,2,25-29,75+,0.03773596447886308,0.004165805785518851,0.09787375453398635
5,2,30-34,0-4,0.08325545824111383,0.03204808037519155,0.1519344079418255
5,2,30-34,5-9,0.07160485664185064,0.025881382781305053,0.14684394394636102
5,2,30-34,10-14,0.04023752965256893,0.014690118311284417,0.07695272337337401
5,2,30-34,15-19,0.07038397041470654,0.030768726356879755,0.1197538154204088
5,2,30-34,20-24,0.13534810214348592,0.0719697473404093,0.2125465855846947
5,2,30-34,25-29,0.21359259927348215,0.1358577291967944,0.3041226924125088
5,2,30-34,30-34,0.2305230901785431,0.1582011066869372,0.3202700104233444
5,2,30-34,35-39,0.16170727229256104,0.10003979461847991,0.23203102754454163
5,2,30-34,40-44,0.12104514019829787,0.07135320558276097,0.18277456096563827
5,2,30-34,45-49,0.07556466474368721,0.04022843516746245,0.12144965162609395
5,2,30-34,50-54,0.09097890855473435,0.05015982598772226,0.13542793585624102
5,2,30-34,55-59,0.06250058106961937,0.027766162573053015,0.10778524593004939
5,2,30-34,60-64,0.055274953205074494,0.02433499434542903,0.10006739676983492
5,2,30-34,65-69,0.06371553639740832,0.02042567276330432,0.1274845068928553
5,2,30-34,70-74,0.020923475019866793,0,0.0475518145877605
5,2,30-34,75+,0.050827586733862784,0.009257135576004914,0.10862543064620685
5,2,35-39,0-4,0.07880653424903884,0.03236871905085636,0.13379242842955114
5,2,35-39,5-9,0.07286045431814504,0.036856757306176026,0.11488512958788895
5,2,35-39,10-14,0.0691999848833797,0.026313010682359035,0.13077894253631145
5,2,35-39,15-19,0.05711875314130329,0.02495035082273857,0.09697164114524984
5,2,35-39,20-24,0.06750316254326133,0.031103690854895085,0.11394267587722329
5,2,35-39,25-29,0.10860017717611488,0.06468536919289944,0.1580944921420759
5,2,35-39,30-34,0.13257020047938975,0.08568595983631078,0.19074926951925758
5,2,35-39,35-39,0.12296012973165425,0.07816377013603848,0.17787104014794178
5,2,35-39,40-44,0.09770789834081459,0.05877282985178658,0.14478448852222164
5,2,35-39,45-49,0.06147892957349858,0.03088930357812848,0.09479421259861524
5,2,35-39,50-54,0.06467383387831972,0.034624832245379246,0.10009882984948468
5,2,35-39,55-59,0.03732556916738888,0.01311934622177988,0.06704314573293854
5,2,35-39,60-64,0.04904204004698089,0.020308805782910454,0.08323711560592346
5,2,35-39,65-69,0.05305278931945756,0.015893321183499533,0.11104669521765241
5,2,35-39,70-74,0.02026877248913872,0.003426716737892919,0.04916271467435594
5,2,35-39,75+,0.03605126346239555,0.00416666666706911,0.090049231454462
5,2,40-44,0-4,0.05543527937303306,0.018020593850456543,0.10527926296587498
5,2,40-44,5-9,0.03934205754414072,0.014398811027717902,0.07472298537017157
5,2,40-44,10-14,0.05218252295717714,0.019954046065566083,0.10430624885276663
5,2,40-44,15-19,0.05277826090805377,0.020916503221920745,0.0990661979979643
5,2,40-44,20-24,0.07595034074930203,0.035159644701908424,0.12533187949521676
5,2,40-44,25-29,0.09042700312477517,0.05150366536777051,0.1390987979841819
5,2,40-44,30-34,0.12112064864617965,0.07410129373951789,0.1790035543953732
5,2,40-44,35-39,0.10568913012624925,0.060606454310861736,0.1621300115242619
5,2,40-44,40-44,0.135572800944137,0.08393129818128646,0.19508667880677028
5,2,40-44,45-49,0.09483369233234104,0.054170691788658354,0.1431555251490571
5,2,40-44,50-54,0.07784821733717645,0.04557357640578252,0.11803149510243402
5,2,40-44,55-59,0.06619372233062117,0.032441484725539385,0.11107741373914265
5,2,40-44,60-64,0.06709890105094368,0.03301235503008533,0.10996165134427421
5,2,40-44,65-69,0.042061323831648845,0.011743481123815971,0.08739232664275241
5,2,40-44,70-74,0.02662011077037488,0.00413055163619242,0.06422212316999396
5,2,40-44,75+,0.026164861856179437,0.003293918919387013,0.06541119046298823
5,2,45-49,0-4,0.05293252996010859,0.014592336508499055,0.10234494732335245
5,2,45-49,5-9,0.04477874529485604,0.015032455737627261,0.09268806316822588
5,2,45-49,10-14,0.05712891777400743,0.019909394028262157,0.10757483423264427
5,2,45-49,15-19,0.0807716419952049,0.0337173645714741,0.14521078002988091
5,2,45-49,20-24,0.07131988491324795,0.032879762735854114,0.12143902205131572
5,2,45-49,25-29,0.07017438791234776,0.03626961629784477,0.11372152913890587
5,2,45-49,30-34,0.08881962476489497,0.05093160636695796,0.13647578032582344
5,2,45-49,35-39,0.08521314953631354,0.043724945806231444,0.12911004245275787
5,2,45-49,40-44,0.11279620548820422,0.0646696263039819,0.16925648982209335
5,2,45-49,45-49,0.09738318151302837,0.056900040023810626,0.14995779770482576
5,2,45-49,50-54,0.09995420363165168,0.05821691236108316,0.15027059236946558
5,2,45-49,55-59,0.0738966688445304,0.03642158756708378,0.1153942033281743
5,2,45-49,60-64,0.05192081348614262,0.021553575736272087,0.08764916981711751
5,2,45-49,65-69,0.048962720477515105,0.015259522727553298,0.10474327657606655
5,2,45-49,70-74,0.02752454961179183,0.006624515970057773,0.05598962862475022
5,2,45-49,75+,0.03950191381172895,0.010489679448898502,0.07878970003061554
5,2,50-54,0-4,0.05630801774076116,0.01710536029577474,0.10803521761422104
5,2,50-54,5-9,0.018920481122559795,0.0049241855178949806,0.042561135025567236
5,2,50-54,10-14,0.03001750985419717,0.007777809843891156,0.07810850103242171
5,2,50-54,15-19,0.050566962955859836,0.01918319545834193,0.1011056289109976
5,2,50-54,20-24,0.05891735116736634,0.023647799595604632,0.10150951432405583
5,2,50-54,25-29,0.06088714908245005,0.030281856068213455,0.09578566190593518
5,2,50-54,30-34,0.08570756837800075,0.048460427790510165,0.1278664044654212
5,2,50-54,35-39,0.05855855343450411,0.025581316361418152,0.09218876177810752
5,2,50-54,40-44,0.08445443563167308,0.04784434282086023,0.12358108889816656
5,2,50-54,45-49,0.0727288152978894,0.03945878899813629,0.1084361131340175
5,2,50-54,50-54,0.09175199306160454,0.057634811934599225,0.13372058531427297
5,2,50-54,55-59,0.05967799325543001,0.028812148822232313,0.09603503727352068
5,2,50-54,60-64,0.05540623393749359,0.026710682929843025,0.0946048951149504
5,2,50-54,65-69,0.027769742602825373,0.007192744278523394,0.05474677793981532
5,2,50-54,70-74,0.02265078432091985,0.005559188355990644,0.045376966590545416
5,2,50-54,75+,0.043641708709433825,0.013978841022672966,0.08784117029185175
5,2,55-59,0-4,0.032673896825630065,0.0053285265717028605,0.09399283927883412
5,2,55-59,5-9,0.012584077347562594,0,0.03755024168544154
5,2,55-59,10-14,0.014190062622071568,0.00244390187918785,0.03816758744947012
5,2,55-59,15-19,0.027212599823525103,0.005797168007180854,0.06789434200969056
5,2,55-59,20-24,0.02743173703675686,0.007992307693299125,0.05337776073302084
5,2,55-59,25-29,0.039143768406760614,0.015150991873542248,0.06867508089160175
5,2,55-59,30-34,0.05459183203302438,0.025741173722004084,0.08845750297658475
5,2,55-59,35-39,0.044296503979460757,0.01800438954687539,0.0759294249733938
5,2,55-59,40-44,0.07652627290913391,0.040402460143028306,0.12184302567616001
5,2,55-59,45-49,0.05084680138503911,0.022952912071412746,0.08312751026534453
5,2,55-59,50-54,0.053916671957954534,0.026557809814210465,0.08544124213225895
5,2,55-59,55-59,0.06387849441964097,0.0300298113797336,0.10309703804255961
5,2,55-59,60-64,0.0711395520143763,0.03819545745528308,0.1156891243885497
5,2,55-59,65-69,0.025341235239532137,0.006757578560263735,0.05348441436842383
5,2,55-59,70-74,0.018608169150566706,0.003136920916677149,0.042420940139308576
5,2,55-59,75+,0.043149438826599225,0.013271913108940795,0.0878648381388861
5,2,60-64,0-4,0.04796243771318947,0.010027124744241602,0.11510450438346663
5,2,60-64,5-9,0.04502341417191338,0.005690738465576373,0.11791649624212446
5,2,60-64,10-14,0.02678595390497084,0.0030421058786265567,0.06429884403833878
5,2,60-64,15-19,0.02804781866905781,0.004384074410165661,0.064696286829998
5,2,60-64,20-24,0.034896224620311334,0.013052892042534018,0.06526145806967416
5,2,60-64,25-29,0.03616014242459873,0.012597293021517903,0.06787000100618715
5,2,60-64,30-34,0.058110225780423026,0.027679553988337227,0.09399032450277132
5,2,60-64,35-39,0.04049964335937691,0.01605307926340573,0.06969643582461339
5,2,60-64,40-44,0.05081832472571596,0.02309118531602678,0.08514808706650265
5,2,60-64,45-49,0.03699264519105188,0.013523040323610043,0.06583645638474042
5,2,60-64,50-54,0.060575344461096206,0.029657096288060816,0.09716347795237348
5,2,60-64,55-59,0.05964679313053877,0.02750953015998197,0.1012044223674539
5,2,60-64,60-64,0.0628908232690431,0.030496062748255743,0.1001691458998872
5,2,60-64,65-69,0.04159137935313482,0.012240896655002895,0.08317662502815808
5,2,60-64,70-74,0.024054794088989136,0.004163306452005286,0.051484091394203575
5,2,60-64,75+,0.033946259698220536,0.007993220048817688,0.07283177011125865
5,2,65-69,0-4,0.041866985003608956,0.006750842136856839,0.10399018141494656
5,2,65-69,5-9,0.06023029233684467,0.021817181221907414,0.11663670970269108
5,2,65-69,10-14,0.026038971066377477,0.0063357415809449725,0.054045249824603084
5,2,65-69,15-19,0.040791073055971204,0.00792087435255559,0.0894499479578672
5,2,65-69,20-24,0.03232193385072704,0.004309423813834897,0.08007575365855141
5,2,65-69,25-29,0.035545356310688135,0.00916025583967075,0.07390560055698582
5,2,65-69,30-34,0.0773579864393226,0.02736018871748197,0.14346378494045328
5,2,65-69,35-39,0.05541133612359497,0.016209116776976024,0.10905241386841759
5,2,65-69,40-44,0.06124375800269774,0.017470371484990255,0.13473909109564575
5,2,65-69,45-49,0.0353180366538062,0.008492215338453278,0.0803437820965089
5,2,65-69,50-54,0.03349202746545503,0.010574935303933886,0.06269635333778172
5,2,65-69,55-59,0.028606335194031187,0.00495049505067258,0.06066952878051834
5,2,65-69,60-64,0.04155475880265766,0.013060616834902833,0.08080104405520178
5,2,65-69,65-69,0.09856557014602167,0.029970642532758714,0.20373966136393512
5,2,65-69,70-74,0.0535092156585511,0.017052527753142026,0.10903896610457918
5,2,65-69,75+,0.08158688089715234,0.0254412794938093,0.15453752265873835
5,2,70-74,0-4,0.0517429036939582,0.011603610098597042,0.1117229863495191
5,2,70-74,5-9,0.03388367097515626,0.008081646887513267,0.06872486482469603
5,2,70-74,10-14,0.021190678546814685,0.0035911437264284037,0.04689973645914591
5,2,70-74,15-19,0.030457608186294477,0.004346303669565096,0.07300701738534514
5,2,70-74,20-24,0.08139229344691915,0.005257841573669387,0.2750550516711405
5,2,70-74,25-29,0.024309404002325632,0.00431034482767912,0.05046585075982085
5,2,70-74,30-34,0.04789626528141496,0.01359922782348844,0.09352600672530126
5,2,70-74,35-39,0.04267351863410542,0.013015527171082194,0.08608447771293627
5,2,70-74,40-44,0.05703844960453685,0.01701122074534203,0.12727931441558532
5,2,70-74,45-49,0.029990955310371492,0.008062477226108023,0.06135128134581328
5,2,70-74,50-54,0.029305329178474764,0.00787116569086594,0.057037800878146194
5,2,70-74,55-59,0.04256714268266881,0.01323193440968976,0.08450935553206179
5,2,70-74,60-64,0.029352451048804157,0.005387085909264769,0.060180398220576664
5,2,70-74,65-69,0.04992263267541442,0.016512921153437183,0.10320503336115715
5,2,70-74,70-74,0.05407033959035685,0.018366382015884423,0.1050187204709418
5,2,70-74,75+,0.09354617831073735,0.03672840257352189,0.17588627996142617
5,2,75+,0-4,0.018857513658764598,0.002941460486922374,0.04509349161424867
5,2,75+,5-9,0.018923780669690738,0.005379275736395309,0.03741508781812598
5,2,75+,10-14,0.014331226865744834,0.003030672311683863,0.03182690013332258
5,2,75+,15-19,0.03070623266381532,0.006867386584680877,0.06431157821072958
5,2,75+,20-24,0.03806481876507026,0.00822903721141632,0.0936371287911188
5,2,75+,25-29,0.01956981082382916,0.0040973331903396415,0.040819819379312915
5,2,75+,30-34,0.03584247153069576,0.012383558229534998,0.06820946789061959
5,2,75+,35-39,0.024954230599616385,0.006270608887667063,0.05141280159432342
5,2,75+,40-44,0.023911495636389644,0.0049687011100872204,0.051309617126564726
5,2,75+,45-49,0.028925416413025103,0.01001268250066955,0.05563235405203283
5,2,75+,50-54,0.027428706200014853,0.00971539756617886,0.051854676747838814
5,2,75+,55-59,0.03506576411118436,0.011665153646319803,0.06569844819834157
5,2,75+,60-64,0.027209640629620363,0.008629722509750394,0.051071683499332554
5,2,75+,65-69,0.04751727387121478,0.01648498947972838,0.0908666696147089
5,2,75+,70-74,0.04255444530297377,0.01698057172164753,0.07720541629423107
5,2,75+,75+,0.1363548151645542,0.07292179088136097,0.22122460776584418
5,3,0-4,0-4,0.34753825972897334,0.18949668645235704,0.5409871333508165
5,3,0-4,5-9,0.13469516004816162,0.050428337383700964,0.24479405084238967
5,3,0-4,10-14,0.05416265536655554,0.018785863550569118,0.10214019777195414
5,3,0-4,15-19,0.06294843038238784,0.021766980434545547,0.1120050055369601
5,3,0-4,20-24,0.04675118358545996,0.006708088625647188,0.11136102005045016
5,3,0-4,25-29,0.05975731496412709,0.012442902779630711,0.12880479505216752
5,3,0-4,30-34,0.11986461382488026,0.043393201334823175,0.21987936381068549
5,3,0-4,35-39,0.06921242509878632,0.017584778789432553,0.13859646854675892
5,3,0-4,40-44,0.061258350996009465,0.012812500011150323,0.13648216179666586
5,3,0-4,45-49,0.0591101696783089,0.016174347564898096,0.12324133053798121
5,3,0-4,50-54,0.060934636534303616,0.015647728749958977,0.13508867028563237
5,3,0-4,55-59,0.03817778168744993,0.005346763690039564,0.10519614050563035
5,3,0-4,60-64,0.05608568459319456,0.006236077194489624,0.1456081620996982
5,3,0-4,65-69,0.03346182505829061,0,0.10104792376834676
5,3,0-4,70-74,0.02848131682098724,0,0.08530492711134308
5,3,0-4,75+,0.027789646524581456,0,0.09435718953149295
5,3,5-9,0-4,0.16228266783881057,0.08152745952455424,0.2558218448889262
5,3,5-9,5-9,0.9528267724404214,0.6863194533827929,1.2277922586235452
5,3,5-9,10-14,0.21901866785326407,0.13714909226559108,0.31778420955779907
5,3,5-9,15-19,0.07179942846845565,0.03329499948740928,0.11781308452517567
5,3,5-9,20-24,0.05861505441248734,0.017924891859890508,0.11639978882150509
5,3,5-9,25-29,0.0776314068023229,0.033262179114647475,0.12781536875563695
5,3,5-9,30-34,0.10159099984364389,0.04913122654017051,0.17486808720719305
5,3,5-9,35-39,0.06906299230716216,0.03230736195674623,0.1169597052937855
5,3,5-9,40-44,0.07140920235029202,0.023652391616851096,0.14417777732403786
5,3,5-9,45-49,0.030283748329890205,0.007871778262970888,0.06137275526984551
5,3,5-9,50-54,0.03344658794791356,0.008160900111676472,0.06922057528657233
5,3,5-9,55-59,0.020028547000657763,0.003785774410930413,0.050843838584375606
5,3,5-9,60-64,0.03321033127300892,0.004236963555888688,0.09228850227759092
5,3,5-9,65-69,0.04965189840661688,0.008791050081942963,0.11869369955979307
5,3,5-9,70-74,0.02238331358101233,0,0.06227847670132507
5,3,5-9,75+,0.03004581575272542,0.00434782608732896,0.07245588538702509
5,3,10-14,0-4,0.053281718294742986,0.021957355782048136,0.09576664580501493
5,3,10-14,5-9,0.18539164718044077,0.1114314353059583,0.2758388906871175
5,3,10-14,10-14,1.030077425610012,0.7208893095486311,1.3888697798706502
5,3,10-14,15-19,0.13060413731289297,0.07326945404824,0.19302632426821204
5,3,10-14,20-24,0.048633914695136914,0.015003383374909475,0.09763395773841167
5,3,10-14,25-29,0.06266310059139212,0.021778961140708684,0.11983942161148776
5,3,10-14,30-34,0.09202802361329175,0.03817881421483603,0.16434964693305393
5,3,10-14,35-39,0.07116664390978769,0.03068438706876637,0.12861199377814947
5,3,10-14,40-44,0.08552179373858003,0.03294871483440547,0.1594376289544298
5,3,10-14,45-49,0.07099363066938424,0.030912441090913276,0.13264472436100613
5,3,10-14,50-54,0.0438665426616139,0.014706201814980297,0.08614426899017717
5,3,10-14,55-59,0.02301432357958089,0.0038454198481437194,0.05208747720076138
5,3,10-14,60-64,0.029567741821627653,0.00423665764421598,0.07022883232753352
5,3,10-14,65-69,0.027678082923768735,0.004399718874304374,0.06259452105090155
5,3,10-14,70-74,0.02076142705411931,0.003240216999885271,0.04869028611383431
5,3,10-14,75+,0.032146925777758614,0.007090949955084953,0.07135412901122642
5,3,15-19,0-4,0.0575850371191657,0.020005218402684797,0.10381371128445094
5,3,15-19,5-9,0.07741465315352956,0.034766799049301134,0.12890974593572568
5,3,15-19,10-14,0.13593547217214746,0.07991035482146316,0.20671767693513862
5,3,15-19,15-19,0.6550612146966567,0.41919593375645303,0.9263193900016166
5,3,15-19,20-24,0.07467232310353122,0.02788858066725933,0.13259603851610752
5,3,15-19,25-29,0.05909629652447789,0.023156935210913124,0.10237983730980654
5,3,15-19,30-34,0.07450607358065918,0.031531175074818396,0.1289092304298338
5,3,15-19,35-39,0.050790099698116535,0.01842066557802229,0.09154528506505807
5,3,15-19,40-44,0.04347418616552906,0.015696460977698248,0.08218723319043077
5,3,15-19,45-49,0.06117897985695772,0.02353384332921235,0.10720053849571964
5,3,15-19,50-54,0.05327388666559074,0.01822135671412347,0.1051686579522027
5,3,15-19,55-59,0.03328683399998738,0.00879063313467121,0.07587637599648167
5,3,15-19,60-64,0.028922783597035043,0.004363806603234894,0.06655175446321272
5,3,15-19,65-69,0.05315768657578482,0.004463092174242157,0.15176281787560256
5,3,15-19,70-74,0.035796322410855085,0,0.0982888610632333
5,3,15-19,75+,0.06526844405495975,0.007753057065972874,0.16056671370079223
5,3,20-24,0-4,0.06409756090997813,0.014486500737933613,0.13618154142348166
5,3,20-24,5-9,0.1105396615868636,0.033752755919529906,0.23141798148638526
5,3,20-24,10-14,0.05876655138066345,0.012564173474840738,0.12800241530867926
5,3,20-24,15-19,0.14965864430582662,0.06636320082371551,0.2613875657853368
5,3,20-24,20-24,0.285420158086024,0.15431228136524458,0.43931434955034504
5,3,20-24,25-29,0.18796262886011897,0.09937299257764018,0.2942215379844987
5,3,20-24,30-34,0.12744881536393293,0.06635856728078987,0.21162732920285934
5,3,20-24,35-39,0.09394265434735263,0.043166646408615575,0.1633592661526979
5,3,20-24,40-44,0.11525674183323635,0.05180042745476688,0.19399847924998892
5,3,20-24,45-49,0.0742471866240637,0.031567081333786745,0.12813648423023527
5,3,20-24,50-54,0.0649061169803275,0.027142643452473154,0.11875958561662328
5,3,20-24,55-59,0.038047859290182326,0.011902899736515107,0.07304286790398827
5,3,20-24,60-64,0.04833352631818522,0.014881012325675194,0.08910811703918473
5,3,20-24,65-69,0.024760244063573886,0,0.0624124159172075
5,3,20-24,70-74,0.049252076857530386,0,0.17190043748931363
5,3,20-24,75+,0.07410373815961226,0.01110805297922924,0.17568466057003015
5,3,25-29,0-4,0.05100467822993422,0.01350734922507348,0.09834412783583528
5,3,25-29,5-9,0.04924615539866781,0.019155810405053698,0.08719659647315531
5,3,25-29,10-14,0.02664399385461738,0.005358262988562446,0.05094291486794399
5,3,25-29,15-19,0.05162015570803231,0.020793255652176018,0.09042999968723453
5,3,25-29,20-24,0.13738114064014192,0.07765846351870155,0.21104792125008087
5,3,25-29,25-29,0.18197032179642403,0.11018683607045462,0.26404454052412446
5,3,25-29,30-34,0.1972974363696992,0.12754175215923105,0.2780336573651358
5,3,25-29,35-39,0.10334666228274596,0.05933981181812242,0.15400750661900003
5,3,25-29,40-44,0.08275077534512872,0.041953623441974564,0.1262079490194514
5,3,25-29,45-49,0.07017663950564665,0.03191920332727365,0.1163144564606494
5,3,25-29,50-54,0.059430302806171335,0.027134158706370284,0.09782334271488996
5,3,25-29,55-59,0.05629305463001813,0.02251005313654564,0.09506665764439991
5,3,25-29,60-64,0.05133714516032874,0.02045681328590425,0.09099804963833075
5,3,25-29,65-69,0.03995504994364701,0.008768148822846778,0.09347580718000134
5,3,25-29,70-74,0.01824608751603012,0,0.05020246952436248
5,3,25-29,75+,0.036720918478606666,0.00458611342785655,0.09619006259831894
5,3,30-34,0-4,0.08977431419606853,0.03291293439994715,0.1663011677935043
5,3,30-34,5-9,0.071495372839983945,0.02472037334016286,0.15063155781594562
5,3,30-34,10-14,0.04242942594442251,0.013596091417637277,0.0848973401547054
5,3,30-34,15-19,0.07214180919371613,0.029573631601491276,0.13289168382111072
5,3,30-34,20-24,0.11092578045326126,0.06018665892547625,0.17183917544264593
5,3,30-34,25-29,0.19553685034689322,0.12073511558604999,0.2810830526382488
5,3,30-34,30-34,0.23300530274364029,0.15432576374476323,0.3233430063409357
5,3,30-34,35-39,0.15827545420969108,0.09677775904522785,0.22969592254390164
5,3,30-34,40-44,0.13576715211081186,0.08123174544027596,0.20065867835626025
5,3,30-34,45-49,0.07974105909137219,0.04104817228416927,0.12371606714483938
5,3,30-34,50-54,0.09027506346445066,0.04962872691667915,0.1372079410241775
5,3,30-34,55-59,0.06896990788361841,0.032492844587962484,0.11466757592787735
5,3,30-34,60-64,0.0783382209675139,0.03603015892292254,0.13851857025265624
5,3,30-34,65-69,0.06379049127142754,0.020358131861796913,0.12580668621079055
5,3,30-34,70-74,0.037501620918680756,0.008399548153370087,0.07775540726323292
5,3,30-34,75+,0.0567837177306561,0.013116534719619133,0.12150375303675189
5,3,35-39,0-4,0.07258296466497832,0.02878817741153427,0.133930025922038
5,3,35-39,5-9,0.0664249237803692,0.03247186507986597,0.10824753354120509
5,3,35-39,10-14,0.06575128050640208,0.028756535830684896,0.11937778440980028
5,3,35-39,15-19,0.05410805268069017,0.02324941686806518,0.0917212676204487
5,3,35-39,20-24,0.060797320105118915,0.02823283428874514,0.10182142869682077
5,3,35-39,25-29,0.10678999395696372,0.06018137780443641,0.16033952390717954
5,3,35-39,30-34,0.1383875970294217,0.08441501110796497,0.1979909525208747
5,3,35-39,35-39,0.13335369428538538,0.08539724104227381,0.19203423093687463
5,3,35-39,40-44,0.10711772995563146,0.06555480352193382,0.15720374528185155
5,3,35-39,45-49,0.07634625160953536,0.04077747097936539,0.11813198806400395
5,3,35-39,50-54,0.069299803554773165,0.03709251774272558,0.1067686195579373
5,3,35-39,55-59,0.05037667265572611,0.0200433213016692,0.09011200020298663
5,3,35-39,60-64,0.06489828537138734,0.027895347976047823,0.11605146331873567
5,3,35-39,65-69,0.06096880632609362,0.017856181295861803,0.12904349439103693
5,3,35-39,70-74,0.037578455229633385,0.007705220351517525,0.0871412638886807
5,3,35-39,75+,0.05389530145092743,0.013367287098184055,0.12353657452399176
5,3,40-44,0-4,0.07509572606811854,0.027750360334509165,0.1384239119978192
5,3,40-44,5-9,0.04782068701821412,0.017700810152476012,0.08831406581223536
5,3,40-44,10-14,0.058012268195293974,0.019542530320666142,0.11628424851204798
5,3,40-44,15-19,0.05010698844374679,0.01928653646321816,0.09561656607538072
5,3,40-44,20-24,0.06662214737981634,0.030613583374693377,0.11238199071444738
5,3,40-44,25-29,0.08197834427052789,0.04197390622758454,0.132932777016465
5,3,40-44,30-34,0.12228556726395104,0.07431708579054387,0.18061382096501616
5,3,40-44,35-39,0.11133053098682526,0.06596611584926632,0.1649587632609505
5,3,40-44,40-44,0.16993295492425153,0.10939996663482399,0.2441180923618741
5,3,40-44,45-49,0.10144758515145498,0.05900949554529565,0.15159361142929045
5,3,40-44,50-54,0.08625079681679708,0.04845596523963978,0.1292897678413304
5,3,40-44,55-59,0.07588442808986914,0.04003684354243299,0.12115103726438353
5,3,40-44,60-64,0.07310733790456836,0.03628083160235418,0.12408769709774592
5,3,40-44,65-69,0.04650698381993556,0.012645446832961038,0.10031651016272218
5,3,40-44,70-74,0.028327018595113267,0.006195071739762703,0.06872392596640846
5,3,40-44,75+,0.029926058463378067,0.003905492976237197,0.07043663960039477
5,3,45-49,0-4,0.06278387821496349,0.0190856211824399,0.1256210507568947
5,3,45-49,5-9,0.04268444670986583,0.013871217107775296,0.08253214876784135
5,3,45-49,10-14,0.08304336465965512,0.028794314938135206,0.15711553663171138
5,3,45-49,15-19,0.07229508462910249,0.027204396311823798,0.1274790268021352
5,3,45-49,20-24,0.0691947547248975,0.03180322781136048,0.11476351409697318
5,3,45-49,25-29,0.07307462291532936,0.035980067270022766,0.1148669862234802
5,3,45-49,30-34,0.0912768770003849,0.05133198047055009,0.1416067390687718
5,3,45-49,35-39,0.09595279485884142,0.05417195725696338,0.14723766052874335
5,3,45-49,40-44,0.12284372830974781,0.07133845469281999,0.18604067125772877
5,3,45-49,45-49,0.11534159456003132,0.06759870160868128,0.1709246613918719
5,3,45-49,50-54,0.1174242599742735,0.07233725288644466,0.17571334771093036
5,3,45-49,55-59,0.08261041158721513,0.045246755393242154,0.1262932104701979
5,3,45-49,60-64,0.06857168382870144,0.031096672101585916,0.11786660953167301
5,3,45-49,65-69,0.05631212664015678,0.019112717242955834,0.12247434857687269
5,3,45-49,70-74,0.03553673930109709,0.009879772692672224,0.07231612975283515
5,3,45-49,75+,0.06565820474968027,0.023524985303943566,0.1224116195295726
5,3,50-54,0-4,0.06563864325737508,0.020570559244844137,0.1318051847045681
5,3,50-54,5-9,0.01952816233113629,0.0031445405794741635,0.04677742637013759
5,3,50-54,10-14,0.0263353711201493,0.0066156626038763825,0.055154175652737676
5,3,50-54,15-19,0.06792745747846891,0.017793535199958358,0.17613267622688603
5,3,50-54,20-24,0.048801607969880416,0.020911995299751365,0.08186898031544905
5,3,50-54,25-29,0.061341977426850075,0.03175633228403617,0.09944508500574084
5,3,50-54,30-34,0.0866697241092184,0.05141633631075413,0.12819640708659436
5,3,50-54,35-39,0.06963848699037876,0.036753802875449264,0.10693261261195147
5,3,50-54,40-44,0.09747821807066424,0.06085933041507323,0.14168269577695372
5,3,50-54,45-49,0.08659956803868799,0.050085754199482815,0.13068162397764804
5,3,50-54,50-54,0.09906449344722765,0.060627010486634866,0.1414627972797059
5,3,50-54,55-59,0.07285351042272975,0.0378979998572691,0.11336031203020003
5,3,50-54,60-64,0.07953889160296251,0.04049898363667595,0.130792501444935
5,3,50-54,65-69,0.027189297855418015,0.007036494917405047,0.054477072934345616
5,3,50-54,70-74,0.027238659789841406,0.007514650767988566,0.05280855830813778
5,3,50-54,75+,0.05371060792046951,0.020968786574353138,0.09581199237953485
5,3,55-59,0-4,0.03371233847593243,0.0042363979493448825,0.10682205467779457
5,3,55-59,5-9,0.014086800198593232,0,0.04728797559437119
5,3,55-59,10-14,0.01865243444538552,0.0029233300565682536,0.05206837187317019
5,3,55-59,15-19,0.02969284605295114,0.004131384636336643,0.07531558997118731
5,3,55-59,20-24,0.027399513789182824,0.007985789996666966,0.052450824879161105
5,3,55-59,25-29,0.04036014454423431,0.014615881923058132,0.07112664432300492
5,3,55-59,30-34,0.059939122544256374,0.029397565305934795,0.09668498237590778
5,3,55-59,35-39,0.049218510595811206,0.024186777426872738,0.08164831352955083
5,3,55-59,40-44,0.0738104416634774,0.04033089098407104,0.11299061271603808
5,3,55-59,45-49,0.06184514137243826,0.0330523533814524,0.09921311344066472
5,3,55-59,50-54,0.06331775360165072,0.03184335533268716,0.10028718439104495
5,3,55-59,55-59,0.07474478593509315,0.03898417661982504,0.11744139300923222
5,3,55-59,60-64,0.08234998135023486,0.040786932889431665,0.13598657664028563
5,3,55-59,65-69,0.02866552049150135,0.007602567777046853,0.05895112486529428
5,3,55-59,70-74,0.021742798736872376,0.0039667038690842414,0.04818787961119945
5,3,55-59,75+,0.05635092478645426,0.020152569538631666,0.10555763179203008
5,3,60-64,0-4,0.061739835623916016,0.014113633250652543,0.13972307194873798
5,3,60-64,5-9,0.039569012357417326,0.0031469691894076674,0.10609799050568984
5,3,60-64,10-14,0.035738411140747335,0.00654206162403647,0.0797799526826986
5,3,60-64,15-19,0.035261760143851906,0.006475911828973111,0.0800846933050489
5,3,60-64,20-24,0.03529218907535558,0.01259479402091256,0.06907133038434128
5,3,60-64,25-29,0.04146115371571498,0.014018691613135048,0.07197386340117831
5,3,60-64,30-34,0.06516418500873553,0.03191160289268136,0.10431158678873212
5,3,60-64,35-39,0.05346287332943737,0.023043549941624556,0.0887308677043485
5,3,60-64,40-44,0.06769906339661738,0.03137431155165066,0.10788564500362968
5,3,60-64,45-49,0.04986944304284167,0.021953644185162637,0.08189827646930775
5,3,60-64,50-54,0.07146440111587386,0.038419218945129056,0.11107832752553225
5,3,60-64,55-59,0.08004242568266201,0.04064125622117367,0.12640614088229085
5,3,60-64,60-64,0.08140951172960281,0.03943003761908968,0.13324834872993985
5,3,60-64,65-69,0.0535744777680621,0.018177535127678827,0.10039620413098578
5,3,60-64,70-74,0.029897927336302088,0.008181677278612366,0.06131126969301595
5,3,60-64,75+,0.06003118193419612,0.01949240628636242,0.1091405336328287
5,3,65-69,0-4,0.043550244842334704,0.0065231112977291415,0.10876133538756189
5,3,65-69,5-9,0.05586708060449668,0.015438900522782224,0.1125836864358646
5,3,65-69,10-14,0.028780622772135195,0.00792214851358508,0.05993832151041761
5,3,65-69,15-19,0.0402770520368882,0.0044259779385535675,0.11429539315370685
5,3,65-69,20-24,0.023515330275882453,0.0038385826773116123,0.05585601694073372
5,3,65-69,25-29,0.0401521087027995,0.009302337287145588,0.09211906759702569
5,3,65-69,30-34,0.07764787358972038,0.027869409114849256,0.14166912039882895
5,3,65-69,35-39,0.08818474141159145,0.030844822972072798,0.18159578530077541
5,3,65-69,40-44,0.07888594492218304,0.026279042752622675,0.16016294589693045
5,3,65-69,45-49,0.05656055105007436,0.019247026484608534,0.11684548437487846
5,3,65-69,50-54,0.03881597285490509,0.01217141846603872,0.07183834637251847
5,3,65-69,55-59,0.03575215855223534,0.009172670742750662,0.07324139972455279
5,3,65-69,60-64,0.05525615560050566,0.019585364696867353,0.10200976396374024
5,3,65-69,65-69,0.12111246372554321,0.0419249928046487,0.2325314770916047
5,3,65-69,70-74,0.07370992760162179,0.02774706551479148,0.14601196375871545
5,3,65-69,75+,0.13409425401642652,0.0564680842206794,0.24371709719528545
5,3,70-74,0-4,0.04692098594802677,0.007602661647703422,0.10916804268364824
5,3,70-74,5-9,0.02444089197225988,0.004030726047916802,0.05517731838895301
5,3,70-74,10-14,0.029387363075186947,0.004641713922501851,0.062097205454547236
5,3,70-74,15-19,0.028643669514768197,0.00400000000002216,0.07606816488844088
5,3,70-74,20-24,0.026710237154908795,0,0.13593681056799606
5,3,70-74,25-29,0.020344876692586708,0.003814657628698621,0.047624415507556556
5,3,70-74,30-34,0.0495218409909269,0.013164768849952128,0.09962810619421934
5,3,70-74,35-39,0.04866147219375327,0.012975827008040848,0.1104277122157832
5,3,70-74,40-44,0.07400638026525731,0.021863186452619553,0.16122921763580764
5,3,70-74,45-49,0.03999224353658686,0.011574581124398776,0.07862280625613316
5,3,70-74,50-54,0.037393542644531756,0.011791473502367304,0.07486635306938164
5,3,70-74,55-59,0.044880534298513644,0.010403439608729416,0.09449301395862204
5,3,70-74,60-64,0.03947843933107567,0.01309378529279361,0.07456854015983197
5,3,70-74,65-69,0.0621066112642197,0.021084794838977627,0.12414954611013036
5,3,70-74,70-74,0.06467506099334669,0.02695003937993341,0.11244394694984597
5,3,70-74,75+,0.134536745896887,0.06310735567100217,0.22590214730767777
5,3,75+,0-4,0.014862623353765213,0,0.03649224732502144
5,3,75+,5-9,0.014424277927550832,0.002315266419092747,0.03361508184902852
5,3,75+,10-14,0.018586412780631507,0.004491856738486203,0.03881717618607313
5,3,75+,15-19,0.02104362944826312,0.003536649023258045,0.05326842639180211
5,3,75+,20-24,0.028078134334743828,0.004557662668343078,0.07047402537941429
5,3,75+,25-29,0.015903276600562004,0.002144390798178097,0.03895632915586339
5,3,75+,30-34,0.03355816934135978,0.009200267407552068,0.064272717924807
5,3,75+,35-39,0.034953830263640344,0.009625102716556047,0.07048121159903856
5,3,75+,40-44,0.033640356593899676,0.008753144896743682,0.0680762311536496
5,3,75+,45-49,0.03749771362653009,0.014504032954636916,0.0669803372929173
5,3,75+,50-54,0.03381864844302186,0.012792094953996849,0.06320531179282876
5,3,75+,55-59,0.031725716729886326,0.011083817326117351,0.06064133234195706
5,3,75+,60-64,0.03543931447731532,0.012645387739623655,0.06593957340668433
5,3,75+,65-69,0.06094070807550921,0.02520193200519015,0.103504252481243
5,3,75+,70-74,0.058209081821705984,0.02671154458801876,0.09757422726755478
5,3,75+,75+,0.22568036179101383,0.13766696211177623,0.3207661289642871
5,4,0-4,0-4,0.43084508203665817,0.22292404964564508,0.6835056900264683
5,4,0-4,5-9,0.1619073071717592,0.06816914633256556,0.2828858113701646
5,4,0-4,10-14,0.05763174278082017,0.017567997509262672,0.11183794966695695
5,4,0-4,15-19,0.0762842844366563,0.02642307096891034,0.13918020018819835
5,4,0-4,20-24,0.04787453573529505,0.00707524002948452,0.11344097635584562
5,4,0-4,25-29,0.06370865502349714,0.0157371508969162,0.1332306628717456
5,4,0-4,30-34,0.11916921808782124,0.046661485754180734,0.23404815966171508
5,4,0-4,35-39,0.06438414194123321,0.01900011121855756,0.1344366126674399
5,4,0-4,40-44,0.05814126876575882,0.012173634472283718,0.12494614898680828
5,4,0-4,45-49,0.08127638714585468,0.02316961237921168,0.1684730540014094
5,4,0-4,50-54,0.047774335607293515,0.008431660038147238,0.10121586654206319
5,4,0-4,55-59,0.05442315892767388,0.006426698622058135,0.14150392789282065
5,4,0-4,60-64,0.05665784097612149,0.00922309028160991,0.14074167990587136
5,4,0-4,65-69,0.03895615697669561,0,0.12745966076668405
5,4,0-4,70-74,0.049035021747527836,0.004484624996145182,0.12898318102670678
5,4,0-4,75+,0.03334250462010554,0,0.10318682722887218
5,4,5-9,0-4,0.18337674585838667,0.09269463555995654,0.29084187688288704
5,4,5-9,5-9,1.179015235791219,0.8771400723347744,1.5340957865869194
5,4,5-9,10-14,0.22074634199679521,0.13798741015583235,0.3254370594830477
5,4,5-9,15-19,0.08659023310460537,0.04412922910833403,0.1382792139754582
5,4,5-9,20-24,0.07689052390334129,0.02306602989188376,0.16000097558628718
5,4,5-9,25-29,0.06392384722073007,0.029214505359010674,0.10789598122847484
5,4,5-9,30-34,0.08406467922904297,0.03718113114322807,0.15337389006853258
5,4,5-9,35-39,0.07134897518151906,0.03580754374994524,0.11172281578496242
5,4,5-9,40-44,0.10034850089753856,0.038867470418988234,0.19390976702922183
5,4,5-9,45-49,0.04208568836937109,0.014145737832045386,0.08266310720851948
5,4,5-9,50-54,0.033250871915079756,0.004360922880086817,0.09075140782763857
5,4,5-9,55-59,0.019944607346662063,0,0.06061117263403217
5,4,5-9,60-64,0.03333949067299661,0.00413130944797564,0.09371627390800213
5,4,5-9,65-69,0.06264070276279006,0.01249893447434076,0.14288024741981298
5,4,5-9,70-74,0.028289388023959517,0.003959801477925202,0.07426595898297951
5,4,5-9,75+,0.03809686283040981,0.004346889055837714,0.0902800870926887
5,4,10-14,0-4,0.06120399892725948,0.024536865186307526,0.10545104283260683
5,4,10-14,5-9,0.1867053067145879,0.11401292141144823,0.2740096569326592
5,4,10-14,10-14,1.2086351354947835,0.8386690984207557,1.643192288223291
5,4,10-14,15-19,0.1315925682424072,0.07828786760373835,0.19694960515717097
5,4,10-14,20-24,0.05366895404716593,0.016691816350067484,0.10794139157110395
5,4,10-14,25-29,0.039099370546229015,0.012404211819590899,0.07347938661742125
5,4,10-14,30-34,0.07982649329594194,0.03326160797386409,0.14457018600934946
5,4,10-14,35-39,0.08337850956595406,0.039512150588835365,0.13591133842001746
5,4,10-14,40-44,0.12699859029759705,0.05129529796575917,0.251660181931393
5,4,10-14,45-49,0.09224424126029752,0.036180331648335555,0.17033819563885402
5,4,10-14,50-54,0.05968828247496386,0.023016520101525922,0.10547319067876197
5,4,10-14,55-59,0.03726485698057805,0.00787087173948102,0.08637588427156849
5,4,10-14,60-64,0.03294862094122238,0.0076799886074205405,0.08050891899871956
5,4,10-14,65-69,0.029287442381762417,0.004751888948438705,0.06380750537954678
5,4,10-14,70-74,0.028529171935489827,0.00431034482767912,0.06284959763700142
5,4,10-14,75+,0.04352591111055852,0.008768148822846778,0.09504761263499811
5,4,15-19,0-4,0.06675587723239845,0.028089439831646388,0.11903363272260196
5,4,15-19,5-9,0.09172404016394681,0.04709919171783863,0.1458042780804888
5,4,15-19,10-14,0.13897073811863006,0.07603157688748752,0.21334097447602324
5,4,15-19,15-19,0.755635294665769,0.4887223230339371,1.1043646418118414
5,4,15-19,20-24,0.10886512371149647,0.04473131541203028,0.2024445003415494
5,4,15-19,25-29,0.045196416351231,0.01628308025283404,0.07883082249263566
5,4,15-19,30-34,0.07500326175775127,0.034342370361804174,0.1267860041825955
5,4,15-19,35-39,0.04968153415957907,0.020756351956195455,0.08655594398919342
5,4,15-19,40-44,0.0692683277528457,0.027884662621588927,0.12210159044211032
5,4,15-19,45-49,0.07286007499129545,0.030159413667002036,0.12871198454089586
5,4,15-19,50-54,0.06026440629476573,0.01887161971114008,0.1427207372106166
5,4,15-19,55-59,0.051917369594647635,0.009764174294638567,0.12385600607644796
5,4,15-19,60-64,0.028712641942245307,0.004269625564402845,0.06917038071214791
5,4,15-19,65-69,0.06271058479795055,0.005810650109497638,0.18133001882175095
5,4,15-19,70-74,0.04572275270034962,0.006597875839433002,0.11475542241777192
5,4,15-19,75+,0.09809589672313491,0.011105072470481037,0.2557438641870923
5,4,20-24,0-4,0.043329383392817264,0.006849312848310492,0.10032551659323408
5,4,20-24,5-9,0.08368097316978715,0.025790494534517584,0.17456959506268255
5,4,20-24,10-14,0.0589783195943097,0.015700216018927442,0.1229360105396163
5,4,20-24,15-19,0.14444902132044513,0.06301924489107763,0.25824058488519136
5,4,20-24,20-24,0.2803386626416126,0.15427560312621222,0.4237261020327838
5,4,20-24,25-29,0.18915369725636394,0.10937835772337606,0.2960480481500382
5,4,20-24,30-34,0.1327283237380893,0.067396095644601,0.2143747634379913
5,4,20-24,35-39,0.09128352767332519,0.041828124967599155,0.15156314476035265
5,4,20-24,40-44,0.11553348067923822,0.05785453903474298,0.19322299295530254
5,4,20-24,45-49,0.07598155335669235,0.03313621529980376,0.13326890107124753
5,4,20-24,50-54,0.074562362661214715,0.03372544110598299,0.12755823331060426
5,4,20-24,55-59,0.04427988961319829,0.014915736570787,0.08072441208045077
5,4,20-24,60-64,0.04478940338290184,0.01480597658031768,0.08485946480641467
5,4,20-24,65-69,0.03670020600652202,0.006169120931475815,0.08334308047867892
5,4,20-24,70-74,0.09044051719935434,0.010780554842332209,0.2576915232671259
5,4,20-24,75+,0.10183993381204888,0.02498711087013195,0.22803199312630112
5,4,25-29,0-4,0.05382624945651615,0.014747795850838432,0.10679199499932561
5,4,25-29,5-9,0.050919484999560644,0.020825623134534173,0.09066811719445357
5,4,25-29,10-14,0.03119279995738869,0.008801149562826358,0.06108985079500186
5,4,25-29,15-19,0.0473770069261703,0.016651799104853853,0.08471019149377003
5,4,25-29,20-24,0.155735307116289,0.09082870480677066,0.24026533629131147
5,4,25-29,25-29,0.2033671177166567,0.12492848097770838,0.29391018483120446
5,4,25-29,30-34,0.19040531930949747,0.121036102589533,0.26841361519641843
5,4,25-29,35-39,0.11691363380636913,0.06723325939657204,0.17768338247339163
5,4,25-29,40-44,0.0856162601633261,0.045265291673109984,0.13398386758662997
5,4,25-29,45-49,0.08414372543148242,0.044376108980460634,0.13351614329908518
5,4,25-29,50-54,0.0708293439897603,0.034781808802369855,0.1116726037635103
5,4,25-29,55-59,0.062053465752157526,0.027175901558813192,0.10618481441905046
5,4,25-29,60-64,0.047173171561139406,0.017226383532210402,0.08515191713853029
5,4,25-29,65-69,0.04207312132900797,0.009223773169744525,0.09512250737896565
5,4,25-29,70-74,0.025100487911593583,0.00400000000002216,0.06267129378325507
5,4,25-29,75+,0.03403918330888318,0,0.08045335903019687
5,4,30-34,0-4,0.10339442829645853,0.03675625414373074,0.19300575480919355
5,4,30-34,5-9,0.08515405114295514,0.031930233950123094,0.16795675360347065
5,4,30-34,10-14,0.0566989283818299,0.020141270689932565,0.11410882430413964
5,4,30-34,15-19,0.062195395038649556,0.02655951755954391,0.11168347795786326
5,4,30-34,20-24,0.10588760323934643,0.056257422607829684,0.16288777994218434
5,4,30-34,25-29,0.20505871249119376,0.12841300006954137,0.29927752454374024
5,4,30-34,30-34,0.27461969592701096,0.1859890392987752,0.3863214899368902
5,4,30-34,35-39,0.16817809687865035,0.1084757782285403,0.23650222542380894
5,4,30-34,40-44,0.14559843735491643,0.08800492685586668,0.21270140358198017
5,4,30-34,45-49,0.08294837821023823,0.04586942100678639,0.13009370716274873
5,4,30-34,50-54,0.106668534554889,0.06079219828043179,0.1550071258964623
5,4,30-34,55-59,0.08458950579933643,0.042580713162683345,0.12955514315515393
5,4,30-34,60-64,0.08476887883695376,0.04225317603399658,0.13665500451213874
5,4,30-34,65-69,0.06798993078425546,0.022433556187601858,0.12924625921618388
5,4,30-34,70-74,0.045738410968842576,0.012095528515381107,0.09200214069895378
5,4,30-34,75+,0.06815209942085475,0.01798518722828543,0.13673258688884266
5,4,35-39,0-4,0.06483305126983285,0.023558654164485833,0.11789603174986397
5,4,35-39,5-9,0.07785582677664953,0.03847773519677734,0.12447709138830058
5,4,35-39,10-14,0.07490774114105542,0.034641967661228366,0.13062540774549655
5,4,35-39,15-19,0.05444049564889764,0.02278946444392179,0.08991339238343578
5,4,35-39,20-24,0.06294446534522198,0.03154572689706344,0.10305306061118118
5,4,35-39,25-29,0.11404291000959638,0.06681678087794389,0.1693433789066136
5,4,35-39,30-34,0.15035167222313633,0.09372185239388812,0.21275483266669667
5,4,35-39,35-39,0.14577026002571017,0.09681299889306089,0.20408553841519197
5,4,35-39,40-44,0.12462152531588933,0.07890166166201772,0.17560813612355833
5,4,35-39,45-49,0.09339495653632804,0.05221145188809551,0.13824200341490844
5,4,35-39,50-54,0.08299140823254805,0.04893953074767356,0.12303773310467311
5,4,35-39,55-59,0.06270765336804102,0.02938191315425358,0.10469262571923629
5,4,35-39,60-64,0.06966839422675955,0.03575068970412891,0.11393470720655699
5,4,35-39,65-69,0.0784195123762743,0.02730499172147271,0.16519911780593374
5,4,35-39,70-74,0.04226583099597876,0.011320717600293788,0.0894323398502666
5,4,35-39,75+,0.06736451336992348,0.019082193482388068,0.14134447779370152
5,4,40-44,0-4,0.05580711377495768,0.016746978750742474,0.10818516591607232
5,4,40-44,5-9,0.08000734186364149,0.028799426909868815,0.16288890804256304
5,4,40-44,10-14,0.08404215846180389,0.031091223297541354,0.17480721748245512
5,4,40-44,15-19,0.0533644093571145,0.020703892391045975,0.09407825752568143
5,4,40-44,20-24,0.0652194989211587,0.029611254305245045,0.11349228435279086
5,4,40-44,25-29,0.08249002211179486,0.04488853101993014,0.12756485080423272
5,4,40-44,30-34,0.1312057946300815,0.08061775594999131,0.18921911502768055
5,4,40-44,35-39,0.12551584434647933,0.07522474879206253,0.18577416324205742
5,4,40-44,40-44,0.1892950088990524,0.12254276572005798,0.26956037882082057
5,4,40-44,45-49,0.11025610166983794,0.06255894457976752,0.16566863404037238
5,4,40-44,50-54,0.10233266889874462,0.05753516052032843,0.15761164572200023
5,4,40-44,55-59,0.0796428262664416,0.041117089627070405,0.1245891118486394
5,4,40-44,60-64,0.07215172556767478,0.03782141046991615,0.1154072594324859
5,4,40-44,65-69,0.055080961012600446,0.019524868664617667,0.11365565048178423
5,4,40-44,70-74,0.0469252748026868,0.014700098536045992,0.10058319409317204
5,4,40-44,75+,0.04457618123340977,0.008924670776291414,0.09096862112467193
5,4,45-49,0-4,0.07869487017256711,0.024537071323127713,0.15651111643110466
5,4,45-49,5-9,0.05419021738851372,0.020023469432370412,0.10624953639128337
5,4,45-49,10-14,0.10357266584762267,0.03739957625620585,0.20672512140744495
5,4,45-49,15-19,0.08102822083167825,0.032755242478855584,0.15651259014759444
5,4,45-49,20-24,0.07341396570974865,0.0348182633020743,0.11908640682284612
5,4,45-49,25-29,0.09149097265510471,0.05163311982151459,0.13913001300145372
5,4,45-49,30-34,0.09942335338886664,0.05599927555651408,0.15114949481903056
5,4,45-49,35-39,0.11356440146346802,0.06335176694915577,0.1699038439829416
5,4,45-49,40-44,0.1396651568534929,0.08665454671615072,0.20698017498220891
5,4,45-49,45-49,0.13871617731143737,0.08770497927523402,0.19726109680181425
5,4,45-49,50-54,0.13221128937150675,0.08299634682289424,0.19868500291188151
5,4,45-49,55-59,0.1014182131819356,0.05899081049271503,0.15678494268069063
5,4,45-49,60-64,0.07491992928905318,0.037602361036839026,0.11713321011323087
5,4,45-49,65-69,0.06377233995128526,0.02224235082989796,0.1299052449296366
5,4,45-49,70-74,0.04069769311361562,0.013415652497498761,0.07930403672183804
5,4,45-49,75+,0.08451695209171271,0.035590560018706,0.14593492376264613
5,4,50-54,0-4,0.04951605790849494,0.013969230274235602,0.10113122980492148
5,4,50-54,5-9,0.02761877441753276,0.006247146139207744,0.06848466130821726
5,4,50-54,10-14,0.03828107384009874,0.012421594020582582,0.08406852299645873
5,4,50-54,15-19,0.0656386667748301,0.021119245887050723,0.1504069711387981
5,4,50-54,20-24,0.051491461375772825,0.024057351407737553,0.08606994595399758
5,4,50-54,25-29,0.07359419778984126,0.042355625385010684,0.11140587630782203
5,4,50-54,30-34,0.09949330046569282,0.0588778815243885,0.14124512351641577
5,4,50-54,35-39,0.08339892204850499,0.049720699202590396,0.12275584880497759
5,4,50-54,40-44,0.11275227451610421,0.06981960559299036,0.16253250264213703
5,4,50-54,45-49,0.11150708238082904,0.07017819237803892,0.15898486810291468
5,4,50-54,50-54,0.1264972068034421,0.08009373848761826,0.17598949820847046
5,4,50-54,55-59,0.08902580992950992,0.049754103766153336,0.13412852261963198
5,4,50-54,60-64,0.07667570159993399,0.03992631708939976,0.12065118176823017
5,4,50-54,65-69,0.03256778861267718,0.011229273822451901,0.061294925379555554
5,4,50-54,70-74,0.049159142206704316,0.019270407167930916,0.08874777756433647
5,4,50-54,75+,0.07108937158919863,0.02851020960920084,0.12467684433686879
5,4,55-59,0-4,0.03775853214841428,0.004908382500559739,0.11082411335754554
5,4,55-59,5-9,0.016844368196381684,0,0.0522141077311652
5,4,55-59,10-14,0.019032292683640886,0.002737713169630731,0.05161224294803349
5,4,55-59,15-19,0.02932235459302231,0.003846153846969065,0.07889713688120387
5,4,55-59,20-24,0.03107016133807496,0.00909090909363195,0.05847415914127222
5,4,55-59,25-29,0.04482116441916275,0.016472474444258,0.07440242735266435
5,4,55-59,30-34,0.07201154694601421,0.03926420466120503,0.11012285982994514
5,4,55-59,35-39,0.052058593061922724,0.02400549929296729,0.08318088217464094
5,4,55-59,40-44,0.07949442102815972,0.042978726582751064,0.12271745611294825
5,4,55-59,45-49,0.07263866621957565,0.04068234394426783,0.11045461206978961
5,4,55-59,50-54,0.08130586414843843,0.04432357064939594,0.12599554259600515
5,4,55-59,55-59,0.09376039628385321,0.055014408940169235,0.14245749877043776
5,4,55-59,60-64,0.09004139929707393,0.04870933453039072,0.13624561423569376
5,4,55-59,65-69,0.03037113776821093,0.007323335764466948,0.05898287469869803
5,4,55-59,70-74,0.028965187485504654,0.007364015057194153,0.05868805727288377
5,4,55-59,75+,0.06664191335743347,0.02250895511775073,0.11731161335932264
5,4,60-64,0-4,0.06333638524929032,0.010663189177892675,0.15368114994821
5,4,60-64,5-9,0.035419141790416324,0.003318279530494447,0.09719500671645386
5,4,60-64,10-14,0.034477405777554995,0.005942226723998943,0.0855621221875126
5,4,60-64,15-19,0.04039120057235988,0.0067564734201008055,0.09031529616327154
5,4,60-64,20-24,0.03509523298876653,0.01327433629131545,0.06664420497966655
5,4,60-64,25-29,0.04032182687655572,0.013618095854616966,0.07227823067450936
5,4,60-64,30-34,0.0716764712577795,0.037539230135770645,0.11130869170031418
5,4,60-64,35-39,0.05975306487820498,0.030483852082165298,0.09460712440075729
5,4,60-64,40-44,0.07246755525717094,0.03963593673160102,0.11282963609205698
5,4,60-64,45-49,0.06064557192111739,0.03089838276908708,0.09705677805442608
5,4,60-64,50-54,0.07769564883539783,0.042169081597877384,0.12197641445103621
5,4,60-64,55-59,0.0926151355070402,0.05165653887282386,0.14043195885619045
5,4,60-64,60-64,0.09191089002822796,0.048085292923975724,0.14667541079548826
5,4,60-64,65-69,0.05735531857675636,0.021961049889046826,0.10057484223585982
5,4,60-64,70-74,0.04410960478506612,0.015450139649581154,0.07976242391492439
5,4,60-64,75+,0.08081527873266445,0.028403708146278184,0.14782239381729542
5,4,65-69,0-4,0.044317070247703975,0.007493984130616084,0.11107949052608276
5,4,65-69,5-9,0.04003037192979158,0.008843192302778139,0.08674703463750087
5,4,65-69,10-14,0.030647178461949875,0.007176189034991987,0.0663318690261274
5,4,65-69,15-19,0.05404148288257023,0.004425792732074564,0.15325382184089079
5,4,65-69,20-24,0.020012428689524735,0,0.048155274950131194
5,4,65-69,25-29,0.03437382493946515,0.004822271301704913,0.0827377758322283
5,4,65-69,30-34,0.06819437126740299,0.02291872033057299,0.1252810229445086
5,4,65-69,35-39,0.07943319110107089,0.026936598098877648,0.158178135665525
5,4,65-69,40-44,0.0709967656194939,0.022509406788591223,0.14446803124303648
5,4,65-69,45-49,0.05526998991043315,0.019451672292770804,0.10931661099677839
5,4,65-69,50-54,0.04823592839876069,0.01610077571644569,0.08752601089342658
5,4,65-69,55-59,0.0415315024409389,0.012807053709272643,0.08413483057291352
5,4,65-69,60-64,0.06319723296350147,0.023500552880526458,0.11709124264416072
5,4,65-69,65-69,0.152620540382365,0.057539127817604965,0.287468585872869
5,4,65-69,70-74,0.10783123150650457,0.04567563241417632,0.19913344342453
5,4,65-69,75+,0.17051029907100823,0.07051126698530095,0.30814733995092636
5,4,70-74,0-4,0.05180610792471104,0.0083333333372426,0.11779218730913239
5,4,70-74,5-9,0.02146967499084019,0.003571079657497307,0.052314175220694856
5,4,70-74,10-14,0.030592045669191187,0.007031769387768849,0.06250206981663123
5,4,70-74,15-19,0.0376276219701142,0.0044026439111772885,0.09358674929757123
5,4,70-74,20-24,0.031630815815351966,0,0.08366349122870968
5,4,70-74,25-29,0.021176548847297937,0.0040832162320596594,0.046385681219691104
5,4,70-74,30-34,0.057731892147234655,0.016311683900768578,0.1164880409633574
5,4,70-74,35-39,0.04695244300745079,0.012669230128769162,0.10481657693704577
5,4,70-74,40-44,0.05632882922937063,0.016752299710943698,0.1287844714072074
5,4,70-74,45-49,0.03798670677075684,0.011183621584694072,0.07516025688658785
5,4,70-74,50-54,0.04705476470752821,0.01588596781072462,0.08782771667541972
5,4,70-74,55-59,0.03603365359503142,0.009088893877206914,0.07388226940765419
5,4,70-74,60-64,0.04680738677218663,0.015149414418565673,0.08494565959772832
5,4,70-74,65-69,0.07709503839961913,0.03355567221867583,0.14906011705933245
5,4,70-74,70-74,0.08469628589686225,0.03843967830471433,0.14509378829241903
5,4,70-74,75+,0.16496031845425307,0.08567194336938973,0.2703916494158079
5,4,75+,0-4,0.014874937598554641,0,0.03660437479096409
5,4,75+,5-9,0.013637494637989642,0.0018122509805048384,0.03206692737837245
5,4,75+,10-14,0.02356296664267148,0.007161838736906445,0.04838906103288548
5,4,75+,15-19,0.029077199629472576,0.0039049840316680005,0.07414665794794517
5,4,75+,20-24,0.025267532183694853,0.004739503753907638,0.05533653376999771
5,4,75+,25-29,0.015288737370989788,0.0019976185122205325,0.03557029947087529
5,4,75+,30-34,0.027302564947197325,0.007149366395861018,0.053237270543254625
5,4,75+,35-39,0.03724791739789363,0.010674185490811778,0.0753505137107018
5,4,75+,40-44,0.03010332598349354,0.008128246199922287,0.06116120531078532
5,4,75+,45-49,0.04545667398128887,0.01726237369816602,0.08195334942271096
5,4,75+,50-54,0.045430140304096096,0.0191350231142888,0.0766235556621434
5,4,75+,55-59,0.0398809124932347,0.01391511703443857,0.07563547708839909
5,4,75+,60-64,0.0393168953697194,0.013980476476785625,0.07302103587237652
5,4,75+,65-69,0.07328482799314932,0.03279675823635843,0.12638361875412998
5,4,75+,70-74,0.08458749061499282,0.0424312103222102,0.1389043417369627
5,4,75+,75+,0.28886522133235226,0.18469180963575654,0.4086659979337799
5,5,0-4,0-4,0.8574783310313508,0.41304459248916164,1.4224514902776904
5,5,0-4,5-9,0.38173271451861407,0.24770652792716377,0.5433822057770457
5,5,0-4,10-14,0.15957247326253193,0.09164661102904066,0.24435106947738633
5,5,0-4,15-19,0.13596606670506062,0.06520756087143209,0.21470480279459064
5,5,0-4,20-24,0.12246166252646505,0.05505167241088317,0.20188211154631097
5,5,0-4,25-29,0.19860320606067042,0.12106296297633405,0.2878555675107201
5,5,0-4,30-34,0.44871310349471527,0.30426589634679385,0.6125453343900185
5,5,0-4,35-39,0.37398877966815514,0.257648581071784,0.5007277911281003
5,5,0-4,40-44,0.2353432140911511,0.13654107261755274,0.3472450488925683
5,5,0-4,45-49,0.21397836762437533,0.09369465425028818,0.36789265579337105
5,5,0-4,50-54,0.07517102393119496,0.02185083058818539,0.1460714419526471
5,5,0-4,55-59,0.08703552963153435,0.023080025589039408,0.1990358716301727
5,5,0-4,60-64,0.11937866632809223,0.03498188932043992,0.25333481465854946
5,5,0-4,65-69,0.09145099448452039,0.027412961550208833,0.20574399363999932
5,5,0-4,70-74,0.07471025459054971,0.018629884280081548,0.17556743009815706
5,5,0-4,75+,0.0653562709615088,0.01000000000531875,0.15043830754585194
5,5,5-9,0-4,0.3133040008824629,0.20330310526869882,0.4459764976993732
5,5,5-9,5-9,2.5301163528818713,1.6223973303441466,3.6004207277420663
5,5,5-9,10-14,0.35013077246569435,0.2468644605184875,0.4664389772766298
5,5,5-9,15-19,0.15613518402809748,0.09710325919333457,0.2267555987232316
5,5,5-9,20-24,0.1421094465224247,0.0682124068002386,0.23090627699389987
5,5,5-9,25-29,0.21184754229075084,0.14345559943727199,0.2885922149698657
5,5,5-9,30-34,0.2718665893819495,0.19506591207311247,0.37128070543507524
5,5,5-9,35-39,0.33818210288880635,0.2600679663624201,0.4326440276862031
5,5,5-9,40-44,0.3628769157333716,0.2549600159723256,0.5000701890027066
5,5,5-9,45-49,0.22835575289880297,0.15719424350998434,0.3195405194728298
5,5,5-9,50-54,0.08904632268835708,0.03642114857781709,0.17466856024505975
5,5,5-9,55-59,0.032233576898190015,0.00550823404250843,0.07969757993827999
5,5,5-9,60-64,0.06974558756313873,0.02079984627642102,0.14291756808100567
5,5,5-9,65-69,0.09541927956093492,0.03739128825954113,0.18371886254528938
5,5,5-9,70-74,0.0378140528510563,0.00872646630033405,0.08163166912848688
5,5,5-9,75+,0.07287397280803734,0.02021594653092552,0.14187607902353172
5,5,10-14,0-4,0.11871675384836475,0.06818211148906282,0.18178928467196256
5,5,10-14,5-9,0.3173786863467373,0.22377215699522732,0.42280713810574055
5,5,10-14,10-14,2.2079643484247233,1.3491695777108603,3.2543470697936665
5,5,10-14,15-19,0.28786911805963167,0.20251888845835309,0.3930482820441311
5,5,10-14,20-24,0.10043265569818972,0.048383198620279795,0.16647762842693659
5,5,10-14,25-29,0.07890320475043319,0.038159848436563025,0.12831994618206446
5,5,10-14,30-34,0.14234483365923276,0.0878073031911124,0.216077463465768
5,5,10-14,35-39,0.25005042394539134,0.18058438199454271,0.33924431832743035
5,5,10-14,40-44,0.3834911376870134,0.28369213933976994,0.5134667326289851
5,5,10-14,45-49,0.41058650531246293,0.28407992190030873,0.5708929212342319
5,5,10-14,50-54,0.18247250743866586,0.12679134129556488,0.24697685540570893
5,5,10-14,55-59,0.09870736005071794,0.051667513661060094,0.16271135527753514
5,5,10-14,60-64,0.07174769027360704,0.0278117322489046,0.1356236305128448
5,5,10-14,65-69,0.05086586829000823,0.01985668206467537,0.09525087726148881
5,5,10-14,70-74,0.054517836687491564,0.020161701249138634,0.0979552255770465
5,5,10-14,75+,0.07364807397614513,0.02400581983557043,0.1339113506769517
5,5,15-19,0-4,0.10239997343718138,0.049109698198613175,0.16170039066212866
5,5,15-19,5-9,0.14327272759708543,0.08910386784244742,0.2080754144507312
5,5,15-19,10-14,0.29141395861115504,0.2050127202840646,0.3978883062130592
5,5,15-19,15-19,1.6392764532768151,0.9997372436682677,2.5849572872992908
5,5,15-19,20-24,0.3170206562979401,0.2017710472168071,0.4830992938444127
5,5,15-19,25-29,0.0878840783659133,0.047448190641951986,0.13639882070955595
5,5,15-19,30-34,0.1068203092868333,0.056020464976562906,0.16525543619804567
5,5,15-19,35-39,0.12372987425686585,0.07664229770833512,0.18252190269416413
5,5,15-19,40-44,0.22449537595833371,0.15016461312149898,0.3071690246449568
5,5,15-19,45-49,0.28342053750787777,0.1912767605816981,0.3905974900186627
5,5,15-19,50-54,0.26872967608339626,0.16788078072838983,0.44169061865657433
5,5,15-19,55-59,0.17821031089836564,0.11157495961057555,0.26902779943514216
5,5,15-19,60-64,0.09384016221706135,0.042304110977852596,0.15725404184403058
5,5,15-19,65-69,0.07301366543381473,0.013082212840006619,0.19147223115096498
5,5,15-19,70-74,0.05921950426846672,0.015787960993455655,0.13402266158633175
5,5,15-19,75+,0.10800686074022295,0.027453316502538527,0.2455146240339695
5,5,20-24,0-4,0.11311063779610286,0.05084799315697205,0.186466637195068
5,5,20-24,5-9,0.159926225708941,0.07676444482079972,0.2598558384105063
5,5,20-24,10-14,0.1246878712186737,0.06006809236272837,0.20668318436651908
5,5,20-24,15-19,0.3887957877972562,0.2474530655933338,0.5924754958491235
5,5,20-24,20-24,0.6900498790072281,0.4328111933046788,1.0003985062852807
5,5,20-24,25-29,0.3176832646164053,0.21155604728632732,0.42847395546977796
5,5,20-24,30-34,0.1996344445777621,0.12022673020270236,0.2954085412773385
5,5,20-24,35-39,0.13576422411777972,0.07655030608041281,0.21288844847005547
5,5,20-24,40-44,0.1553201055394543,0.08585786693026118,0.23402107595221938
5,5,20-24,45-49,0.20583020772745889,0.13562636400944908,0.2913703034323
5,5,20-24,50-54,0.21558343105516428,0.13517939260084155,0.3085950885698188
5,5,20-24,55-59,0.19986244113493054,0.12780548253067064,0.28156468837899673
5,5,20-24,60-64,0.13144676915049577,0.07195700836709909,0.19858414212480224
5,5,20-24,65-69,0.05640729255888512,0.021732480968368585,0.10178127301214689
5,5,20-24,70-74,0.09354584325910789,0.0238659327595944,0.255497236778655
5,5,20-24,75+,0.12137066844441076,0.03589226386293959,0.25225060472930677
5,5,25-29,0-4,0.1777120318346724,0.10832828712683382,0.25757589110432366
5,5,25-29,5-9,0.2309656776966412,0.15640171882633164,0.31463615668011413
5,5,25-29,10-14,0.09490108630614723,0.04589688189931072,0.15433723289113185
5,5,25-29,15-19,0.10441706223278352,0.05637426900542305,0.16205852544995253
5,5,25-29,20-24,0.3077666902562146,0.2049522645003627,0.4150990178697391
5,5,25-29,25-29,0.5058723055124853,0.34408706982440435,0.690690509957491
5,5,25-29,30-34,0.35440380934952714,0.25927040723908584,0.4632202256394879
5,5,25-29,35-39,0.18991456310302343,0.12602924606981203,0.262064822477798
5,5,25-29,40-44,0.13283201184384538,0.08226661060847476,0.1926747820819299
5,5,25-29,45-49,0.14733942912983278,0.09065803649956132,0.21948424455729354
5,5,25-29,50-54,0.14972478204054623,0.09096272233324637,0.21340008037753613
5,5,25-29,55-59,0.15017489103069084,0.09268069797116954,0.21208689902189998
5,5,25-29,60-64,0.13641839170816808,0.07651586811580281,0.19605843636049067
5,5,25-29,65-69,0.10090173615111332,0.04959366976569311,0.16706720275521852
5,5,25-29,70-74,0.04288671704296122,0.013836729097744565,0.08130019427325866
5,5,25-29,75+,0.06607256339449485,0.019900349486929387,0.1274193200398948
5,5,30-34,0-4,0.3664192385365602,0.24846361112195428,0.5002046814506648
5,5,30-34,5-9,0.2704947213787867,0.19408158853453705,0.36940718312718146
5,5,30-34,10-14,0.15624178373067762,0.09637982160984437,0.2371728389996412
5,5,30-34,15-19,0.11582279395231862,0.060741696175684964,0.17918265228825755
5,5,30-34,20-24,0.1764987733241779,0.10629363307737327,0.2611735929398978
5,5,30-34,25-29,0.32342777996987054,0.23660934226166971,0.4227332925419133
5,5,30-34,30-34,0.6378732952695615,0.4589825131981846,0.827273771464521
5,5,30-34,35-39,0.3209002203886454,0.2426213853891185,0.40277105415512793
5,5,30-34,40-44,0.25951018701969614,0.1822434611406549,0.34915992429902754
5,5,30-34,45-49,0.14264026468694288,0.09069785471799369,0.20028325935025174
5,5,30-34,50-54,0.1631680528415298,0.10489402268413973,0.22388136991912966
5,5,30-34,55-59,0.15372795300083283,0.09780466337343349,0.22355943142822693
5,5,30-34,60-64,0.18075324538743628,0.11425808564147297,0.2500778199113556
5,5,30-34,65-69,0.13694860467392972,0.07388323180923465,0.21436578309832333
5,5,30-34,70-74,0.10114969579717689,0.04549889238978523,0.17309842077548213
5,5,30-34,75+,0.09528635575551868,0.03909686542642277,0.16675961659655733
5,5,35-39,0-4,0.276535202360823,0.19051080240397786,0.370248704172789
5,5,35-39,5-9,0.30467436263274805,0.23429992662479238,0.3897768162660567
5,5,35-39,10-14,0.24852232609848804,0.1794808021606989,0.33717114242862234
5,5,35-39,15-19,0.12147785450986301,0.07524732362522468,0.17919980339036581
5,5,35-39,20-24,0.10868607192455516,0.061282360110456194,0.17042788240185025
5,5,35-39,25-29,0.15693490276622377,0.1041436062327522,0.2165558910387014
5,5,35-39,30-34,0.290571055397729,0.21969056901610595,0.36470405083477603
5,5,35-39,35-39,0.4177546579327705,0.3114277818560907,0.5319234849083373
5,5,35-39,40-44,0.26878116062130625,0.19571672738662474,0.34627975736327005
5,5,35-39,45-49,0.17590282059890533,0.11862079838579369,0.24089492898557388
5,5,35-39,50-54,0.1451865528171767,0.0919178435554979,0.20229245797800136
5,5,35-39,55-59,0.102654342718973,0.05948752621506838,0.1504637449752496
5,5,35-39,60-64,0.1227255993656429,0.07552169995587994,0.17826729066162303
5,5,35-39,65-69,0.1270272641400939,0.06301806778564892,0.21688592772704485
5,5,35-39,70-74,0.07396582263919949,0.03712733416550587,0.1200326030824259
5,5,35-39,75+,0.13632259425412324,0.06881770502722907,0.22060430768892747
5,5,40-44,0-4,0.16320077799510802,0.09468558235480057,0.2408000687551895
5,5,40-44,5-9,0.30660082971358016,0.2154200199892014,0.42251774145895765
5,5,40-44,10-14,0.3574553816291786,0.2644318785162103,0.47860674948785603
5,5,40-44,15-19,0.20670864242602618,0.13826709430547723,0.28283207085508155
5,5,40-44,20-24,0.11661245036219821,0.06446104456879881,0.17570018387770328
5,5,40-44,25-29,0.10294202747628983,0.06375490043465176,0.1493189212129304
5,5,40-44,30-34,0.220376580179756,0.15476151895051263,0.2965073199496486
5,5,40-44,35-39,0.2520736895896354,0.1835509507910226,0.3247549637295668
5,5,40-44,40-44,0.47724016271813824,0.33070839521199785,0.6541619401404588
5,5,40-44,45-49,0.26616948877596214,0.1971318623348825,0.34886782226657337
5,5,40-44,50-54,0.1730093512793408,0.11932820766287774,0.2348950248145068
5,5,40-44,55-59,0.1250664506761218,0.0779930506102045,0.17902382773027067
5,5,40-44,60-64,0.10931240524148753,0.06413163392885242,0.16114897894802424
5,5,40-44,65-69,0.12236927699186331,0.06538188844110462,0.2004356426340272
5,5,40-44,70-74,0.10606256404643746,0.049318109007752436,0.20388531508968552
5,5,40-44,75+,0.12929656202700043,0.06351297988310495,0.21369231060032537
5,5,45-49,0-4,0.15247346040014242,0.066763515925191,0.26214736988312204
5,5,45-49,5-9,0.19825757216689624,0.136475427841366,0.27742383012223276
5,5,45-49,10-14,0.39325569577569475,0.2720889408135643,0.5467955961741444
5,5,45-49,15-19,0.2681553056807124,0.1809744581476422,0.3695596312640617
5,5,45-49,20-24,0.15879257774300945,0.10463216351357284,0.2247845059800007
5,5,45-49,25-29,0.11733100543127704,0.07219383593203564,0.17478218316930688
5,5,45-49,30-34,0.12446779818464472,0.07914288648857819,0.17476703621717232
5,5,45-49,35-39,0.16951390902953165,0.11431240930712498,0.23214545928657027
5,5,45-49,40-44,0.27350301154547285,0.20256325496999308,0.3584798560496603
5,5,45-49,45-49,0.3860848935499548,0.2747882870445834,0.5069088592098565
5,5,45-49,50-54,0.24839434921361223,0.18102030167346583,0.31525354047929854
5,5,45-49,55-59,0.1659538535222516,0.10718690602164581,0.23730266055228566
5,5,45-49,60-64,0.10862786728502886,0.06428975261456711,0.15898948064040508
5,5,45-49,65-69,0.09580374681830812,0.048209567949701895,0.1678732965160995
5,5,45-49,70-74,0.07800628208896922,0.04052123316236355,0.12828446340670702
5,5,45-49,75+,0.19421107164347903,0.10779646891205001,0.2861852221090717
5,5,50-54,0-4,0.04923962602046974,0.014313051361169424,0.09568185715552434
5,5,50-54,5-9,0.07106793702637094,0.029067746038375582,0.1394031091371036
5,5,50-54,10-14,0.16065997061476187,0.11163486189062606,0.2174535489700815
5,5,50-54,15-19,0.23372792242761803,0.14601448811703246,0.38416088672816623
5,5,50-54,20-24,0.15288904192003666,0.09586751505400568,0.21885173272242647
5,5,50-54,25-29,0.10960424935603956,0.06658818109361096,0.15621699563379124
5,5,50-54,30-34,0.13088500533091058,0.08414058070257209,0.17958610025098418
5,5,50-54,35-39,0.12861713240187658,0.0814277164467107,0.17920582414006794
5,5,50-54,40-44,0.16342305056585596,0.11271633336938627,0.22187969167024438
5,5,50-54,45-49,0.22833979397704116,0.1664053088189813,0.28980099068868437
5,5,50-54,50-54,0.3760421048454882,0.2702337127434385,0.5072498986058611
5,5,50-54,55-59,0.2262735128352696,0.1587044927321132,0.30273612133696043
5,5,50-54,60-64,0.14020166631634107,0.08815388292865317,0.19532966793437828
5,5,50-54,65-69,0.06174456304533039,0.029813251881478545,0.09908549196174901
5,5,50-54,70-74,0.0694250031106455,0.0348120288086062,0.11310939611228443
5,5,50-54,75+,0.1605388141051865,0.09153775189406221,0.2409313267307837
5,5,55-59,0-4,0.05534285325248603,0.014675782116169706,0.12655995870011122
5,5,55-59,5-9,0.024972781089225016,0.004267473118675329,0.06174524854706508
5,5,55-59,10-14,0.08436464232810476,0.044159942153838366,0.13906850799836162
5,5,55-59,15-19,0.15046257413038028,0.09420249337354346,0.22713958026103406
5,5,55-59,20-24,0.13759189651131604,0.08798550956388507,0.1938384182875518
5,5,55-59,25-29,0.1067165354922085,0.06586029746118918,0.1507121392368951
5,5,55-59,30-34,0.11970389940378966,0.07615790984747951,0.1740798284766591
5,5,55-59,35-39,0.08827758523070402,0.05115628843867556,0.12939127288112842
5,5,55-59,40-44,0.1146793571894559,0.07151552523374374,0.16415543396901622
5,5,55-59,45-49,0.14809074710128778,0.0956494149145666,0.2117596400712641
5,5,55-59,50-54,0.2196516190553409,0.15406000615433774,0.2938765495129246
5,5,55-59,55-59,0.3796996155382761,0.2678550847983812,0.5100407223300695
5,5,55-59,60-64,0.21915620336275302,0.16451858580389112,0.28198310595813514
5,5,55-59,65-69,0.06128737289955403,0.029775480789556285,0.10037487959503527
5,5,55-59,70-74,0.06359782503559243,0.032318382396831956,0.09895726142384752
5,5,55-59,75+,0.14622630515983953,0.08003974506686307,0.2215988149550962
5,5,60-64,0-4,0.0807941642521325,0.023675356732817256,0.17145420748840998
5,5,60-64,5-9,0.057512659036460405,0.017151686704533913,0.11785074368929863
5,5,60-64,10-14,0.06526902997629519,0.025300393349584966,0.1233771118161435
5,5,60-64,15-19,0.08432817668561374,0.038016009998111035,0.14131419119328098
5,5,60-64,20-24,0.09631632111290929,0.052725786788070904,0.14551056769547024
5,5,60-64,25-29,0.10318002245100637,0.05787276107854939,0.1482887579312621
5,5,60-64,30-34,0.14980622426777462,0.09469579572596061,0.20726163944517845
5,5,60-64,35-39,0.11233021257965306,0.0691246867342307,0.16316728343169837
5,5,60-64,40-44,0.10668470879035549,0.06259001139746762,0.15727521366813849
5,5,60-64,45-49,0.10317396870653073,0.06106194561476139,0.15100706761755114
5,5,60-64,50-54,0.14485789356536974,0.09108155506397529,0.20181674719866924
5,5,60-64,55-59,0.23326096551103837,0.17510690357053546,0.30013136997414797
5,5,60-64,60-64,0.30976869483190494,0.2105152612998986,0.42063312867677094
5,5,60-64,65-69,0.17440124157308898,0.11732801728585023,0.24030480900542678
5,5,60-64,70-74,0.09206838331495278,0.05165639166008861,0.1396121398424854
5,5,60-64,75+,0.19457087804810574,0.10739568574309927,0.29711614351591603
5,5,65-69,0-4,0.07270323667249455,0.021793213323843912,0.16356579114167002
5,5,65-69,5-9,0.09242615491440649,0.036218393358531,0.17795594484095573
5,5,65-69,10-14,0.05435477957659014,0.02121866023389741,0.10178417496987997
5,5,65-69,15-19,0.07707262570623626,0.01380947645398151,0.20211651499695507
5,5,65-69,20-24,0.048550898084666026,0.01870558611762347,0.08760520118531957
5,5,65-69,25-29,0.0896465074945387,0.04406167285044113,0.1484314523732014
5,5,65-69,30-34,0.13332555771704288,0.07192861227288556,0.20869462419922946
5,5,65-69,35-39,0.13657474755048118,0.06775456243355844,0.23318726910393772
5,5,65-69,40-44,0.14028691428250065,0.07495527966529662,0.22978396627469974
5,5,65-69,45-49,0.10688663891358266,0.05378660911239937,0.187293430829786
5,5,65-69,50-54,0.07493759565530239,0.03618348409112089,0.12025720428995439
5,5,65-69,55-59,0.07662515203958553,0.03722709319407148,0.12549469892485204
5,5,65-69,60-64,0.2048620976437698,0.13782048520274212,0.2822763576835312
5,5,65-69,65-69,0.39413017019041674,0.21768444981418877,0.6421749647790586
5,5,65-69,70-74,0.1815350156551165,0.11013025198159268,0.27379393581745654
5,5,65-69,75+,0.2976193732628338,0.17383036512975944,0.46225889552976696
5,5,70-74,0-4,0.06427938610261094,0.01602882403827066,0.15105512206017985
5,5,70-74,5-9,0.0396404130058538,0.009147941099819028,0.08557435224825508
5,5,70-74,10-14,0.06304869209610071,0.02331656887776262,0.11328308736851052
5,5,70-74,15-19,0.06765298475988607,0.018036332753441773,0.15310889872827751
5,5,70-74,20-24,0.08713902536435765,0.022231389954142824,0.23799860496752584
5,5,70-74,25-29,0.04123668348018203,0.013304371552458661,0.07817223162046422
5,5,70-74,30-34,0.10657284739103182,0.0479383202974783,0.18237911083711775
5,5,70-74,35-39,0.08606582669276902,0.04320096219898587,0.13966863134567586
5,5,70-74,40-44,0.1315930889759462,0.061189566414225974,0.2529629436239054
5,5,70-74,45-49,0.09418824321088942,0.04892713332945219,0.1548963482934407
5,5,70-74,50-54,0.09118914256257846,0.045725299469721016,0.1485682158459807
5,5,70-74,55-59,0.08605355140377134,0.043729664958134545,0.13389803468825776
5,5,70-74,60-64,0.11704389101268424,0.06566928687005633,0.17748490297556468
5,5,70-74,65-69,0.19646563578034332,0.11918808003035085,0.2963125294536697
5,5,70-74,70-74,0.2528798823847129,0.16070818830105613,0.35578807263877194
5,5,70-74,75+,0.40055249075898786,0.25972505284910696,0.5530112456652468
5,5,75+,0-4,0.02414779867299199,0.003694794444447008,0.055583862265678734
5,5,75+,5-9,0.0328062180916645,0.009100762937269493,0.06386940921550621
5,5,75+,10-14,0.03657612045363936,0.011922100748739051,0.066504898608159
5,5,75+,15-19,0.05298736404879077,0.013468393265919133,0.12044765187907343
5,5,75+,20-24,0.04855128461297665,0.014357797815143248,0.10090651275944289
5,5,75+,25-29,0.027282292497364857,0.008217134732015387,0.05261323279358944
5,5,75+,30-34,0.043113321589376453,0.017689791144817862,0.0754521559927755
5,5,75+,35-39,0.06811868770776813,0.03438734263504772,0.11023320106744468
5,5,75+,40-44,0.06889008403327064,0.03384014588444222,0.1138567105244918
5,5,75+,45-49,0.10070241360257329,0.05589467431190441,0.14839289212448822
5,5,75+,50-54,0.09055366919791773,0.051632867417999585,0.1358999428381225
5,5,75+,55-59,0.08496710450963081,0.0465083582368199,0.12876349196485887
5,5,75+,60-64,0.10622209197517646,0.05863053362960193,0.16220463535172203
5,5,75+,65-69,0.1383203777942959,0.08078869837426451,0.2148375771626424
5,5,75+,70-74,0.1720117896297716,0.11153537222451895,0.2374831170616904
5,5,75+,75+,0.7346310683195881,0.53999633921543,0.9611934123803358
