Participant_IMD,Contact_IMD,Participant_age_group,Contact_age_group,mean,lower,upper
1,1,0-4,0-4,1.356823952736957,0.9642174358474853,1.7958059321261757
1,1,0-4,5-11,0.5651544355659668,0.44580459574328396,0.694132967459561
1,1,0-4,12-17,0.2522946692342678,0.1826033197079194,0.33211788241666834
1,1,0-4,18-25,0.3550979989838128,0.24925969444039495,0.4872124560268454
1,1,0-4,26-34,0.7457438572644312,0.5877637227647385,0.9354683869434786
1,1,0-4,35-49,0.6153540646681979,0.46532607186689684,0.8155116627710869
1,1,0-4,50-69,0.3391631160326305,0.20792761615658342,0.5054443253823397
1,1,0-4,70-79,0.06038418737833956,0.014184662024418305,0.13219880259398287
1,1,0-4,80+,0.046245865390179525,0,0.18318371583758772
1,1,5-11,0-4,0.3714376902647305,0.29299713305171293,0.456206533903578
1,1,5-11,5-11,2.7342564284463418,2.129195780840097,3.4222218001314073
1,1,5-11,12-17,0.4275958883075693,0.33791895393470467,0.5275139858845623
1,1,5-11,18-25,0.4121259401456825,0.30046146349969366,0.545216731484231
1,1,5-11,26-34,0.5474441033205908,0.4656429727664304,0.6403159365475577
1,1,5-11,35-49,0.7855498711921467,0.6762223421879353,0.9092855356054791
1,1,5-11,50-69,0.2627055587034118,0.19852887810116998,0.3356463377250013
1,1,5-11,70-79,0.0751052189688121,0.04288691505783581,0.11496937384134337
1,1,5-11,80+,0.019278456085844196,0.003495596099418206,0.051523682453817714
1,1,12-17,0-4,0.18949815039504542,0.13715308153623854,0.249453246959566
1,1,12-17,5-11,0.4886654022819929,0.3861807516830829,0.6028538654614887
1,1,12-17,12-17,1.9753675783007705,1.3531214585397615,2.689007524139209
1,1,12-17,18-25,0.4043714754981123,0.30493689428018295,0.5257255111416232
1,1,12-17,26-34,0.36623192401013743,0.29831089452026244,0.44626019627305835
1,1,12-17,35-49,0.8298677425520129,0.7050112274482738,0.9648239871202242
1,1,12-17,50-69,0.38563014689479314,0.3053728760427983,0.48237857177782123
1,1,12-17,70-79,0.06218950310407949,0.03329528727617768,0.10133969198052577
1,1,12-17,80+,0.028209577053504263,0.01097933958735009,0.056647960815114536
1,1,18-25,0-4,0.20547114303498978,0.14422969004552152,0.28191682444621174
1,1,18-25,5-11,0.3628388093812243,0.2645285556221767,0.4800129534106287
1,1,18-25,12-17,0.3115202076034179,0.23491766944018178,0.40500908272897207
1,1,18-25,18-25,1.025989932426688,0.796733341530424,1.3266095156289996
1,1,18-25,26-34,0.5964982061615283,0.4787293869881979,0.7126031237623129
1,1,18-25,35-49,0.6094714386219797,0.5034820158943838,0.73578995979133055
1,1,18-25,50-69,0.4736125486167581,0.36351433137263756,0.5929013851750405
1,1,18-25,70-79,0.06995463571993617,0.030739122193301688,0.13410548726246885
1,1,18-25,80+,0.05406843928178452,0.014844514281860507,0.1069678294639088
1,1,26-34,0-4,0.34647441169358506,0.27307645658224217,0.43462089009103483
1,1,26-34,5-11,0.38699239799352786,0.3291665569994972,0.45264420286009993
1,1,26-34,12-17,0.22653785228111364,0.18452435444925191,0.2760404535882256
1,1,26-34,18-25,0.47894761100538796,0.38438723511262635,0.572171986764558
1,1,26-34,26-34,0.9954029780535503,0.840762692070223,1.1677326928331435
1,1,26-34,35-49,0.6800155399121685,0.574950704868895,0.796458088051886
1,1,26-34,50-69,0.49473569982935345,0.4044457187028346,0.5960511613799111
1,1,26-34,70-79,0.05905492614964686,0.036464813149419024,0.08717058925869572
1,1,26-34,80+,0.022395358399992623,0.00318471337579618,0.056631749142963365
1,1,35-49,0-4,0.196613274908605,0.14867746577645338,0.2605661162408047
1,1,35-49,5-11,0.3818938773176456,0.32874446506503624,0.44204778272605744
1,1,35-49,12-17,0.3530203539876987,0.2999072024582189,0.4104298649102592
1,1,35-49,18-25,0.3365414099386868,0.27801556688362516,0.406292690346218
1,1,35-49,26-34,0.46765450210599213,0.39540020755361105,0.5477333807170105
1,1,35-49,35-49,0.9132125713328562,0.7652790800838767,1.0844041919944194
1,1,35-49,50-69,0.5702676442790837,0.47737230537418573,0.6805607306569879
1,1,35-49,70-79,0.10185789484087107,0.0725683811044891,0.1365517576058103
1,1,35-49,80+,0.033456708735089255,0.013154599028114073,0.061816747875546293
1,1,50-69,0-4,0.10413859310783007,0.06384329070950119,0.15519453163235197
1,1,50-69,5-11,0.12273078787899142,0.09274872502259086,0.15680726240054416
1,1,50-69,12-17,0.15764389848210236,0.1248350811203877,0.19719422667447875
1,1,50-69,18-25,0.2513180482593542,0.19289546390123427,0.3146175483898199
1,1,50-69,26-34,0.32696017574015934,0.26728947053961516,0.39391738364973955
1,1,50-69,35-49,0.5480170334007426,0.4587462698318651,0.6540067219404817
1,1,50-69,50-69,0.7392274145395752,0.6157895460003011,0.8925390129184114
1,1,50-69,70-79,0.12152560475310212,0.09247246331908937,0.15512049569176004
1,1,50-69,80+,0.0754261615199175,0.041721080417882826,0.11778434942080593
1,1,70-79,0-4,0.06675297322893108,0.015680733739857896,0.14614195393839785
1,1,70-79,5-11,0.12632772501581385,0.07213621751708925,0.1933796298483682
1,1,70-79,12-17,0.09153086653605419,0.04900419433895574,0.14915233855383353
1,1,70-79,18-25,0.1336476342762713,0.05872678656081132,0.2562071967303206
1,1,70-79,26-34,0.14051478965351114,0.08676406666670332,0.2074129596338763
1,1,70-79,35-49,0.35241494769618353,0.25107707430326204,0.4724511594280857
1,1,70-79,50-69,0.4375342847678388,0.33293290892267857,0.5584875325098463
1,1,70-79,70-79,0.5064280939381367,0.3411647641693658,0.7190749882808025
1,1,70-79,80+,0.17149395148294563,0.0589801553649424,0.3143799309687104
1,1,80+,0-4,0.09708452069205317,0,0.38455985417580774
1,1,80+,5-11,0.06157869784977753,0.01116553395419417,0.16457548570298755
1,1,80+,12-17,0.07884547137027072,0.0306871387492623,0.15833045508484497
1,1,80+,18-25,0.19616354520668214,0.05385678941507766,0.3880857100636398
1,1,80+,26-34,0.10119373268494772,0.01439017086811177,0.25589133167236744
1,1,80+,35-49,0.2198226971113832,0.08643048127283465,0.4061584285607017
1,1,80+,50-69,0.5156986534363933,0.2852525510758244,0.8053071927324783
1,1,80+,70-79,0.3256705587278405,0.11200453418595231,0.5970139872926163
1,1,80+,80+,0.27519654064562676,0,0.6363636598249496
1,2,0-4,0-4,0.41556967608388756,0.2734899650977152,0.5926084824969321
1,2,0-4,5-11,0.18729205023745543,0.11475000496212681,0.26498845055206144
1,2,0-4,12-17,0.09187909845325508,0.05259165770485633,0.14211206913303984
1,2,0-4,18-25,0.15820219318789266,0.07274905578985943,0.280493566229978
1,2,0-4,26-34,0.18745207228983593,0.10285589208440263,0.2994398450173225
1,2,0-4,35-49,0.2267619588894286,0.13592974386923676,0.34560067347917584
1,2,0-4,50-69,0.18683873255602146,0.09730498757442053,0.30525056361110386
1,2,0-4,70-79,0.040556248437066185,0.007976855172083816,0.09215049813075199
1,2,0-4,80+,0.04568432675858406,0,0.14231939026739107
1,2,5-11,0-4,0.12546260227064612,0.07240629777761236,0.1948974766582288
1,2,5-11,5-11,1.0785469256125009,0.8782206320458975,1.2961788032920674
1,2,5-11,12-17,0.16044742421716154,0.1057105144306711,0.21854894027547273
1,2,5-11,18-25,0.205685311402018,0.1144751802118336,0.3329284980647793
1,2,5-11,26-34,0.17716275664301434,0.11733819581585452,0.24672250269661103
1,2,5-11,35-49,0.18529205381782485,0.13073141104736027,0.2556293525584315
1,2,5-11,50-69,0.10622816916894817,0.06538386659094154,0.15398553078034477
1,2,5-11,70-79,0.03675449272704527,0.015253069135379679,0.06340588423518359
1,2,5-11,80+,0.006727274937514234,0,0.020003191715549134
1,2,12-17,0-4,0.048047136724311365,0.02509402056322682,0.0741746069908747
1,2,12-17,5-11,0.19265304761950056,0.1353608489422465,0.26285496846738327
1,2,12-17,12-17,0.9211595065956996,0.6776847701426503,1.2018393272355619
1,2,12-17,18-25,0.1432752498769982,0.07687625573408213,0.23316603752030293
1,2,12-17,26-34,0.12736486255009655,0.08292134615892695,0.18504428021679384
1,2,12-17,35-49,0.22334145283769896,0.14825160302865628,0.3225776925905228
1,2,12-17,50-69,0.10716692683754628,0.06515516529680089,0.17089883202252182
1,2,12-17,70-79,0.03424784920238014,0.011668072381446551,0.07077822155959958
1,2,12-17,80+,0.013728790998308213,0.001975897078198866,0.033571224526466534
1,2,18-25,0-4,0.06302679018156926,0.031444209884881384,0.10200226614536746
1,2,18-25,5-11,0.104253373327146,0.06577573799423386,0.15419663835725314
1,2,18-25,12-17,0.10846943510850439,0.06586582244644525,0.1614080770857278
1,2,18-25,18-25,0.4389768250569773,0.31273123892186105,0.5837099634380857
1,2,18-25,26-34,0.2902686418377144,0.2171946020227422,0.3715567796066201
1,2,18-25,35-49,0.2512064321259426,0.18561918477177342,0.3241110678012949
1,2,18-25,50-69,0.20003443778972596,0.13438970714209986,0.28053166585155903
1,2,18-25,70-79,0.05270635582134888,0.0186897337573163,0.10359768747788324
1,2,18-25,80+,0.025225786141836976,0.005023875597929025,0.054062350495467905
1,2,26-34,0-4,0.09647401082486376,0.054726790148644566,0.14758817027925955
1,2,26-34,5-11,0.10472009331075287,0.07058492362337244,0.14194523572447043
1,2,26-34,12-17,0.0636967926707947,0.038784018042754435,0.09433862094924939
1,2,26-34,18-25,0.23545396794097692,0.16168734878773725,0.3197302944964564
1,2,26-34,26-34,0.4031341806664636,0.32378405680474354,0.49086946965347833
1,2,26-34,35-49,0.29491076908823266,0.2346896818884432,0.3634752069119413
1,2,26-34,50-69,0.23166708046969198,0.17632375292496916,0.2988542431471163
1,2,26-34,70-79,0.03451105825140434,0.016320575853915532,0.05805776104684867
1,2,26-34,80+,0.010100468516852012,0.001567398119122255,0.026055157963786962
1,2,35-49,0-4,0.05585967070291273,0.03174123896857326,0.08489426569595418
1,2,35-49,5-11,0.08840110702771788,0.06156984483744573,0.12078620711485029
1,2,35-49,12-17,0.08344109567271575,0.052836088155896896,0.12285224724759289
1,2,35-49,18-25,0.15738834006021413,0.10692633146162192,0.21684955751622345
1,2,35-49,26-34,0.22580244327260982,0.18173033505048677,0.2788328361719143
1,2,35-49,35-49,0.3293996831785329,0.26888683531430796,0.39631309969986045
1,2,35-49,50-69,0.26727539229942027,0.21219620762352132,0.33404319939636085
1,2,35-49,70-79,0.0432708513951541,0.022017192105687228,0.07230475676927356
1,2,35-49,80+,0.013880127238969614,0.0032670934753211626,0.03062549257578154
1,2,50-69,0-4,0.051885677998529584,0.026995890005313133,0.08604900622857149
1,2,50-69,5-11,0.04281346655816163,0.024797783667732696,0.06510177929559635
1,2,50-69,12-17,0.04086045602414268,0.02244615494869395,0.06604432636611811
1,2,50-69,18-25,0.1010450130993041,0.058765903515937384,0.1606994379367685
1,2,50-69,26-34,0.17057948661021996,0.12241820643741019,0.22429484576042294
1,2,50-69,35-49,0.23778774966358554,0.18486407739807323,0.29695159213291006
1,2,50-69,50-69,0.2873671281952249,0.22753427474397456,0.3554551217878925
1,2,50-69,70-79,0.048101441311123525,0.027376826651440138,0.0735895578734382
1,2,50-69,80+,0.0417676401346048,0.01623206193174519,0.08154668225532485
1,2,70-79,0-4,0.04033538096135215,0.009168168416855613,0.08830420699332812
1,2,70-79,5-11,0.05904872249028561,0.02294313630347713,0.10948580451399569
1,2,70-79,12-17,0.04282777732161397,0.01224631265051848,0.08746543059643117
1,2,70-79,18-25,0.0928690087442366,0.026589262195457125,0.18739020074191964
1,2,70-79,26-34,0.07161410145696609,0.029268694727309173,0.13113882646730562
1,2,70-79,35-49,0.10051666236672566,0.04663911691592872,0.1677765778302891
1,2,70-79,50-69,0.15982490565884175,0.09400767615051156,0.24549635407816428
1,2,70-79,70-79,0.1479857645459607,0.07406812498946401,0.24753804402480042
1,2,70-79,80+,0.09621382147938429,0.022533031537716176,0.19612183860619276
1,2,80+,0-4,0.03767996512783982,0,0.13232811579851403
1,2,80+,5-11,0.029234642014626486,0,0.08660819747584786
1,2,80+,12-17,0.04007157452177612,0.005386649096243574,0.11164008525571677
1,2,80+,18-25,0.07231791850833742,0.008379964757922386,0.1877434314866389
1,2,80+,26-34,0.045752677697470226,0.0072719925587281815,0.1225544144257606
1,2,80+,35-49,0.07838971139094078,0.014053304805342198,0.1977073573885499
1,2,80+,50-69,0.20511993263541484,0.0778673963707015,0.4243919559297778
1,2,80+,70-79,0.13921503379787908,0.0254749920874733,0.33193107495800267
1,2,80+,80+,0.16018029191702224,0,0.3562455402040166
1,3,0-4,0-4,0.22714736824040374,0.13031166983683323,0.3384156402962301
1,3,0-4,5-11,0.14650719931002712,0.08693823313517493,0.2113981544856047
1,3,0-4,12-17,0.06914900307079812,0.03452233932461849,0.11482783982012511
1,3,0-4,18-25,0.09671905509983496,0.0355976953879587,0.181807679089928
1,3,0-4,26-34,0.15475028259824042,0.07651414777807755,0.2461255264811488
1,3,0-4,35-49,0.18041041462051496,0.10467695340818658,0.2809967931754669
1,3,0-4,50-69,0.16815777861381187,0.08534205631770003,0.2916063931047471
1,3,0-4,70-79,0.034501070605708554,0.004759679572844706,0.087241217279488
1,3,0-4,80+,0.02097388920653693,0,0.08582621968139795
1,3,5-11,0-4,0.09807321998706514,0.05015439225663048,0.16310846138799207
1,3,5-11,5-11,0.7448854910690597,0.578956316044195,0.9315300337462068
1,3,5-11,12-17,0.11431066214813676,0.07119486787993097,0.16285717820812834
1,3,5-11,18-25,0.13042794409810982,0.06361571485733714,0.22802347488297908
1,3,5-11,26-34,0.15578318253075216,0.09714590147899306,0.2342538798823045
1,3,5-11,35-49,0.1431839453392324,0.09551960465369946,0.20263801003128293
1,3,5-11,50-69,0.099953471806512,0.05786588608660071,0.14607956692225663
1,3,5-11,70-79,0.03592209555041601,0.014650459794123764,0.06319786628078364
1,3,5-11,80+,0.007461091812466565,0,0.020495156350667287
1,3,12-17,0-4,0.03996736558673842,0.018180759200880896,0.06678476856612638
1,3,12-17,5-11,0.12881252316988856,0.08353693269459926,0.1780926133669828
1,3,12-17,12-17,0.6731691966638376,0.49500847613525306,0.8866450713169225
1,3,12-17,18-25,0.1097488474526768,0.04939719793509588,0.1950477778725118
1,3,12-17,26-34,0.08964201027590356,0.05225938883049484,0.13543788566135134
1,3,12-17,35-49,0.1982868667785451,0.12755190940008615,0.29088356192951387
1,3,12-17,50-69,0.11183367822433658,0.06395884378679108,0.17718289317007027
1,3,12-17,70-79,0.02877019000408873,0.010138797129670266,0.05444386106128189
1,3,12-17,80+,0.013372878735013534,0.0019376118067993932,0.031378817677808146
1,3,18-25,0-4,0.04212315478630191,0.017526360142873124,0.07052738782819123
1,3,18-25,5-11,0.06267647548552184,0.0345845796205371,0.09564522351255296
1,3,18-25,12-17,0.08994300915086612,0.051741476145265135,0.13797209413772674
1,3,18-25,18-25,0.31635258082178924,0.2339804356706149,0.4153013960293947
1,3,18-25,26-34,0.22545577996792127,0.16755065111013465,0.29077090418644497
1,3,18-25,35-49,0.20515907276958292,0.15009810601122706,0.26376527432451663
1,3,18-25,50-69,0.17361834861227537,0.1134797647449934,0.24980267885553567
1,3,18-25,70-79,0.04451040294258623,0.01662532771573803,0.08894645564402183
1,3,18-25,80+,0.023857519508388804,0.004926108374384235,0.053433949968513215
1,3,26-34,0-4,0.06392226163429134,0.03272285948738007,0.10404914766664525
1,3,26-34,5-11,0.078588432319127155,0.051750728293477294,0.11284237885316241
1,3,26-34,12-17,0.04746863950035686,0.026552901785946305,0.07238295187792936
1,3,26-34,18-25,0.15352702497652218,0.1068798102210137,0.20901668562759657
1,3,26-34,26-34,0.313134167982656,0.24725438679202433,0.3917476318953748
1,3,26-34,35-49,0.2442781573483641,0.19137474544694155,0.3002004842082267
1,3,26-34,50-69,0.18254454369390744,0.13626713709656366,0.23529171048072403
1,3,26-34,70-79,0.026514275399894708,0.011177614767017193,0.046003307534144985
1,3,26-34,80+,0.011718767847610709,0.0015722038209025826,0.02771103078766279
1,3,35-49,0-4,0.04135173338008311,0.021379546820467957,0.06458282998892394
1,3,35-49,5-11,0.0667963237617506,0.04340350881427423,0.0931183515939256
1,3,35-49,12-17,0.06525224877269362,0.04132426516218247,0.09387698361641122
1,3,35-49,18-25,0.0965850746697142,0.06796566370469086,0.12874035001857442
1,3,35-49,26-34,0.17206541601341177,0.13141912253760618,0.2134443863129447
1,3,35-49,35-49,0.2795284298003801,0.227156370106836,0.34313650724414746
1,3,35-49,50-69,0.23415806665786096,0.1814273267308025,0.2939958916847895
1,3,35-49,70-79,0.04842813338108576,0.024753843213139625,0.08048129284060468
1,3,35-49,80+,0.015764463260708683,0.004438596491228071,0.03080940799759048
1,3,50-69,0-4,0.03416196721584854,0.015432489709870247,0.0580476636013902
1,3,50-69,5-11,0.033030598352575935,0.017473843935306294,0.05021568471487566
1,3,50-69,12-17,0.030873078079313287,0.016416579624829352,0.05261212851688988
1,3,50-69,18-25,0.06393389936884637,0.04032077175155056,0.09617145468309374
1,3,50-69,26-34,0.13975334867846087,0.09566448087448474,0.1868769453820524
1,3,50-69,35-49,0.2200981909687046,0.16733429780068715,0.2876718729370142
1,3,50-69,50-69,0.25504361193806474,0.19898872626376482,0.3144789730141485
1,3,50-69,70-79,0.05306029354575324,0.03233761433210386,0.07897175036315751
1,3,50-69,80+,0.034755181419482355,0.014665699431928112,0.06067221591065302
1,3,70-79,0-4,0.028476826368453865,0.004587155963302755,0.06800900637208715
1,3,70-79,5-11,0.04303605929451116,0.012615214639992515,0.09008146505619023
1,3,70-79,12-17,0.02633330217442978,0.003583482209131882,0.062419023119088646
1,3,70-79,18-25,0.049657348534643965,0.010219439720611333,0.11138688271844675
1,3,70-79,26-34,0.0629367498085333,0.020353988046254018,0.11775904101569233
1,3,70-79,35-49,0.10431495646729919,0.052157413471429215,0.17568885594791886
1,3,70-79,50-69,0.1545513382961346,0.09225873494798903,0.23567521874340805
1,3,70-79,70-79,0.14998612193196678,0.07869109647450129,0.2431840167584207
1,3,70-79,80+,0.08095160464794392,0.0219297355260241,0.16326620033135167
1,3,80+,0-4,0.026035342014650357,0,0.100001392953802
1,3,80+,5-11,0.019478428291542796,0,0.06572096738297317
1,3,80+,12-17,0.036846166984222634,0,0.10322087047600324
1,3,80+,18-25,0.048184765228393794,0,0.15396302848875384
1,3,80+,26-34,0.060035416431880206,0.007877824641241461,0.16229884245030352
1,3,80+,35-49,0.1003868985567728,0.019636853326007904,0.2719296372907252
1,3,80+,50-69,0.19396284221420693,0.06119687090623461,0.41668302433028864
1,3,80+,70-79,0.1307382150269621,0.031405479232030936,0.2951250561125538
1,3,80+,80+,0.1228351881403039,0,0.2993208341656866
1,4,0-4,0-4,0.21484469728970282,0.12709296878829693,0.3271106523263766
1,4,0-4,5-11,0.15408147570132186,0.0922316576129293,0.22761453804088505
1,4,0-4,12-17,0.05138426113755957,0.022942053015256914,0.08676386750316291
1,4,0-4,18-25,0.07089508574211893,0.02579516485935683,0.1334390700257016
1,4,0-4,26-34,0.12066008144072092,0.059091863511948076,0.1993116166678112
1,4,0-4,35-49,0.18340863645105848,0.10671153476473257,0.2855722167815502
1,4,0-4,50-69,0.16628808178034513,0.0778630743357473,0.28825828747894283
1,4,0-4,70-79,0.036168694620262135,0.0053163785483941375,0.07959611949426523
1,4,0-4,80+,0.03129877075820036,0,0.10892900273775923
1,4,5-11,0-4,0.08775188971344829,0.046439460091931666,0.1393579061659924
1,4,5-11,5-11,0.6190179984701025,0.4707721339306531,0.7892165913411685
1,4,5-11,12-17,0.0967796740627392,0.060357573397426145,0.13857068932841268
1,4,5-11,18-25,0.09864505069553325,0.04960997726622918,0.17082414434674312
1,4,5-11,26-34,0.12499803477700963,0.07707944677340603,0.19144213516260797
1,4,5-11,35-49,0.127267801058212,0.08979225217893161,0.1735658620662326
1,4,5-11,50-69,0.10132913407683003,0.06223029531971953,0.15039961720554096
1,4,5-11,70-79,0.04030296240300585,0.017361207810518416,0.07085990074118693
1,4,5-11,80+,0.01074080629658276,0.0016392103289403174,0.026503598403952763
1,4,12-17,0-4,0.03721561995086037,0.01915283828421875,0.060220833138409896
1,4,12-17,5-11,0.10472234367263944,0.06376830486473253,0.14705639400672973
1,4,12-17,12-17,0.5245265594938754,0.37474966348550537,0.68274878679241
1,4,12-17,18-25,0.09381449351124167,0.040795795153967467,0.16148443884460592
1,4,12-17,26-34,0.0782799719882611,0.044960516404678304,0.12079112642988495
1,4,12-17,35-49,0.15995014934338858,0.1001817841951415,0.22148241165848992
1,4,12-17,50-69,0.10213886723448937,0.053248503068732536,0.16867816168003363
1,4,12-17,70-79,0.03265624830647417,0.012365731842227726,0.06080378281664294
1,4,12-17,80+,0.011913890731941563,0.0019379844961240301,0.03073929827988081
1,4,18-25,0-4,0.03460612874299016,0.012370714532752748,0.06290269521962838
1,4,18-25,5-11,0.058073129821597826,0.035183046869556124,0.08738075949343659
1,4,18-25,12-17,0.05460246287391112,0.027106163006938383,0.08859273829671725
1,4,18-25,18-25,0.23049743361688724,0.1651051164528519,0.30730296493940595
1,4,18-25,26-34,0.1895658484277497,0.1337569918540012,0.2513835045128015
1,4,18-25,35-49,0.17935078658594675,0.13262523895445852,0.23195806811875516
1,4,18-25,50-69,0.14162190262242721,0.09112404098236584,0.20397487650370572
1,4,18-25,70-79,0.052835417347415446,0.021943179800214832,0.09501273903666024
1,4,18-25,80+,0.021849134824156593,0.00469483568113916,0.04948913701103462
1,4,26-34,0-4,0.05687426217934964,0.028681500888556533,0.10026580161733663
1,4,26-34,5-11,0.0685786969828134,0.04121221556331395,0.10379707788266458
1,4,26-34,12-17,0.04230749218087107,0.023468565078616575,0.06584738597256083
1,4,26-34,18-25,0.1427317666622701,0.10054260451178501,0.19177246681139792
1,4,26-34,26-34,0.25831693425005625,0.20093737262888473,0.3227116537206777
1,4,26-34,35-49,0.2083316717192989,0.16277234241433863,0.25890950983369954
1,4,26-34,50-69,0.16887276157296785,0.12770461743460199,0.21924130535247602
1,4,26-34,70-79,0.03433882755080091,0.01680818067482148,0.05799272678371692
1,4,26-34,80+,0.010153608842841718,0.0015526748456819793,0.02512318138310198
1,4,35-49,0-4,0.037789901901748156,0.02065400554315803,0.062050902930477186
1,4,35-49,5-11,0.06012149868922173,0.038223105217096896,0.08431926215753682
1,4,35-49,12-17,0.05687382066068162,0.03605198364920905,0.08343034617742812
1,4,35-49,18-25,0.08513772291097364,0.059045847474363686,0.11291299929663477
1,4,35-49,26-34,0.13613971023588434,0.09822075995060342,0.17354650639672312
1,4,35-49,35-49,0.2422029338968817,0.19569528822207416,0.294456085768026
1,4,35-49,50-69,0.21291806690208448,0.1638120551593272,0.2678614799869786
1,4,35-49,70-79,0.05600713018702743,0.0311880965515132,0.08817714604331532
1,4,35-49,80+,0.015391161103116065,0.004054778832078522,0.0335161197611148
1,4,50-69,0-4,0.03019543100782503,0.014074478428889583,0.054186838515192536
1,4,50-69,5-11,0.03504918567848376,0.01886049738673186,0.05651063867736224
1,4,50-69,12-17,0.025974305233402304,0.013606849320486735,0.043515998958799616
1,4,50-69,18-25,0.05733382487675679,0.034207162328021803,0.08903297580010729
1,4,50-69,26-34,0.11577325527130741,0.0800213401259573,0.1584803728420475
1,4,50-69,35-49,0.19491580080546084,0.15150468975653958,0.2461273773799089
1,4,50-69,50-69,0.22798251993631916,0.18365819859089946,0.27953875575636444
1,4,50-69,70-79,0.06185779528678365,0.03833343818578334,0.09357532022192513
1,4,50-69,80+,0.03457641254875561,0.01526522662816135,0.06131615825128982
1,4,70-79,0-4,0.020594245632567284,0,0.04886434223465757
1,4,70-79,5-11,0.03740350376704494,0.00757764426118972,0.07970598960279972
1,4,70-79,12-17,0.023866318616535317,0.0033161031762791865,0.05844450430161988
1,4,70-79,18-25,0.04171988246536243,0.009028996455259848,0.0995914979414395
1,4,70-79,26-34,0.05861912577601465,0.01956767248879636,0.11478183775226873
1,4,70-79,35-49,0.09096570905372495,0.04326807216589138,0.1544176544071105
1,4,70-79,50-69,0.14482156160166268,0.0847789230512598,0.21602513230999965
1,4,70-79,70-79,0.15556410852603889,0.08898341854820631,0.24915046860723494
1,4,70-79,80+,0.07767536043016965,0.022465667973930577,0.1505984445401455
1,4,80+,0-4,0.029934049644957255,0,0.1245761647382723
1,4,80+,5-11,0.018491871619205496,0,0.07075854641047481
1,4,80+,12-17,0.025319891875177993,0,0.08354833947872571
1,4,80+,18-25,0.08305718454062039,0,0.2575615216117713
1,4,80+,26-34,0.06492263196135861,0.007321137933305776,0.2003505465591162
1,4,80+,35-49,0.14391581844171614,0.019515566129032248,0.39729965315541527
1,4,80+,50-69,0.19386517350942867,0.0646181014669256,0.4116752846813133
1,4,80+,70-79,0.13956094371360497,0.027374591662022902,0.3088675497150721
1,4,80+,80+,0.12099377382578584,0,0.27852701244849765
1,5,0-4,0-4,0.16114356052956472,0.08618253392702412,0.2621569955845057
1,5,0-4,5-11,0.14463183911414976,0.08935349005686902,0.21231847746617533
1,5,0-4,12-17,0.05434397546035697,0.02531491768368471,0.09154398741716642
1,5,0-4,18-25,0.07860789730869494,0.027425849783559077,0.1538113044209464
1,5,0-4,26-34,0.0915923493013419,0.041983571463544235,0.16000336403319168
1,5,0-4,35-49,0.1951658637949527,0.10581249668173884,0.3013923978083229
1,5,0-4,50-69,0.171066587751797,0.07749981333299236,0.31022331389041524
1,5,0-4,70-79,0.02371454612909686,0.003947059773457133,0.056279434876646474
1,5,0-4,80+,0.018558426488467443,0,0.0630108703678391
1,5,5-11,0-4,0.06529617550550601,0.02759782725865646,0.11800329737726259
1,5,5-11,5-11,0.5815746503416449,0.44147079450795973,0.7493646740353395
1,5,5-11,12-17,0.11246749517517815,0.07016231965471996,0.16836010997417622
1,5,5-11,18-25,0.09198926007328466,0.047371281344501207,0.15513301962924583
1,5,5-11,26-34,0.10961996800432952,0.06285144121167927,0.17682127733955633
1,5,5-11,35-49,0.12127353680797137,0.07694685895535494,0.17407264378563103
1,5,5-11,50-69,0.10112403293603332,0.05911672680421714,0.15445143808917483
1,5,5-11,70-79,0.037449394361228676,0.015414109091623988,0.0662070755362481
1,5,5-11,80+,0.00868657652608029,0,0.024611818727109873
1,5,12-17,0-4,0.029532361705839987,0.011716528208331729,0.05162802781349236
1,5,12-17,5-11,0.10698479197034907,0.06693897180190701,0.15529565212649807
1,5,12-17,12-17,0.5190682628531895,0.37336204007713925,0.6871323027914624
1,5,12-17,18-25,0.06807161130236301,0.028882387947993263,0.1227354356136724
1,5,12-17,26-34,0.05528480296848634,0.028521830785857776,0.088680141650655
1,5,12-17,35-49,0.16771245460221373,0.10537194826332051,0.24317698313371433
1,5,12-17,50-69,0.11319660333660117,0.05510109287632096,0.20648844771548922
1,5,12-17,70-79,0.02495216655028172,0.008831414818924794,0.04581579235036267
1,5,12-17,80+,0.009388580063696354,0,0.025530346940364268
1,5,18-25,0-4,0.022878366417261847,0.005952300781164019,0.045999706840472256
1,5,18-25,5-11,0.05484809967230845,0.03076812324873391,0.08331453616341472
1,5,18-25,12-17,0.03944057056979372,0.0169233955771299,0.0678338038618759
1,5,18-25,18-25,0.24061008774360218,0.16254307058494705,0.3358772699073345
1,5,18-25,26-34,0.16071087010730764,0.11070892451823963,0.2148787035742873
1,5,18-25,35-49,0.1670506835177213,0.11749867537856912,0.21981351176389005
1,5,18-25,50-69,0.12324918906954795,0.07937917453321279,0.1776358748147713
1,5,18-25,70-79,0.0503764648831505,0.01874799809192522,0.08996365376585484
1,5,18-25,80+,0.017255887260847723,0.0023582137478961812,0.04169989956617993
1,5,26-34,0-4,0.042599328264993165,0.019362675414115564,0.08168321007364052
1,5,26-34,5-11,0.06786490616443758,0.04094466733230142,0.10086161783634291
1,5,26-34,12-17,0.05172726763711125,0.027776921725307942,0.08530211040695056
1,5,26-34,18-25,0.14544911009500855,0.09492541771001173,0.21181222202314418
1,5,26-34,26-34,0.20969879528653784,0.16051920616637125,0.2665809300879143
1,5,26-34,35-49,0.19415352299074617,0.15096356059362231,0.248092694956526
1,5,26-34,50-69,0.15683024534999754,0.11456026953295381,0.20393658982725418
1,5,26-34,70-79,0.027023963072371503,0.011107994260661919,0.04668083348338555
1,5,26-34,80+,0.0064493661135829284,0,0.015884823575877335
1,5,35-49,0-4,0.028466426824240068,0.013964122310088261,0.0482665763264812
1,5,35-49,5-11,0.04669383262017255,0.02889515130265875,0.06764866297032583
1,5,35-49,12-17,0.06617614770448499,0.039127428290079154,0.09900282767793749
1,5,35-49,18-25,0.09052835385926342,0.05841291538858744,0.12981297830452626
1,5,35-49,26-34,0.10872469728540433,0.08131182022930605,0.1415552302634172
1,5,35-49,35-49,0.2226562566640032,0.1782166556308469,0.2763723559206429
1,5,35-49,50-69,0.19026939190533945,0.1456320095739935,0.24113997315594657
1,5,35-49,70-79,0.04977291112665775,0.025566074673464508,0.0789315632794605
1,5,35-49,80+,0.012145021420985166,0.0031906494960936677,0.02472268712141635
1,5,50-69,0-4,0.021825005490274475,0.00840240790777718,0.042512463832528
1,5,50-69,5-11,0.03063424947686081,0.015524136107013458,0.050800189747637864
1,5,50-69,12-17,0.02791649406694037,0.012711892308998272,0.04704113262416544
1,5,50-69,18-25,0.05909101105294078,0.031230489228975,0.10172063470091512
1,5,50-69,26-34,0.10649776649798384,0.07080911170253629,0.14984975396366923
1,5,50-69,35-49,0.18604118566272537,0.1417273795627123,0.23663410208282165
1,5,50-69,50-69,0.20761573249409568,0.16484153251517253,0.25271184603998476
1,5,50-69,70-79,0.05298481492101579,0.03187837428341086,0.08049901338605472
1,5,50-69,80+,0.025544978861868472,0.01115261247843696,0.04439873374905307
1,5,70-79,0-4,0.017412130572526496,0,0.0477543442580791
1,5,70-79,5-11,0.035798190800367516,0.005131788793317341,0.08063839856293549
1,5,70-79,12-17,0.03128236237684546,0.004164359611285192,0.07795303081052837
1,5,70-79,18-25,0.04000542603590997,0.005789706986696213,0.09677440838700023
1,5,70-79,26-34,0.045974896273037816,0.013235784508487702,0.092529940516413
1,5,70-79,35-49,0.07881617267637796,0.0347042644396576,0.13045895876099492
1,5,70-79,50-69,0.15676035632178562,0.09059633583207545,0.23399034702153695
1,5,70-79,70-79,0.13944346316017003,0.07342968993881524,0.2183830823419021
1,5,70-79,80+,0.05593150585620313,0.013389894130409617,0.11511239830805878
1,5,80+,0-4,0.030512030331057205,0,0.1347141841301594
1,5,80+,5-11,0.017870747900597058,0,0.07134422392182317
1,5,80+,12-17,0.03408441972836975,0,0.10195063870541575
1,5,80+,18-25,0.05711747372879721,0,0.17684745129700408
1,5,80+,26-34,0.03668330182751439,0,0.11650087403419848
1,5,80+,35-49,0.10259276285001523,0.021260657286921034,0.2651613494043687
1,5,80+,50-69,0.1749344862104863,0.0668084894628203,0.3405943927265225
1,5,80+,70-79,0.11126352363546178,0.021317582181870638,0.26618068838282766
1,5,80+,80+,0.08468142972397319,0,0.22532917101047756
2,1,0-4,0-4,0.49213547630663074,0.32387857436277073,0.7017924419925811
2,1,0-4,5-11,0.22606653860899026,0.13046629685526887,0.35117873481300094
2,1,0-4,12-17,0.07575502292358839,0.03956527345052718,0.11694971721589949
2,1,0-4,18-25,0.1289921855641817,0.06435449663079619,0.2087603573763764
2,1,0-4,26-34,0.24590631182393982,0.13949521750315302,0.3761931561869173
2,1,0-4,35-49,0.2070386517390865,0.11764593736208488,0.31465266602714925
2,1,0-4,50-69,0.20011757418341844,0.10412029348327598,0.3318819190884158
2,1,0-4,70-79,0.043209535544330595,0.009821459216267477,0.09459644807738614
2,1,0-4,80+,0.02125564241074657,0,0.07464760385945533
2,1,5-11,0-4,0.14816306105185986,0.09077647433166249,0.2096271567715006
2,1,5-11,5-11,1.298197635539363,1.057074032598452,1.5601511790638214
2,1,5-11,12-17,0.2029081918238876,0.14256626324886387,0.2768470419890884
2,1,5-11,18-25,0.14253059647486732,0.08992567694163643,0.2108108173201531
2,1,5-11,26-34,0.1783073055937267,0.12018522089619063,0.24169069873525267
2,1,5-11,35-49,0.21887216726866893,0.15244068576813277,0.29905438762322795
2,1,5-11,50-69,0.11030568660931202,0.0638896303839941,0.16772985329121173
2,1,5-11,70-79,0.04225554584852436,0.016418217145002835,0.0783485609390589
2,1,5-11,80+,0.011016440628674086,0,0.032636420345828164
2,1,12-17,0-4,0.08211812999555465,0.04700447279950539,0.1270144958261807
2,1,12-17,5-11,0.21819070509226163,0.14375457749995324,0.29720232411665926
2,1,12-17,12-17,1.0961254549962147,0.8064048861221247,1.4301178785712971
2,1,12-17,18-25,0.16754331048852378,0.10173721223575859,0.24931303041707661
2,1,12-17,26-34,0.12253450746367336,0.07460941672358531,0.18148066752062147
2,1,12-17,35-49,0.23340736760784261,0.14779686378442813,0.3436510439321178
2,1,12-17,50-69,0.11893849688176444,0.06533730139466432,0.19224486630578635
2,1,12-17,70-79,0.034625852422270904,0.009901027815885312,0.07071497241473636
2,1,12-17,80+,0.017060103168514754,0.002293316157680867,0.04752973635137041
2,1,18-25,0-4,0.09517567595562264,0.04376640058150009,0.16874712182678162
2,1,18-25,5-11,0.18827728149820797,0.10478665482911106,0.30475133164177437
2,1,18-25,12-17,0.11475926117023265,0.061575619774881143,0.1867591382237506
2,1,18-25,18-25,0.4564071624395536,0.3251487760065843,0.6068871814950447
2,1,18-25,26-34,0.30488636499060384,0.20936690287257598,0.41401471429369285
2,1,18-25,35-49,0.2963454485914107,0.20133087146802145,0.40830457564015515
2,1,18-25,50-69,0.1979817984680627,0.11514253806124805,0.31486525420369665
2,1,18-25,70-79,0.05054019252209987,0.014470127855891341,0.10197951879010778
2,1,18-25,80+,0.02072441629626401,0.0024014778325123203,0.05380233711468967
2,1,26-34,0-4,0.08562425818117733,0.0469824598453785,0.13677797362438218
2,1,26-34,5-11,0.12312894991732448,0.08155059849916402,0.17147330089936164
2,1,26-34,12-17,0.0774567563727354,0.05042849636024982,0.11253441054264708
2,1,26-34,18-25,0.22914167582924955,0.17145612000480204,0.2933115427341968
2,1,26-34,26-34,0.3963462167913272,0.31833218845336175,0.4826042210409526
2,1,26-34,35-49,0.3228103490240926,0.25980424319451556,0.39862334463478166
2,1,26-34,50-69,0.25376416254270245,0.18211658537555853,0.3336743170478519
2,1,26-34,70-79,0.029590870071876354,0.012093793334398834,0.054186422735531134
2,1,26-34,80+,0.0099551088349953,0.00158227848101266,0.026666035633691965
2,1,35-49,0-4,0.07300470219050793,0.04376179549077036,0.11126413957505472
2,1,35-49,5-11,0.09076503913519482,0.06403858878686257,0.12521966112957258
2,1,35-49,12-17,0.09573110448427904,0.06354525556799172,0.13826684836747186
2,1,35-49,18-25,0.1397683303111857,0.10327635048877787,0.180331619690578
2,1,35-49,26-34,0.20435712497540076,0.16262718652286517,0.25186855167754213
2,1,35-49,35-49,0.33190672138194405,0.27093331441842394,0.39932941128787525
2,1,35-49,50-69,0.24932568510745431,0.19383405080472244,0.3113602751068263
2,1,35-49,70-79,0.029273274489790304,0.013582620426256378,0.048861250464774145
2,1,35-49,80+,0.012021609568358389,0.002155172413793105,0.030319803672497217
2,1,50-69,0-4,0.05235622287917179,0.027266945921793115,0.08553775934882137
2,1,50-69,5-11,0.04529207963224103,0.02787745769759905,0.06565419489838069
2,1,50-69,12-17,0.03998206962855811,0.02430823046279818,0.06375930712020567
2,1,50-69,18-25,0.09687317933380041,0.06508258450116841,0.1358565788727587
2,1,50-69,26-34,0.13972825635923786,0.10634834479276056,0.18025168796465818
2,1,50-69,35-49,0.23440809609291252,0.18610208968075617,0.29296535573153826
2,1,50-69,50-69,0.26226201501986574,0.2076563097359515,0.32440167069454506
2,1,50-69,70-79,0.04051337872726559,0.023829631379764328,0.06222989294398086
2,1,50-69,80+,0.027379920348712783,0.010393934333924182,0.05664889706572344
2,1,70-79,0-4,0.0350577220779914,0.00689537081106638,0.07965693764376365
2,1,70-79,5-11,0.04834121064843235,0.020061542777488024,0.08339435477795895
2,1,70-79,12-17,0.03941507167068998,0.013428519451129575,0.08145704739034279
2,1,70-79,18-25,0.07873834765639699,0.02792070768802789,0.15476521960048453
2,1,70-79,26-34,0.06421000659564959,0.030365463602730073,0.1080201364035281
2,1,70-79,35-49,0.11706675925612368,0.059566226330849716,0.1956162932058476
2,1,70-79,50-69,0.13541941062561044,0.07707365161800665,0.2071757993895232
2,1,70-79,70-79,0.11571734786764727,0.05791750991459896,0.19356217159656977
2,1,70-79,80+,0.05732380052849225,0.010489695868676258,0.13667741343026157
2,1,80+,0-4,0.06791344438979044,0,0.21156927730574956
2,1,80+,5-11,0.015216293472033234,0,0.04524483365824909
2,1,80+,12-17,0.027172144822523163,0.003910713009604128,0.06644446512551616
2,1,80+,18-25,0.06480829943916379,0.012906984633303581,0.13889315399706964
2,1,80+,26-34,0.03231830432182771,0.00501517818928276,0.08336826384063639
2,1,80+,35-49,0.0645794306645728,0.015200655795994259,0.1424898230625221
2,1,80+,50-69,0.20222059179370785,0.0785885235385872,0.3948132643199732
2,1,80+,70-79,0.1293834134027594,0.030301265346646993,0.26373459167850816
2,1,80+,80+,0.11342806641160115,0,0.252267256536344
2,2,0-4,0-4,0.9785904003115828,0.5788362306609884,1.5873224516525286
2,2,0-4,5-11,0.45566982966484515,0.3459755910983707,0.5878367406588291
2,2,0-4,12-17,0.1604324147262358,0.10335423692451143,0.22899146287689298
2,2,0-4,18-25,0.3585070539815093,0.24425040851782698,0.4955050937145161
2,2,0-4,26-34,0.7373459505850123,0.5910784336879681,0.9169184910019772
2,2,0-4,35-49,0.6238710872638676,0.4686654122180833,0.788229337641938
2,2,0-4,50-69,0.32834668085992,0.2124357691246773,0.47578330601240726
2,2,0-4,70-79,0.08280820121334273,0.028753866607820703,0.15838843289813703
2,2,0-4,80+,0.057458296380684296,0,0.17504479306200993
2,2,5-11,0-4,0.30438976793296163,0.23111345765937824,0.39267793789028654
2,2,5-11,5-11,2.0904771662125823,1.6014660541308803,2.7583988448398826
2,2,5-11,12-17,0.3209018108969535,0.2476542288003879,0.40785318584443087
2,2,5-11,18-25,0.2888636975466598,0.20237334001484858,0.39914541840706597
2,2,5-11,26-34,0.575749988156603,0.4690448035435025,0.6989907257612769
2,2,5-11,35-49,0.7650298829665754,0.6723635060782821,0.8727983675311138
2,2,5-11,50-69,0.27515675718174787,0.20599533089978558,0.3521151502683646
2,2,5-11,70-79,0.06607820926316274,0.03487163959372362,0.10939231901698034
2,2,5-11,80+,0.020006310217140402,0.002242152466367715,0.053505428265692684
2,2,12-17,0-4,0.12108033755402117,0.07800272729056953,0.17282270337597283
2,2,12-17,5-11,0.3625549972803159,0.2797998490510724,0.4607926962807913
2,2,12-17,12-17,1.5192477043369845,1.0480620665085132,2.076292793031215
2,2,12-17,18-25,0.33489512059368515,0.24056857450939587,0.4490589453350557
2,2,12-17,26-34,0.30269610314619666,0.222998516994863,0.39743024811999217
2,2,12-17,35-49,0.7943210383916972,0.6739163098422134,0.9304096597122187
2,2,12-17,50-69,0.42431818570886104,0.32954807320625057,0.5349409267696497
2,2,12-17,70-79,0.06492973630129874,0.030343352339482696,0.1088862067223523
2,2,12-17,80+,0.02375520697502444,0.004877456784596533,0.05372303968369656
2,2,18-25,0-4,0.1821253301942967,0.12408176019793311,0.25172176615070646
2,2,18-25,5-11,0.21967763171289625,0.15390267601594196,0.30354565481719603
2,2,18-25,12-17,0.22542390256483033,0.16193101531079385,0.30226961730473134
2,2,18-25,18-25,0.882563601285223,0.6435560795847852,1.1588657562543843
2,2,18-25,26-34,0.5197655694996881,0.407106592989624,0.6484191040749262
2,2,18-25,35-49,0.4926809133567595,0.3880474809822464,0.6152576713597354
2,2,18-25,50-69,0.4570191935023322,0.34697066067953725,0.6064818453777004
2,2,18-25,70-79,0.07863006407102793,0.033247276943899194,0.15250872742836918
2,2,18-25,80+,0.048030244245053685,0.011291674435216519,0.09774248146058678
2,2,26-34,0-4,0.2844048854739114,0.22798741093749827,0.35366858421807096
2,2,26-34,5-11,0.33244508422400393,0.2708322056907067,0.4036057932741101
2,2,26-34,12-17,0.15470027299493458,0.11396886546606447,0.20311648297273394
2,2,26-34,18-25,0.39463955561180153,0.3091015918940282,0.4923216197807132
2,2,26-34,26-34,0.858200048774039,0.7242760845778249,1.0113819371220967
2,2,26-34,35-49,0.5303825528649743,0.4489217975858148,0.6199277231685206
2,2,26-34,50-69,0.43367135254002676,0.3547578244762882,0.5175872106011031
2,2,26-34,70-79,0.06367679089537519,0.03865707837780974,0.09389911605980611
2,2,26-34,80+,0.024273189399584127,0.004709027278924284,0.05383409798173012
2,2,35-49,0-4,0.1696034450872532,0.1274097648186175,0.2142853129630183
2,2,35-49,5-11,0.31134251912106947,0.27363028870943173,0.35520082088579863
2,2,35-49,12-17,0.28612405625090104,0.24275281507853946,0.33514482551147695
2,2,35-49,18-25,0.2636531118036137,0.20765960911994646,0.32924880022209574
2,2,35-49,26-34,0.3738206488890184,0.3164060295110741,0.43693327106509366
2,2,35-49,35-49,0.727297886513016,0.6192208266640015,0.8494010269081249
2,2,35-49,50-69,0.4556481667694725,0.39079849225970414,0.5371058499313717
2,2,35-49,70-79,0.08422583383719634,0.06028282152473025,0.11199001438304591
2,2,35-49,80+,0.03339130645209903,0.011552278887190409,0.061862616105631145
2,2,50-69,0-4,0.07769502355154535,0.05026760752417636,0.11258221057467184
2,2,50-69,5-11,0.09746775873459862,0.07296896292222312,0.12472844521308549
2,2,50-69,12-17,0.133036470635902,0.10332319952532705,0.1677200159998858
2,2,50-69,18-25,0.21287387452551326,0.16161463224225248,0.28249172483447466
2,2,50-69,26-34,0.2660452771708962,0.21763402906035179,0.31752531519077465
2,2,50-69,35-49,0.3965978804876663,0.3401524795476437,0.467498954710115
2,2,50-69,50-69,0.7218943795994909,0.6183213521159446,0.8471734826663364
2,2,50-69,70-79,0.12294046503165723,0.09993066661504373,0.15072348325074042
2,2,50-69,80+,0.08552336470130088,0.05256988067596703,0.12433291689053007
2,2,70-79,0-4,0.0604447306680102,0.020988497483430065,0.11561350237267924
2,2,70-79,5-11,0.07220438709596153,0.038104624686004444,0.11953419191749001
2,2,70-79,12-17,0.06279820529320637,0.029347232532358422,0.10531166077155336
2,2,70-79,18-25,0.11297987205219669,0.0477714617123111,0.21913267800641686
2,2,70-79,26-34,0.1205037359008314,0.0731557337930429,0.17769730735306585
2,2,70-79,35-49,0.22614688214583445,0.1618597467508948,0.30069387776138917
2,2,70-79,50-69,0.37924457349385127,0.3082643540482762,0.4649491370169756
2,2,70-79,70-79,0.43491460527041087,0.3132826294026313,0.5903654406014672
2,2,70-79,80+,0.18139558959126167,0.10073834972505448,0.28213626199057584
2,2,80+,0-4,0.07212742870252678,0,0.2197338178577287
2,2,80+,5-11,0.03759541893254731,0.0042134036895778515,0.10054622611473214
2,2,80+,12-17,0.039511636789592366,0.008112591952262415,0.08935662962005791
2,2,80+,18-25,0.11868336553459835,0.02790187611070691,0.2415229578317244
2,2,80+,26-34,0.0789966722121698,0.015325447277139482,0.17520213442463511
2,2,80+,35-49,0.15418470912980745,0.053342769399066174,0.2856512812380868
2,2,80+,50-69,0.45370327229258234,0.27888433728045353,0.6595887737103627
2,2,80+,70-79,0.3119531192808732,0.17324369627039768,0.4852008099454125
2,2,80+,80+,0.2795361360802712,0.076923077206299,0.5454545455363199
2,3,0-4,0-4,0.3787956775408182,0.2215142643804013,0.575046140296338
2,3,0-4,5-11,0.2080375889901783,0.12746209209167245,0.3186539281352406
2,3,0-4,12-17,0.07373298659924184,0.03559384300785661,0.12063756744345518
2,3,0-4,18-25,0.12491661097564445,0.05288599485824014,0.2291486543668848
2,3,0-4,26-34,0.21934276777288428,0.12184078921695585,0.33589897198521035
2,3,0-4,35-49,0.23695411077492254,0.1374437155154303,0.3561958013290274
2,3,0-4,50-69,0.2210725090745263,0.10789735141869297,0.3558277829411891
2,3,0-4,70-79,0.05533616991842648,0.01321839704508444,0.12111861576040454
2,3,0-4,80+,0.029497329782566403,0,0.0944362659332729
2,3,5-11,0-4,0.1336202943046949,0.0766608880049241,0.2034354244454491
2,3,5-11,5-11,1.0876052677965868,0.8464645539695749,1.3379317828291797
2,3,5-11,12-17,0.1435938043767317,0.09483662730898793,0.2015169581122786
2,3,5-11,18-25,0.1218291952894403,0.0641026066151846,0.204403084601636
2,3,5-11,26-34,0.1991835758357532,0.11827284323203126,0.3299987055053888
2,3,5-11,35-49,0.18878632396056383,0.1283443003709939,0.2619523619990527
2,3,5-11,50-69,0.13467278264417226,0.08118985166599048,0.19936096904613107
2,3,5-11,70-79,0.04499154273905987,0.01809196072256089,0.08355233209529947
2,3,5-11,80+,0.011709699281306808,0.0019353224295084752,0.02938128272298769
2,3,12-17,0-4,0.05168795725340421,0.023926921643886868,0.08592495065194819
2,3,12-17,5-11,0.16010451980314605,0.10178149777682093,0.22630044980399702
2,3,12-17,12-17,0.9299235676370108,0.6841566652149343,1.2214196642834674
2,3,12-17,18-25,0.12384820474404175,0.06263635065843574,0.20963881179099977
2,3,12-17,26-34,0.11784886842466155,0.06977910000322904,0.182390310906867
2,3,12-17,35-49,0.23993203271519842,0.1546524577055051,0.34706119454500123
2,3,12-17,50-69,0.15409758327937922,0.08252166280286886,0.2538532883624775
2,3,12-17,70-79,0.04203216081074884,0.014717203435938988,0.08474559981518981
2,3,12-17,80+,0.021118817013070453,0.00241488107620831,0.0545577765473679
2,3,18-25,0-4,0.0656115479488572,0.02894961454457227,0.11588958041575785
2,3,18-25,5-11,0.09165654054608553,0.05080595584255104,0.14958000010992928
2,3,18-25,12-17,0.09972040530702174,0.05131911132906803,0.16242780432177442
2,3,18-25,18-25,0.35457242723737115,0.24400870792037346,0.48405673824854367
2,3,18-25,26-34,0.27049938595009765,0.19075943400669604,0.3601140177963904
2,3,18-25,35-49,0.2494168403236294,0.1760836037709762,0.3401942531407463
2,3,18-25,50-69,0.20862503993126305,0.13358904296607096,0.316790779386216
2,3,18-25,70-79,0.05441632612694157,0.015967287044443165,0.12145605184481831
2,3,18-25,80+,0.03577638209169318,0.0077690467414255615,0.07950304582937912
2,3,26-34,0-4,0.08735518125454923,0.04749501657916053,0.14279144790295872
2,3,26-34,5-11,0.10096412854210049,0.060922161257123165,0.15144117175256808
2,3,26-34,12-17,0.05931419630902085,0.03399804405580864,0.09000178006264488
2,3,26-34,18-25,0.1781604247087345,0.1312389159845101,0.2322117349164631
2,3,26-34,26-34,0.3560138171106937,0.2861369686134265,0.43336052027190985
2,3,26-34,35-49,0.2920126900546215,0.22706305327282703,0.3573181757389192
2,3,26-34,50-69,0.23495222839461632,0.1738770423703365,0.3041923065636582
2,3,26-34,70-79,0.036455988302246035,0.016075445061642164,0.06132816541294771
2,3,26-34,80+,0.016702346975663793,0.00343642611683849,0.03660097393809548
2,3,35-49,0-4,0.05213626056476123,0.02979041003447267,0.08175722870388417
2,3,35-49,5-11,0.07159099661064289,0.04807927843795264,0.10076191313430258
2,3,35-49,12-17,0.07703877397252432,0.050356819132558905,0.1094288948866011
2,3,35-49,18-25,0.10747501993865065,0.07659543835652366,0.1430804666453807
2,3,35-49,26-34,0.192491455514585,0.15089233175417363,0.24020649945618555
2,3,35-49,35-49,0.3317820109150798,0.27019257481115805,0.3998936819126142
2,3,35-49,50-69,0.26206670216332534,0.20528097821117347,0.33154027291878224
2,3,35-49,70-79,0.04567250939824384,0.02491324587359975,0.07266411692170831
2,3,35-49,80+,0.018924519026687563,0.005307294542243107,0.03864739161332921
2,3,50-69,0-4,0.04956647005127389,0.02434665454835721,0.08114908625700012
2,3,50-69,5-11,0.04509386195437606,0.024456798799908714,0.0700883535787289
2,3,50-69,12-17,0.04025284223065588,0.021411020896776586,0.06540728242395676
2,3,50-69,18-25,0.07321043744676602,0.04859833218563724,0.10601014273070208
2,3,50-69,26-34,0.14229675286584423,0.10114150717904818,0.18584662827278367
2,3,50-69,35-49,0.2383447540184423,0.186926557491159,0.30237826782112354
2,3,50-69,50-69,0.3006471410303546,0.2402631914489776,0.36809262630364875
2,3,50-69,70-79,0.06240252887162812,0.041032326874119444,0.08750152526710323
2,3,50-69,80+,0.04032816006167388,0.019963975091997047,0.06547900274402954
2,3,70-79,0-4,0.03422662835604543,0.006621427326595791,0.07774215019555847
2,3,70-79,5-11,0.04549678583651798,0.014844359352981035,0.08668843802502434
2,3,70-79,12-17,0.036625781365861455,0.009795627864010817,0.08214240580861115
2,3,70-79,18-25,0.039333456750786915,0.00875409691877271,0.09315246291495517
2,3,70-79,26-34,0.06716440050557494,0.026800178940854524,0.1215268015098556
2,3,70-79,35-49,0.10349225556385004,0.056284925446216945,0.16986124068807631
2,3,70-79,50-69,0.14996687574740938,0.09414229934357163,0.21391011276290406
2,3,70-79,70-79,0.14223405035013914,0.07664645580440274,0.2216890647313374
2,3,70-79,80+,0.09058695577233578,0.03356049965693978,0.17028950322535016
2,3,80+,0-4,0.025105561775508465,0,0.08180304895117323
2,3,80+,5-11,0.018195713119168913,0,0.052273981037924216
2,3,80+,12-17,0.024272720016718236,0,0.07092798125668971
2,3,80+,18-25,0.036118110214213274,0,0.09913094578935373
2,3,80+,26-34,0.04275267092120731,0.005780369405637396,0.11290553567415623
2,3,80+,35-49,0.07852388011702092,0.019315391079771614,0.17881153314553
2,3,80+,50-69,0.1714264019532114,0.07339805303049848,0.316350963158959
2,3,80+,70-79,0.1413291900387419,0.05699861885970691,0.26498976458833295
2,3,80+,80+,0.12944253675575568,0.02622792631563657,0.2724846680384034
2,4,0-4,0-4,0.3396977357211847,0.20771783698464927,0.5053335983516147
2,4,0-4,5-11,0.22033432220496008,0.12783433572012023,0.326688786973297
2,4,0-4,12-17,0.060631315603784396,0.02773759710096941,0.09728535827715522
2,4,0-4,18-25,0.11021283102706357,0.04727860471122584,0.1975454301189015
2,4,0-4,26-34,0.16523121421628503,0.08590303314393243,0.2626435650587745
2,4,0-4,35-49,0.18446509536838548,0.10776973437020236,0.27715786270230747
2,4,0-4,50-69,0.24243362395652696,0.12399027705099097,0.3868821603548659
2,4,0-4,70-79,0.06380946487752398,0.016267650030708538,0.13230564229096986
2,4,0-4,80+,0.030069632620555245,0,0.09013062110918527
2,4,5-11,0-4,0.13102536395190184,0.07329613117684923,0.19950237713047972
2,4,5-11,5-11,0.904267469696162,0.6999152267672314,1.1422114050540186
2,4,5-11,12-17,0.14835322567178538,0.09287964248356204,0.21337172780062744
2,4,5-11,18-25,0.10598393853644143,0.05466883658268963,0.17378166422447586
2,4,5-11,26-34,0.13029652941085468,0.07647084169562074,0.22072119397589265
2,4,5-11,35-49,0.16918722254786275,0.11214057699788661,0.2360228228540265
2,4,5-11,50-69,0.13120213598906866,0.07849597585990603,0.19444406382625953
2,4,5-11,70-79,0.052486264330142855,0.020505705931967315,0.09191991252200304
2,4,5-11,80+,0.014320023482382201,0.0020571932476694385,0.03808408564648925
2,4,12-17,0-4,0.05895064472259378,0.02842307610409758,0.09683260686479597
2,4,12-17,5-11,0.12725174535312345,0.07959350522341792,0.18237854511434412
2,4,12-17,12-17,0.7938305209363257,0.5781573812828753,1.0440786790429148
2,4,12-17,18-25,0.11513331636933163,0.05520057177897943,0.19572683777018068
2,4,12-17,26-34,0.09057248819481067,0.05002838883821757,0.1409354414823888
2,4,12-17,35-49,0.2216296046070668,0.13986289675797922,0.3163225807934267
2,4,12-17,50-69,0.15571623581876512,0.08216288822003696,0.2599257947998433
2,4,12-17,70-79,0.04661702339680797,0.015868767080399828,0.09096104860647439
2,4,12-17,80+,0.025736727289268867,0.004693743858893102,0.05881324862216108
2,4,18-25,0-4,0.05370578379750278,0.023548416629231336,0.09718888553124358
2,4,18-25,5-11,0.07385812861832904,0.03765307709451576,0.1159240797423289
2,4,18-25,12-17,0.08443887302189446,0.04291956935604973,0.140527325730217
2,4,18-25,18-25,0.2996188702451161,0.20093897431494398,0.4157173485242521
2,4,18-25,26-34,0.22680052788936636,0.15917769697391881,0.3094137866417688
2,4,18-25,35-49,0.2205251679444409,0.15298599541016206,0.30158306599895546
2,4,18-25,50-69,0.17535025069668955,0.10662257241485244,0.268489440666275
2,4,18-25,70-79,0.0612503482412328,0.018588363260730403,0.1363910052001107
2,4,18-25,80+,0.03518263773155161,0.007142010834559499,0.07503615336639967
2,4,26-34,0-4,0.06883069400734136,0.0346799411840865,0.1134919912675846
2,4,26-34,5-11,0.08773035609387982,0.051897388959975664,0.1357586437234665
2,4,26-34,12-17,0.05422359735139547,0.031920990758461006,0.08310292829631981
2,4,26-34,18-25,0.16352121472915432,0.11998140590361364,0.21669793774965568
2,4,26-34,26-34,0.30296192137549505,0.23940380046727308,0.3784987172981042
2,4,26-34,35-49,0.2551473121216279,0.19904370282171122,0.31502051107201307
2,4,26-34,50-69,0.21093469577606813,0.15796590326646368,0.2719381818042245
2,4,26-34,70-79,0.04283686733125992,0.02052321316605425,0.07126449493926543
2,4,26-34,80+,0.013782307472577584,0.0017722774112239595,0.03315134517199332
2,4,35-49,0-4,0.04671507113779151,0.026860404908116947,0.07472154416242402
2,4,35-49,5-11,0.06570173956900324,0.044219007571344005,0.0918695849366581
2,4,35-49,12-17,0.07332640772586083,0.04645140700213651,0.10546878385364135
2,4,35-49,18-25,0.09460489340969418,0.06625333964381332,0.1248659326133829
2,4,35-49,26-34,0.16077595031432051,0.12202206557264617,0.20306448422585036
2,4,35-49,35-49,0.29771787686305723,0.24021474573335636,0.3660397624485512
2,4,35-49,50-69,0.23598162950728657,0.18664770293719116,0.29260210486806093
2,4,35-49,70-79,0.05326537886489068,0.030348426665876234,0.08093504278400497
2,4,35-49,80+,0.021197444306368704,0.007200541545955908,0.0442909833229071
2,4,50-69,0-4,0.0402807675671506,0.02031805439355891,0.06704597075733794
2,4,50-69,5-11,0.04224935466053763,0.024124109599346924,0.06653455240824925
2,4,50-69,12-17,0.03321482909829198,0.016950678854265464,0.05319553234007107
2,4,50-69,18-25,0.06747930263156716,0.04167366469205664,0.10557611206497283
2,4,50-69,26-34,0.11440024660983286,0.08139641193244632,0.15272951692113687
2,4,50-69,35-49,0.21301300219666586,0.16545951911469253,0.26834678013754676
2,4,50-69,50-69,0.27350774300317904,0.22006341909402585,0.33269844601279164
2,4,50-69,70-79,0.06593258238964002,0.044315184667601065,0.09326098365667185
2,4,50-69,80+,0.042556287460511454,0.022496812448685673,0.07080697559419957
2,4,70-79,0-4,0.033734676794315875,0.005218949945027407,0.07360642275913117
2,4,70-79,5-11,0.03955117831533945,0.012368283964328838,0.07784458526344047
2,4,70-79,12-17,0.032426710419968016,0.007870694060894873,0.07621957561051376
2,4,70-79,18-25,0.04604266916781903,0.0082728656274635385,0.1130927625819377
2,4,70-79,26-34,0.046890912406888134,0.01844107013288312,0.087064044811469
2,4,70-79,35-49,0.09162290918099579,0.0464068768979277,0.14449498967948918
2,4,70-79,50-69,0.14338025694759124,0.09410848176892628,0.21076821110172522
2,4,70-79,70-79,0.15438960079399291,0.08520613111430925,0.23883588685434787
2,4,70-79,80+,0.08810371917105594,0.03110096011808301,0.1648427348894243
2,4,80+,0-4,0.024593402058828106,0,0.08567218994494379
2,4,80+,5-11,0.016797748026854898,0,0.05102735876814331
2,4,80+,12-17,0.02111822016935933,0,0.06394432588685327
2,4,80+,18-25,0.04882166995179614,0,0.1340776403117515
2,4,80+,26-34,0.03361907333180014,0,0.0914663631055234
2,4,80+,35-49,0.06997827597220255,0.009730616803965236,0.1699262561805554
2,4,80+,50-69,0.16271541345637858,0.06793679970464102,0.30027264220002237
2,4,80+,70-79,0.14869098502990008,0.05081684276912108,0.28511314561283846
2,4,80+,80+,0.1268134391808976,0.022603287253594433,0.2554963692972789
2,5,0-4,0-4,0.2095271821120349,0.11273685573833184,0.32658792411911935
2,5,0-4,5-11,0.19484615785370313,0.11498611409193397,0.2897458271234388
2,5,0-4,12-17,0.06370808074094857,0.028232336376976076,0.10647993456666623
2,5,0-4,18-25,0.10356502597484109,0.03772903069052066,0.19202593617144476
2,5,0-4,26-34,0.12329950234026206,0.05506843602176064,0.20601661593837878
2,5,0-4,35-49,0.21696862115913984,0.12643233622737735,0.3247311786392786
2,5,0-4,50-69,0.22559496378978408,0.108484617094403,0.3778506261859862
2,5,0-4,70-79,0.05340426767265237,0.012195018585359844,0.11217699582437105
2,5,0-4,80+,0.027726113585594292,0,0.07974058908103762
2,5,5-11,0-4,0.09332095375584919,0.048592917505439745,0.15067282965308665
2,5,5-11,5-11,0.8355874580666439,0.6475659871714995,1.0549344884093332
2,5,5-11,12-17,0.13531977129600994,0.0844930843258067,0.19318045782066853
2,5,5-11,18-25,0.12371752650370903,0.05988809099726134,0.22035964198782845
2,5,5-11,26-34,0.09992417213001321,0.055562536013649556,0.16669672038726224
2,5,5-11,35-49,0.1539486406330089,0.10071097888932612,0.21965395832096085
2,5,5-11,50-69,0.13172690670460066,0.07444499267935573,0.20184614674946694
2,5,5-11,70-79,0.052395475692604866,0.02102873106596937,0.09416587882101621
2,5,5-11,80+,0.012819195701899723,0.002007632122169552,0.03235997070358079
2,5,12-17,0-4,0.03291723800383438,0.01184694402667565,0.059839498612967834
2,5,12-17,5-11,0.12710426823841017,0.07992398953073804,0.18358175690482617
2,5,12-17,12-17,0.7629376377772771,0.5422953787780039,0.9956128031645264
2,5,12-17,18-25,0.08965963562323258,0.038555181931101724,0.15071197111230725
2,5,12-17,26-34,0.06480092695905168,0.03118316248825083,0.10589414564735497
2,5,12-17,35-49,0.21096532464763249,0.1305352937308013,0.30690472657800344
2,5,12-17,50-69,0.15854815481697124,0.07813532786383533,0.2819368024215685
2,5,12-17,70-79,0.035006447801510764,0.010251256296879627,0.06903784051517645
2,5,12-17,80+,0.018423444319158815,0.002303621404540395,0.04298098060555143
2,5,18-25,0-4,0.036753956135684905,0.012815177228310083,0.07461725495906527
2,5,18-25,5-11,0.07191035709031839,0.03565478046416916,0.11437196559072088
2,5,18-25,12-17,0.07642975537867028,0.03742864670248021,0.12791248401274014
2,5,18-25,18-25,0.2937676521911925,0.19960010721424878,0.4157604302966287
2,5,18-25,26-34,0.17944133476993857,0.12216123514834734,0.2540452568894956
2,5,18-25,35-49,0.19454859945996777,0.1372373515603756,0.2614957525196993
2,5,18-25,50-69,0.15362058426420408,0.09720167607630605,0.2247362057165167
2,5,18-25,70-79,0.05129419016377504,0.014172585922265186,0.11923031722849353
2,5,18-25,80+,0.02785203849745555,0.005206990979381461,0.06308239531323802
2,5,26-34,0-4,0.05041377093391085,0.02346379926685378,0.08849993806441303
2,5,26-34,5-11,0.07994798269212612,0.047690258129792225,0.1263222465861814
2,5,26-34,12-17,0.06484994976799027,0.03361884095059955,0.10122231507536995
2,5,26-34,18-25,0.14884633487355692,0.10116314612922135,0.20479730375302674
2,5,26-34,26-34,0.24179649145231008,0.18251164851967128,0.30637405529599904
2,5,26-34,35-49,0.22785104383071264,0.17712729656104825,0.2849525937437962
2,5,26-34,50-69,0.18044704279259166,0.13244832991923025,0.235264928348384
2,5,26-34,70-79,0.03476292871579983,0.01619476448216053,0.060538803284350115
2,5,26-34,80+,0.012994982891441983,0.001666666666666665,0.03247027857347553
2,5,35-49,0-4,0.03740588724631814,0.018305194719679563,0.06302490668149621
2,5,35-49,5-11,0.05866042359805377,0.038578462502334626,0.08495132899953853
2,5,35-49,12-17,0.07230301388770151,0.04413090041783626,0.10804185775088779
2,5,35-49,18-25,0.09138719408501472,0.057320451222375335,0.13386264089282934
2,5,35-49,26-34,0.1326016196051533,0.09962556375231037,0.16942602724886097
2,5,35-49,35-49,0.27678834661235935,0.22650270837595857,0.3344390078152528
2,5,35-49,50-69,0.21354789217767375,0.1662093079985833,0.26469087892386994
2,5,35-49,70-79,0.05110702898769802,0.03035497222683215,0.07851095492437783
2,5,35-49,80+,0.017308558079931712,0.005028434497231106,0.03551877233302764
2,5,50-69,0-4,0.025862379062074514,0.010664651168500565,0.049581187538965225
2,5,50-69,5-11,0.03484538359595481,0.018024428853494964,0.05536597388463636
2,5,50-69,12-17,0.03462953813247839,0.01712358074283353,0.05814615245015755
2,5,50-69,18-25,0.06283643733561585,0.03621615300915178,0.10156774371699345
2,5,50-69,26-34,0.09688110796636545,0.06728263898253192,0.13076564628688261
2,5,50-69,35-49,0.19584107184406258,0.15270261607397054,0.2459667910776404
2,5,50-69,50-69,0.23828420894461158,0.18736245264178117,0.29832035607793506
2,5,50-69,70-79,0.05506595447767556,0.035309853844192066,0.07861589405223701
2,5,50-69,80+,0.0374767553334455,0.01698137319964583,0.06468731806503929
2,5,70-79,0-4,0.026100046682535787,0.00340136054440697,0.06399266921863846
2,5,70-79,5-11,0.04006674862294092,0.009141516996239928,0.08715678597738098
2,5,70-79,12-17,0.036742246777451304,0.006801185813308704,0.0810549187256026
2,5,70-79,18-25,0.044475972327231904,0.007961213701066066,0.10781970557167042
2,5,70-79,26-34,0.033881320929384645,0.009717017058493036,0.06423711374879452
2,5,70-79,35-49,0.08578208289933197,0.04340599285253015,0.13714422371776486
2,5,70-79,50-69,0.14901911173081955,0.09020225456022381,0.2116516117118686
2,5,70-79,70-79,0.13008587354638765,0.07488647369982396,0.2008424487091242
2,5,70-79,80+,0.07676055891257609,0.02335211358879653,0.13885785835686693
2,5,80+,0-4,0.0230079844216361,0,0.088261558916592
2,5,80+,5-11,0.013339789422195958,0,0.04520445579107385
2,5,80+,12-17,0.02275599835656824,0,0.06233887869861582
2,5,80+,18-25,0.04617221994421696,0.006793551027414863,0.11367151108669342
2,5,80+,26-34,0.024895260045775792,0,0.06392637641536958
2,5,80+,35-49,0.09714023766664777,0.019763190290136377,0.2478717868988237
2,5,80+,50-69,0.16758146475406963,0.06938346089842225,0.31425981285555876
2,5,80+,70-79,0.11176863214816954,0.03792778269793507,0.23824086425418806
2,5,80+,80+,0.12101198226784111,0.021730533429711638,0.25399135637733655
3,1,0-4,0-4,0.2983718199554218,0.17117226755405554,0.444529431614189
3,1,0-4,5-11,0.19601156620182406,0.10023981041327452,0.32599261023189335
3,1,0-4,12-17,0.06989702895311847,0.03179546696656196,0.11679671235681245
3,1,0-4,18-25,0.0956243226737183,0.03978681858232751,0.1601051422960031
3,1,0-4,26-34,0.18072604516945806,0.09251664178630314,0.29417593308303813
3,1,0-4,35-49,0.1700027902384357,0.08789432307723792,0.26550909483518054
3,1,0-4,50-69,0.1461469902834407,0.06602113717360417,0.24833146389746302
3,1,0-4,70-79,0.03383719023723813,0.005450623850068587,0.08081074964895386
3,1,0-4,80+,0.016290570775366563,0,0.06257185976786687
3,1,5-11,0-4,0.12563928507390493,0.07455509018077501,0.1812874256050057
3,1,5-11,5-11,0.9719348972708687,0.7554286589085482,1.215470778407078
3,1,5-11,12-17,0.1470712136871884,0.09537797860613331,0.20333657125915305
3,1,5-11,18-25,0.09288988920715291,0.051256196911865996,0.14175133726730882
3,1,5-11,26-34,0.14505865104001256,0.09552157505962836,0.20828463901807448
3,1,5-11,35-49,0.17927977057678338,0.1164940024275154,0.24992747759281342
3,1,5-11,50-69,0.09225286059706232,0.048803599361163845,0.14024997404947653
3,1,5-11,70-79,0.03338501681073378,0.009786192317122307,0.0698802649344802
3,1,5-11,80+,0.007956889390607734,0,0.026846851310744893
3,1,12-17,0-4,0.06666196025815048,0.03328069400682311,0.1106978923005043
3,1,12-17,5-11,0.1676718159620931,0.10442921561542098,0.23888024353521936
3,1,12-17,12-17,0.8640114366326686,0.6353424766471398,1.1380073325523308
3,1,12-17,18-25,0.14985007289646582,0.08620418691055173,0.2298692089513808
3,1,12-17,26-34,0.09849574295457045,0.05509632920882135,0.15019205727200113
3,1,12-17,35-49,0.19687921855197524,0.12468365742775377,0.2832458271101002
3,1,12-17,50-69,0.09693240739288492,0.05154324360219699,0.16518664780053652
3,1,12-17,70-79,0.022964135020787126,0.003125,0.05443293306998342
3,1,12-17,80+,0.016920274056306608,0,0.04740046413870829
3,1,18-25,0-4,0.06621532654323069,0.024370720142655376,0.12446828421328346
3,1,18-25,5-11,0.13586209250808862,0.06626619929249489,0.23752384240039626
3,1,18-25,12-17,0.10003444044606735,0.045024810462557865,0.17778314554181374
3,1,18-25,18-25,0.3742960552148647,0.27683654055062645,0.4913684404129956
3,1,18-25,26-34,0.22622981124004007,0.15749278861730573,0.30799662367443814
3,1,18-25,35-49,0.2069515752814156,0.14562913800949,0.27585026288724457
3,1,18-25,50-69,0.14255241651260667,0.08990259479836409,0.21443198991375753
3,1,18-25,70-79,0.03075265517367347,0.006328870047840859,0.06898158069637984
3,1,18-25,80+,0.01571372495869406,0,0.05020949405921807
3,1,26-34,0-4,0.08023042681917555,0.03966883052406416,0.12760400633285432
3,1,26-34,5-11,0.12288797679563938,0.07663255489330725,0.18478878713100164
3,1,26-34,12-17,0.06187601528966805,0.036072403244325986,0.09348693384038033
3,1,26-34,18-25,0.20200699751200432,0.1501243568328808,0.26052894863423715
3,1,26-34,26-34,0.3494271365283332,0.2759117375386241,0.4371520812846534
3,1,26-34,35-49,0.27919875489603435,0.21324480091437445,0.34634157333207083
3,1,26-34,50-69,0.23597542954692502,0.1615307767592646,0.31554426334646823
3,1,26-34,70-79,0.029516480725361567,0.009545743904462632,0.055227390593746116
3,1,26-34,80+,0.014826481470815079,0.001945525291828795,0.040081687166349834
3,1,35-49,0-4,0.061164144659260476,0.03548839646655826,0.09526572256221721
3,1,35-49,5-11,0.07386025411969335,0.04927299814528709,0.10452914172577002
3,1,35-49,12-17,0.08950191991094313,0.0575738623797228,0.13129783977222137
3,1,35-49,18-25,0.12020524496952008,0.08794434171967826,0.154543345252104
3,1,35-49,26-34,0.17825366018815772,0.1396491983310875,0.21906107234983208
3,1,35-49,35-49,0.2966016233336384,0.24103075373184352,0.36409479045236814
3,1,35-49,50-69,0.24302373192435778,0.1847639244624555,0.31763592341730507
3,1,35-49,70-79,0.03199149202036025,0.015995726148789906,0.05388056347304333
3,1,35-49,80+,0.016211950126115916,0.00317124735729387,0.04391518993961986
3,1,50-69,0-4,0.04414850406944993,0.022405886612537222,0.07655896824272819
3,1,50-69,5-11,0.039928048544625706,0.023115474300043737,0.05835387139668881
3,1,50-69,12-17,0.03909081625088483,0.022356444407320028,0.06193325686576703
3,1,50-69,18-25,0.07877565810596827,0.05148904606540685,0.11334268860847432
3,1,50-69,26-34,0.10315407900622638,0.0770031836699612,0.1329609705187196
3,1,50-69,35-49,0.19240678862523045,0.14907814111798073,0.24157530080197398
3,1,50-69,50-69,0.21807726488993537,0.17014704598079475,0.26889798877603555
3,1,50-69,70-79,0.0367049310686281,0.02191084557453788,0.055971321594029795
3,1,50-69,80+,0.024257190011824827,0.007653342819457392,0.05211080215415252
3,1,70-79,0-4,0.024659127638346923,0.0034019102608656487,0.06235436392120825
3,1,70-79,5-11,0.0390650127862702,0.01593226648982493,0.06872721138606336
3,1,70-79,12-17,0.027377322108888602,0.00964794166379194,0.05180803883861952
3,1,70-79,18-25,0.0549799132967548,0.02053585265270351,0.1098679880671919
3,1,70-79,26-34,0.040789033830113446,0.017195420202720326,0.07077057317262399
3,1,70-79,35-49,0.10833158642059275,0.05537324935041543,0.18003308246458632
3,1,70-79,50-69,0.12351272273205473,0.07527487177154785,0.18382890961315446
3,1,70-79,70-79,0.09697255191811058,0.0508772167722822,0.15722904484094483
3,1,70-79,80+,0.044511333748821796,0.010692357757449358,0.1004787304733855
3,1,80+,0-4,0.024766367123057038,0,0.10134523189676993
3,1,80+,5-11,0.013405002258329437,0,0.03682270960752115
3,1,80+,12-17,0.02102380609117042,0.003046163486060474,0.049331351259558204
3,1,80+,18-25,0.048686214994388355,0.010052745479956424,0.10904305350150441
3,1,80+,26-34,0.02978405371146681,0.003995864041003522,0.0704294888432435
3,1,80+,35-49,0.058260574399712536,0.01640367812280791,0.11386203115005557
3,1,80+,50-69,0.1336594923147188,0.056400509519796575,0.23332974379702348
3,1,80+,70-79,0.08646919395508909,0.023424446776939195,0.1743942792012418
3,1,80+,80+,0.06909220486750806,0,0.16836166173871306
3,2,0-4,0-4,0.4201595946425139,0.24570328820495815,0.6378403121604154
3,2,0-4,5-11,0.22187170447276147,0.1272926539831035,0.3377972231443106
3,2,0-4,12-17,0.07596562878018898,0.03516532175069598,0.12628363067592607
3,2,0-4,18-25,0.14325734825373213,0.0632090713033594,0.2530352430267313
3,2,0-4,26-34,0.2512072603242335,0.13658140046825928,0.4106253104885493
3,2,0-4,35-49,0.21272049687933936,0.12154747494597777,0.3335766340926042
3,2,0-4,50-69,0.23234679690871832,0.11412689251225973,0.38039283903774174
3,2,0-4,70-79,0.05201017248546911,0.010061802575871245,0.1181355814251
3,2,0-4,80+,0.022183573639351965,0,0.07228214913327156
3,2,5-11,0-4,0.15064942521407887,0.09230106445379443,0.2307517182293858
3,2,5-11,5-11,1.1790092011961828,0.9176026699819223,1.4503735217503935
3,2,5-11,12-17,0.15361999854221764,0.09765916389696273,0.2171348742167746
3,2,5-11,18-25,0.13065212613495694,0.07242152182047988,0.21321931773982927
3,2,5-11,26-34,0.18955140821769306,0.11437608212641372,0.2843176857201009
3,2,5-11,35-49,0.1906971773276695,0.12806893492394303,0.268399845323438
3,2,5-11,50-69,0.13800109292510984,0.07484532966485895,0.21449192808041342
3,2,5-11,70-79,0.04513581489318748,0.01472658438711781,0.0860006530161628
3,2,5-11,80+,0.010496561218293263,0,0.030155291990750753
3,2,12-17,0-4,0.06002237275858885,0.02897518480487305,0.09820506907087531
3,2,12-17,5-11,0.17498759439624828,0.11557067761721951,0.24557443744300755
3,2,12-17,12-17,1.003037305174951,0.7379473772650268,1.3174518112963918
3,2,12-17,18-25,0.1597948292863477,0.08223521162702356,0.26027895878524493
3,2,12-17,26-34,0.12518267605903874,0.07175290909289365,0.18994885507039105
3,2,12-17,35-49,0.23068581274518188,0.1507890527048043,0.32767517255305423
3,2,12-17,50-69,0.1384800822860134,0.07365939325782765,0.22501779626572385
3,2,12-17,70-79,0.040846338932139535,0.010924423203143997,0.09160805375983716
3,2,12-17,80+,0.015740628728330115,0,0.04599612316388669
3,2,18-25,0-4,0.07221473970035065,0.030573582829801008,0.13247165688009763
3,2,18-25,5-11,0.10543316833306592,0.05547554424692869,0.17689409156320798
3,2,18-25,12-17,0.09486671664375168,0.04797893471119018,0.1605816232606016
3,2,18-25,18-25,0.40349482627074645,0.27767599409236676,0.5508448331038038
3,2,18-25,26-34,0.26702452022400297,0.19669917509892404,0.34803591879522494
3,2,18-25,35-49,0.2285458716492641,0.162880371955658,0.304260934160498
3,2,18-25,50-69,0.17886200166552363,0.11873163548093367,0.2589956703844121
3,2,18-25,70-79,0.031151766316467808,0.0069331709962120866,0.07377596571071934
3,2,18-25,80+,0.016633474277020326,0,0.04565277715429962
3,2,26-34,0-4,0.09602628953574865,0.05334080089080512,0.14705354667544956
3,2,26-34,5-11,0.13053908926531269,0.07751256184425391,0.2162714987651767
3,2,26-34,12-17,0.0683613676583185,0.04047722115581284,0.10580034639187211
3,2,26-34,18-25,0.2331097643678866,0.1643918212829358,0.3103374654224763
3,2,26-34,26-34,0.40408053392542104,0.3247693586486979,0.4918700960396283
3,2,26-34,35-49,0.3099834265032562,0.24299323783065674,0.3868225401004313
3,2,26-34,50-69,0.2632699229818216,0.18712666500828373,0.3438435981595139
3,2,26-34,70-79,0.040282913657433465,0.016073832062099603,0.0728876252216265
3,2,26-34,80+,0.014910162464754668,0.00201592660966589,0.039376250507819364
3,2,35-49,0-4,0.06783576491462603,0.03934770130894141,0.1019725488767083
3,2,35-49,5-11,0.08090683903766974,0.055003622262847135,0.11226309799973636
3,2,35-49,12-17,0.09101253470635572,0.05866374745823548,0.13164944528790856
3,2,35-49,18-25,0.14055542261915405,0.09922948792158401,0.19171178241517897
3,2,35-49,26-34,0.2167356992291113,0.16852921566859916,0.2652062985740762
3,2,35-49,35-49,0.3493876129018591,0.28453000955871544,0.4211135454650815
3,2,35-49,50-69,0.28836297963648316,0.22615433393247736,0.36583435052013297
3,2,35-49,70-79,0.04058983028264625,0.02207503893780584,0.06661985376166685
3,2,35-49,80+,0.017908059365471442,0.004405044294912137,0.040779537970220735
3,2,50-69,0-4,0.049010930515856074,0.023920430520122996,0.07888565981518163
3,2,50-69,5-11,0.044694930512100065,0.026945123634127162,0.06616351487950296
3,2,50-69,12-17,0.04526604310848567,0.024240673126237417,0.07456920251249927
3,2,50-69,18-25,0.09104413910270366,0.05829836828027582,0.1382477568099941
3,2,50-69,26-34,0.1350429832012147,0.09993893087260579,0.17483995289553134
3,2,50-69,35-49,0.21371265553928995,0.16740449138735528,0.27036762609977066
3,2,50-69,50-69,0.28167915802993815,0.22510486293332446,0.34486947289404646
3,2,50-69,70-79,0.045547910200508794,0.0285928807625006,0.06496873765321322
3,2,50-69,80+,0.030275283084470698,0.012962687240871098,0.055870127673195456
3,2,70-79,0-4,0.03339745780064822,0.007977799297569707,0.07309963563965544
3,2,70-79,5-11,0.04064952018337559,0.016345950322572654,0.075488903093945
3,2,70-79,12-17,0.033612787336138567,0.011769231458317016,0.06777038746799394
3,2,70-79,18-25,0.06464886193212559,0.01896980206195411,0.14429484835524786
3,2,70-79,26-34,0.057043667118366156,0.02515368200344202,0.09596183276646358
3,2,70-79,35-49,0.10139566241937288,0.05530887401749565,0.16131862178080097
3,2,70-79,50-69,0.159164398102426,0.10465738693212716,0.22318210261691498
3,2,70-79,70-79,0.1176041900077838,0.06337402562645482,0.18330043211967478
3,2,70-79,80+,0.06794984627621688,0.027404440571774737,0.12740477578348977
3,2,80+,0-4,0.02941204470294584,0,0.09416322411835076
3,2,80+,5-11,0.01747867393596783,0.002888790642159738,0.04385645166442523
3,2,80+,12-17,0.027901695714450534,0.003190485382455277,0.07208048060360202
3,2,80+,18-25,0.07022088311795498,0.015248867863982336,0.15604635690657206
3,2,80+,26-34,0.043177178823940614,0.008883493150883876,0.09461704987677233
3,2,80+,35-49,0.06941088051984017,0.019465963009983874,0.14174994238391508
3,2,80+,50-69,0.16993794011643062,0.08412575229024445,0.2759205188181509
3,2,80+,70-79,0.12374369586045053,0.04584435172885408,0.23261905994836585
3,2,80+,80+,0.10281863268610714,0.0208333333813918,0.21643967816005177
3,3,0-4,0-4,0.8855247619648269,0.4809286354689948,1.4627864712532068
3,3,0-4,5-11,0.4387208951618318,0.31602646567156073,0.5885885412456906
3,3,0-4,12-17,0.14483603818886628,0.086476167108842,0.21300689203446624
3,3,0-4,18-25,0.2974862174570636,0.1848574133654693,0.42034920377880436
3,3,0-4,26-34,0.6832604314478947,0.5298492763627318,0.8623939582042358
3,3,0-4,35-49,0.657915896952629,0.5011175738835285,0.841740294426768
3,3,0-4,50-69,0.36034758169443704,0.21589760346868483,0.544650930886645
3,3,0-4,70-79,0.07472385862948443,0.021019152859402937,0.15054894154089682
3,3,0-4,80+,0.026785774592117405,0,0.08971214036629735
3,3,5-11,0-4,0.2864209068684381,0.2063192975084688,0.384262672726759
3,3,5-11,5-11,1.8520232529023952,1.3489362093372117,2.4466315008281483
3,3,5-11,12-17,0.2849621127728894,0.2138395912837437,0.3666307088389453
3,3,5-11,18-25,0.21994140038944707,0.14978937838256307,0.30343999314814757
3,3,5-11,26-34,0.5249209479452667,0.40505303720633584,0.6808165254206596
3,3,5-11,35-49,0.775175690688679,0.6750252278156463,0.8940806595971327
3,3,5-11,50-69,0.2989547423220405,0.2184527824281446,0.39058832596537296
3,3,5-11,70-79,0.06930135207759787,0.03270282292799071,0.11690944568500233
3,3,5-11,80+,0.022470789920117643,0.002688172043010755,0.057653763387022064
3,3,12-17,0-4,0.10629643515481844,0.06346561535697182,0.15632762101063577
3,3,12-17,5-11,0.3203411933110066,0.24038855264793457,0.41214924198548253
3,3,12-17,12-17,1.509794380084316,1.0268895600751062,2.0307291209042337
3,3,12-17,18-25,0.2812515970265309,0.1895669780024525,0.3879231267440458
3,3,12-17,26-34,0.23872448679936567,0.17369396031742046,0.3136087808858796
3,3,12-17,35-49,0.8283462844824729,0.7057445517747896,0.9815329619887414
3,3,12-17,50-69,0.48494970575188084,0.376211743344789,0.6335264959744967
3,3,12-17,70-79,0.07621254160276887,0.03620541863516016,0.13648375729766338
3,3,12-17,80+,0.024257559001284845,0.00322580645172018,0.056208873085126634
3,3,18-25,0-4,0.15504695298948465,0.09634590444167516,0.21908195880323822
3,3,18-25,5-11,0.17558482369351047,0.11958067716170089,0.24224387770622693
3,3,18-25,12-17,0.19973276773519982,0.13462230112796808,0.2754862926725784
3,3,18-25,18-25,0.7338385586758198,0.5521374348938441,0.9241032823309949
3,3,18-25,26-34,0.41231827978014096,0.3292420959790836,0.5107146680147001
3,3,18-25,35-49,0.4408085229313422,0.35646148495427066,0.5363942412864949
3,3,18-25,50-69,0.4513576051216544,0.35893961134850677,0.5563257464831834
3,3,18-25,70-79,0.06124574040768223,0.02689262373017661,0.12052560640956454
3,3,18-25,80+,0.03987550675299111,0.006489396679500625,0.08912789542841307
3,3,26-34,0-4,0.2696769506243313,0.20912690178357962,0.3403793958806188
3,3,26-34,5-11,0.31734748883541225,0.24487985230109466,0.41159609946148495
3,3,26-34,12-17,0.12838446128323391,0.09341147120045956,0.16865674287348548
3,3,26-34,18-25,0.3122437549705063,0.2493311438864331,0.38675817561243647
3,3,26-34,26-34,0.7790289862287569,0.6410130547809495,0.9253496575746911
3,3,26-34,35-49,0.4885112123754761,0.4140269209341236,0.5739648418483736
3,3,26-34,50-69,0.4555441453576003,0.37005162618386245,0.5547775792526529
3,3,26-34,70-79,0.06981126714521273,0.04178728860564479,0.10274902799913227
3,3,26-34,80+,0.03171043283955513,0.007903588316776839,0.06277245981029925
3,3,35-49,0-4,0.16980699965461946,0.12933761304370936,0.21725177115654484
3,3,35-49,5-11,0.3064565844197454,0.2668632778328747,0.35346426420114757
3,3,35-49,12-17,0.29130978562371873,0.2481936575728934,0.3451819149743575
3,3,35-49,18-25,0.2182924951290807,0.17652305461481443,0.2656274350701166
3,3,35-49,26-34,0.31944948071307516,0.2707423730368381,0.3753297079599023
3,3,35-49,35-49,0.7240419774386571,0.6119773503453373,0.837122355348204
3,3,35-49,50-69,0.5008513043204731,0.4256014264995448,0.5927354043554168
3,3,35-49,70-79,0.11530100064017429,0.08499501241977073,0.15112632982111518
3,3,35-49,80+,0.054363269222439635,0.025095605830973738,0.09055746294772987
3,3,50-69,0-4,0.07202289079903122,0.043151585603211175,0.10885971354208512
3,3,50-69,5-11,0.0915246312330728,0.06687905399418904,0.11957814156169161
3,3,50-69,12-17,0.13206981633582426,0.10245643054858962,0.1725327945864118
3,3,50-69,18-25,0.1730905329893961,0.1376492783866444,0.21334462714668026
3,3,50-69,26-34,0.2306863239539083,0.18739314331547213,0.28093786666795834
3,3,50-69,35-49,0.38785780720310375,0.3295845185999624,0.4590125895685715
3,3,50-69,50-69,0.7389508985417066,0.6420362569365522,0.8499091151616358
3,3,50-69,70-79,0.1442982592655524,0.11801513916100231,0.17645073404869926
3,3,50-69,80+,0.0955548382152051,0.06168179757751359,0.13531756596253985
3,3,70-79,0-4,0.04065877903599262,0.01143695075854935,0.0819167567157543
3,3,70-79,5-11,0.057759091602300965,0.027256111006847713,0.09743797458573823
3,3,70-79,12-17,0.05650403010394828,0.026842721964974007,0.1011891503532663
3,3,70-79,18-25,0.06394028177362815,0.0280757800868053,0.12582819937300194
3,3,70-79,26-34,0.09624163796593949,0.05760785136870959,0.14164955254966724
3,3,70-79,35-49,0.24307646440458605,0.17918567051726952,0.3186030800027453
3,3,70-79,50-69,0.3928323073127701,0.3212801017172181,0.4803630295762677
3,3,70-79,70-79,0.4353957810050703,0.33142602020087464,0.5534787539348137
3,3,70-79,80+,0.15921864400312033,0.09336964689986794,0.23030725398918853
3,3,80+,0-4,0.024078944889124983,0,0.08064630262367774
3,3,80+,5-11,0.030941059872855694,0.0037014672126353594,0.07938610752870079
3,3,80+,12-17,0.029712437150193022,0.003951204300908691,0.06884874973349717
3,3,80+,18-25,0.06877697524784655,0.011192862765712512,0.15372712617157663
3,3,80+,26-34,0.07222338762709003,0.018001139421076468,0.14296997206326292
3,3,80+,35-49,0.18934489503206542,0.0874069002802067,0.31540769275756564
3,3,80+,50-69,0.4297708818308339,0.27742227429757477,0.6086091582296125
3,3,80+,70-79,0.26304625377213753,0.1542566574838824,0.3804922517567538
3,3,80+,80+,0.3102299902247698,0.11759049777238484,0.5484285679401588
3,4,0-4,0-4,0.422594828729554,0.2383420131780146,0.6500909793557643
3,4,0-4,5-11,0.2179182514946511,0.12213656170432095,0.33911440152300276
3,4,0-4,12-17,0.06503223266333988,0.027022907892855216,0.11476572799802709
3,4,0-4,18-25,0.10285289068971777,0.041586234654256655,0.19496519316456337
3,4,0-4,26-34,0.17681222481155728,0.0869563644291075,0.2972688208961813
3,4,0-4,35-49,0.21846093973815103,0.12190933216387591,0.3353507176084125
3,4,0-4,50-69,0.2703472694147158,0.1442442861415335,0.44743165985381655
3,4,0-4,70-79,0.06177728726430751,0.013887830089624936,0.13806359525434023
3,4,0-4,80+,0.02473648610114464,0,0.0699392039946134
3,4,5-11,0-4,0.13589837563830115,0.07409061487026077,0.2157347349688422
3,4,5-11,5-11,1.0588968037636943,0.803436017923114,1.3350984256388658
3,4,5-11,12-17,0.1552448089800338,0.10067533851857055,0.22412455748269217
3,4,5-11,18-25,0.1096725589717627,0.057129694596757354,0.18266214115447205
3,4,5-11,26-34,0.12834721679468358,0.0719271559411913,0.2078432484843786
3,4,5-11,35-49,0.18561940946406508,0.11935635686528369,0.26736165177624743
3,4,5-11,50-69,0.1458926648785885,0.08488383521536004,0.2185600714000106
3,4,5-11,70-79,0.05323894073050452,0.018200453544027398,0.09948748100632857
3,4,5-11,80+,0.01368991342494088,0,0.0341906020288993
3,4,12-17,0-4,0.06838307089313753,0.03259642707389183,0.1106453022182594
3,4,12-17,5-11,0.16618813526635082,0.1066213588117009,0.2400070571101121
3,4,12-17,12-17,0.9996744402181662,0.7292425300908404,1.3238330363291642
3,4,12-17,18-25,0.12401291269828962,0.05788754517376756,0.20738533184154714
3,4,12-17,26-34,0.08723587064804172,0.04871546070368501,0.1380179038008385
3,4,12-17,35-49,0.2422330154472884,0.15397500080907958,0.3520905945398061
3,4,12-17,50-69,0.17037641310823998,0.0909895901772782,0.28948515243129225
3,4,12-17,70-79,0.05219421352596314,0.015720165407205815,0.11326540976600236
3,4,12-17,80+,0.021023643877519475,0.0027318692088382037,0.05258796521454676
3,4,18-25,0-4,0.046360963628840124,0.017073485728644686,0.08729951409712794
3,4,18-25,5-11,0.07265532002477715,0.03573346701716167,0.12178250488330881
3,4,18-25,12-17,0.07727440470321591,0.03542207705669737,0.1293728170671868
3,4,18-25,18-25,0.2901405630856199,0.20611253672753074,0.39196109267075707
3,4,18-25,26-34,0.2136081167329785,0.14948949233563918,0.2826225053516408
3,4,18-25,35-49,0.2209123027138904,0.15945444031975348,0.29216009650070146
3,4,18-25,50-69,0.1706400247580767,0.11460412950037493,0.24848701934975653
3,4,18-25,70-79,0.04359108550638294,0.011427109696267816,0.11232756696210391
3,4,18-25,80+,0.026344867222650996,0.0030483185515098633,0.06283672644154283
3,4,26-34,0-4,0.08204662188103791,0.04277273968434813,0.13122616225948897
3,4,26-34,5-11,0.10841762489114266,0.06255232992660088,0.17784866867668747
3,4,26-34,12-17,0.06836747824211807,0.03982272127290597,0.10848468971204511
3,4,26-34,18-25,0.16640665180873349,0.11809010082730535,0.2196326002681676
3,4,26-34,26-34,0.3291285420159526,0.25859548358514384,0.41328641758664947
3,4,26-34,35-49,0.2825438908377053,0.22470320603174282,0.3578116826903021
3,4,26-34,50-69,0.2544690557200082,0.1834128921338418,0.3302150560328356
3,4,26-34,70-79,0.0446983626457998,0.020030026832757862,0.07621772999573012
3,4,26-34,80+,0.017069723884754924,0.00202429149797571,0.041861698892862675
3,4,35-49,0-4,0.051822214521352696,0.027242233148473693,0.08338489910621742
3,4,35-49,5-11,0.07506137665299596,0.049004846158743974,0.10709193925900574
3,4,35-49,12-17,0.08166162127599025,0.05228497657648734,0.11620859154657104
3,4,35-49,18-25,0.10644877903803063,0.07609287670369906,0.1414604880174038
3,4,35-49,26-34,0.17590123886798897,0.13711092862860105,0.22191503578816874
3,4,35-49,35-49,0.34429549142640875,0.2830761748050076,0.41260769162637795
3,4,35-49,50-69,0.294280910875265,0.2340651655343243,0.36799755481333557
3,4,35-49,70-79,0.06574521198888307,0.03886603321166617,0.10068125435109793
3,4,35-49,80+,0.028777895934158963,0.009084895030020504,0.058995041810871764
3,4,50-69,0-4,0.044674829635974675,0.021188484963323945,0.07573388057064329
3,4,50-69,5-11,0.043121664651088173,0.023702160360662364,0.06804940501141882
3,4,50-69,12-17,0.04200557099738129,0.021714564319696508,0.07023283205955864
3,4,50-69,18-25,0.07029697739251092,0.04478719996814883,0.10831361012805897
3,4,50-69,26-34,0.11443301969492593,0.08207380830766844,0.15408921623536662
3,4,50-69,35-49,0.2215620055657998,0.17270392586079403,0.27774268091797605
3,4,50-69,50-69,0.3047967180925592,0.24391302422009575,0.37150190808317723
3,4,50-69,70-79,0.06845111031070507,0.04712056618934107,0.09467384269156272
3,4,50-69,80+,0.04787016608705791,0.024542873917735908,0.08133744864262778
3,4,70-79,0-4,0.029169498841244576,0.006878217006072824,0.06512471578171035
3,4,70-79,5-11,0.0369468763506356,0.011697259030926018,0.07603607043296155
3,4,70-79,12-17,0.03137361928410964,0.009357966147901667,0.06814078849178996
3,4,70-79,18-25,0.04724353967355167,0.010833463125348953,0.12239451108628338
3,4,70-79,26-34,0.04333019489671819,0.018221272143872997,0.07819509507281298
3,4,70-79,35-49,0.09870050034779712,0.051885988994062625,0.15640234719247126
3,4,70-79,50-69,0.1617579671797962,0.10750503639903039,0.22645907279878957
3,4,70-79,70-79,0.1549669413258916,0.09293900990173863,0.22973575329290113
3,4,70-79,80+,0.0943499598612235,0.04352105901529928,0.1599698593204362
3,4,80+,0-4,0.01885241944571508,0,0.06630614101697374
3,4,80+,5-11,0.01450106533832434,0,0.04108286801689757
3,4,80+,12-17,0.021979047128180235,0,0.06117002774934551
3,4,80+,18-25,0.05803763092785766,0.006048965127271956,0.1389878941385817
3,4,80+,26-34,0.038774841165577785,0.004417593974572073,0.09096836613202594
3,4,80+,35-49,0.10131043096148087,0.025889196021406796,0.23055728379574772
3,4,80+,50-69,0.18969697824430784,0.09454057155895347,0.3251029243253075
3,4,80+,70-79,0.1637879475367507,0.07316030505820495,0.28189917529789343
3,4,80+,80+,0.14268428056964655,0.0416666670324273,0.28263719202947263
3,5,0-4,0-4,0.3002443814515969,0.1616811090181401,0.46502718049451985
3,5,0-4,5-11,0.2047871320201049,0.11170720116460942,0.3229519595186951
3,5,0-4,12-17,0.06918557514129242,0.03061170754570827,0.1175083197450711
3,5,0-4,18-25,0.09756126595316321,0.034464821738854345,0.18702605270546244
3,5,0-4,26-34,0.15209644372685377,0.07046500782843686,0.25329575489213213
3,5,0-4,35-49,0.2675960315647316,0.15178890669641118,0.4041217815258667
3,5,0-4,50-69,0.2794861854059422,0.1380470330729996,0.46864376810536784
3,5,0-4,70-79,0.04994551306550044,0.010382340425172103,0.11742646820755819
3,5,0-4,80+,0.020535962975407846,0,0.06630032588665971
3,5,5-11,0-4,0.09415850944611583,0.04445437674010983,0.16648792349536776
3,5,5-11,5-11,1.037140647277602,0.7947499180861729,1.308213620256709
3,5,5-11,12-17,0.1635564874635777,0.10282040785205396,0.23857404853007858
3,5,5-11,18-25,0.11836410568092902,0.059350854366963655,0.20335276442130804
3,5,5-11,26-34,0.10143007832010086,0.05158893545702688,0.1720871342426326
3,5,5-11,35-49,0.18886973728804615,0.11959959336095126,0.28131137564029096
3,5,5-11,50-69,0.1575591109044383,0.08820998781853856,0.24813897370275467
3,5,5-11,70-79,0.05045773609250491,0.01736042527338129,0.09800639081923541
3,5,5-11,80+,0.013436097787990637,0,0.03649488772546239
3,5,12-17,0-4,0.04481933770421418,0.01517073799751576,0.0797980243395616
3,5,12-17,5-11,0.17814037632695476,0.11687023006021605,0.24909608793655877
3,5,12-17,12-17,1.05910130715867,0.7572201472448897,1.398788844107453
3,5,12-17,18-25,0.12047200226376979,0.060428632318999045,0.20468901213185745
3,5,12-17,26-34,0.07271491903542797,0.03520032859369663,0.12055857329616329
3,5,12-17,35-49,0.23755464246301522,0.1449691602515099,0.34105558754049997
3,5,12-17,50-69,0.17876712076858084,0.08693624012914361,0.3261214906981364
3,5,12-17,70-79,0.03961919548517013,0.011927691674757136,0.08384195621398166
3,5,12-17,80+,0.01618855087193227,0,0.04343271784591646
3,5,18-25,0-4,0.039914985128968655,0.011363114546878012,0.08005071947936582
3,5,18-25,5-11,0.07139530351850318,0.03552935455326931,0.12002957621048024
3,5,18-25,12-17,0.07481149807160148,0.03697374518688955,0.12168429718989184
3,5,18-25,18-25,0.30033404922127105,0.2061802301946275,0.41147672651085176
3,5,18-25,26-34,0.17709615382986232,0.12188215740042228,0.23862325057197853
3,5,18-25,35-49,0.20523326184974872,0.1468080336424689,0.2733717583054034
3,5,18-25,50-69,0.16346454454056306,0.10792026939553725,0.24496116245200775
3,5,18-25,70-79,0.03911825975223716,0.009597047225358804,0.09941746047249814
3,5,18-25,80+,0.022628352147278267,0.002889758155769167,0.05423937794045216
3,5,26-34,0-4,0.06124938342795055,0.02877060589910213,0.1095759495843504
3,5,26-34,5-11,0.09205490103832893,0.05391955681359184,0.14912814519100753
3,5,26-34,12-17,0.0785196040537281,0.042404403290190476,0.121345763780324
3,5,26-34,18-25,0.1512893285232526,0.10189460347355656,0.21313350978102702
3,5,26-34,26-34,0.2775369512371724,0.21005764041032995,0.3527619254599997
3,5,26-34,35-49,0.263815203116899,0.20416473651920558,0.3313499945973408
3,5,26-34,50-69,0.22499377073479815,0.16476497825326583,0.29196994991173164
3,5,26-34,70-79,0.03712488898969687,0.015377877554072968,0.065647112508327
3,5,26-34,80+,0.020261803623522368,0.0020232873851294916,0.05231421904581884
3,5,35-49,0-4,0.04489612669959954,0.02242047086427436,0.07711847444751814
3,5,35-49,5-11,0.07060299456650614,0.0457945143157084,0.1016587945066515
3,5,35-49,12-17,0.08173673970373645,0.04876322601369229,0.119831737532968
3,5,35-49,18-25,0.09830615787442736,0.06602228162605904,0.13945574820345086
3,5,35-49,26-34,0.15195209198172369,0.11597066660364626,0.193920481958485
3,5,35-49,35-49,0.3306805458939923,0.26974289663975476,0.4031545670374156
3,5,35-49,50-69,0.2728720860412169,0.21722073128461183,0.339353121565655
3,5,35-49,70-79,0.06597725122006276,0.038949049709831436,0.10077266577893998
3,5,35-49,80+,0.02392953512845553,0.008091479553581471,0.048111300009945825
3,5,50-69,0-4,0.03374913915549784,0.014226567777184371,0.06175544671546105
3,5,50-69,5-11,0.039997856957680183,0.019997109607136326,0.06389486035690431
3,5,50-69,12-17,0.04651990256394323,0.023241407600037366,0.0771119374020569
3,5,50-69,18-25,0.06552947858088565,0.03955892119142,0.09815937902371195
3,5,50-69,26-34,0.10066788212897952,0.07188474191533069,0.13336499393598525
3,5,50-69,35-49,0.21214263269941114,0.1674733338505997,0.2685768123682339
3,5,50-69,50-69,0.2742918371823043,0.21860252781810552,0.33559680654758745
3,5,50-69,70-79,0.062084859851603655,0.04216185652825863,0.08681836651073642
3,5,50-69,80+,0.044050187262695245,0.02253132518354613,0.07544633459073821
3,5,70-79,0-4,0.01757863356069285,0,0.04921007788602253
3,5,70-79,5-11,0.03197279300283691,0.00777875740763337,0.06891150965868373
3,5,70-79,12-17,0.035442158850963634,0.00824278587132003,0.07617619370104767
3,5,70-79,18-25,0.04516607457967983,0.0073627976420883355,0.11883800503304108
3,5,70-79,26-34,0.035818636716299916,0.012889434718546153,0.06635445167245002
3,5,70-79,35-49,0.09351725102931965,0.053661429422175985,0.145173016297212
3,5,70-79,50-69,0.1623984103891714,0.10586040404125269,0.2295634928163224
3,5,70-79,70-79,0.14966613156285605,0.09328484986727187,0.21435942410602035
3,5,70-79,80+,0.09371594253933516,0.03739871575508235,0.1633809421864447
3,5,80+,0-4,0.012131133039846004,0,0.051534593334610204
3,5,80+,5-11,0.013493303590290376,0,0.042298807673022944
3,5,80+,12-17,0.030110530831833168,0,0.077562077369955
3,5,80+,18-25,0.0493777534618242,0.006407818589795684,0.11135068601006559
3,5,80+,26-34,0.02731203867475697,0.0036927746342062654,0.06594794919704859
3,5,80+,35-49,0.08409332993262537,0.024755503757323542,0.17769816844435024
3,5,80+,50-69,0.20787838353522015,0.10133606301441701,0.36084049004153895
3,5,80+,70-79,0.15085955125903897,0.06411997354326088,0.28048855169435216
3,5,80+,80+,0.14587450907313348,0.04758593168385027,0.27256937165110956
4,1,0-4,0-4,0.29144914189746707,0.17240889424700748,0.4437443424423418
4,1,0-4,5-11,0.18112391211055853,0.09585316869664814,0.28764108933431193
4,1,0-4,12-17,0.06721504580162971,0.03459189727874487,0.10876470855396682
4,1,0-4,18-25,0.081131321338042,0.029002158068352258,0.1474703748805284
4,1,0-4,26-34,0.1660628305802424,0.083744932071801,0.29275848492708073
4,1,0-4,35-49,0.16044498351701725,0.08769092832122635,0.26345017046566865
4,1,0-4,50-69,0.13340628348831102,0.062182383114451414,0.23940260161942292
4,1,0-4,70-79,0.025271827130115054,0,0.05996292516916553
4,1,0-4,80+,0.019343120459369718,0,0.08050002553879737
4,1,5-11,0-4,0.13222533712388737,0.07914878778163147,0.19532788668959847
4,1,5-11,5-11,0.8082555600739503,0.61469003440569,1.0304848964499356
4,1,5-11,12-17,0.11964834778307336,0.07285715779856043,0.1680162413939451
4,1,5-11,18-25,0.08612651504026723,0.05217892034891326,0.12959178056806814
4,1,5-11,26-34,0.12666948405645267,0.07612174497186147,0.19172021167534833
4,1,5-11,35-49,0.1614753699744825,0.10266028277852618,0.22646614521777636
4,1,5-11,50-69,0.09795781658690161,0.05271258398683406,0.15793972589109218
4,1,5-11,70-79,0.029035489509141886,0.00588235294265765,0.06187394740721919
4,1,5-11,80+,0.007559064364448415,0,0.028924514384800284
4,1,12-17,0-4,0.0492162113969274,0.021974061825189187,0.08310305043054031
4,1,12-17,5-11,0.14104035377252597,0.08796117146773579,0.20194384032242474
4,1,12-17,12-17,0.6688806704254857,0.4778839157273157,0.8706469824569991
4,1,12-17,18-25,0.09038319376374611,0.04486870104935089,0.1466471329328792
4,1,12-17,26-34,0.08721955462121901,0.0483819221665312,0.13574852541354326
4,1,12-17,35-49,0.17049148902858222,0.10807356184946844,0.2501003763194222
4,1,12-17,50-69,0.08102497643012035,0.042445587497865256,0.13574502795307436
4,1,12-17,70-79,0.02067836082002683,0.002873152709359606,0.050637744652381994
4,1,12-17,80+,0.011552150274896231,0,0.03811876360429758
4,1,18-25,0-4,0.05364122437897933,0.01951735034423511,0.10096376950875888
4,1,18-25,5-11,0.1135635658824724,0.057112707449361,0.1966586142341226
4,1,18-25,12-17,0.09450517427529466,0.041096141826560385,0.16267331906374277
4,1,18-25,18-25,0.30140193245129954,0.21589394890703267,0.4018340075521129
4,1,18-25,26-34,0.23244580358814637,0.16373864800459237,0.3123110306588812
4,1,18-25,35-49,0.20161220386387352,0.13982478073514704,0.26738604057896803
4,1,18-25,50-69,0.14128315226828603,0.08429397016934664,0.2193968308220209
4,1,18-25,70-79,0.028554741847795554,0.006179803194284153,0.06816437022117967
4,1,18-25,80+,0.02993523524530601,0,0.09282959423957562
4,1,26-34,0-4,0.0689152444442542,0.03375043485772137,0.1138372245338643
4,1,26-34,5-11,0.10862656396493348,0.06698405675137113,0.16636822633190185
4,1,26-34,12-17,0.059525828310423176,0.03418897467993712,0.09185225378422714
4,1,26-34,18-25,0.18711524555980275,0.132027855142067,0.2481337570386491
4,1,26-34,26-34,0.317558018460961,0.2470193217182256,0.39672069346640565
4,1,26-34,35-49,0.24335974702314145,0.1755768339199762,0.31022714695277964
4,1,26-34,50-69,0.2153559335856135,0.14885191203454393,0.2947976937196285
4,1,26-34,70-79,0.030286119802143376,0.010109821076302697,0.059303110431199915
4,1,26-34,80+,0.017663254420052954,0.0019918342503003855,0.054508613870993754
4,1,35-49,0-4,0.06309399374332245,0.03670959578058362,0.09823905791748154
4,1,35-49,5-11,0.06661437339443203,0.0469989625407172,0.09084765390829752
4,1,35-49,12-17,0.07325815640925094,0.045883875982944536,0.1014403126335463
4,1,35-49,18-25,0.1066274222358152,0.0788482036924114,0.1379034424164632
4,1,35-49,26-34,0.1542559958280944,0.12052228816282008,0.19170558148533984
4,1,35-49,35-49,0.2607713482376368,0.21069820803719103,0.3170304721213535
4,1,35-49,50-69,0.21837966392562902,0.16974274581880314,0.2757560635567269
4,1,35-49,70-79,0.028307307145997905,0.013464443042946143,0.04805270049052226
4,1,35-49,80+,0.023583034590282537,0.0031979547214005736,0.06510425027993667
4,1,50-69,0-4,0.04276551479464505,0.020024612839424367,0.07413347923601377
4,1,50-69,5-11,0.039650446523143104,0.02435093341292208,0.05885189914470109
4,1,50-69,12-17,0.034972503051583455,0.018232368210900587,0.05775565838758889
4,1,50-69,18-25,0.06294487761328287,0.04050073824071384,0.09065810725577017
4,1,50-69,26-34,0.09347827830610772,0.07068995413075332,0.12135941620802929
4,1,50-69,35-49,0.1713788924265036,0.1318532005657617,0.2156031398923199
4,1,50-69,50-69,0.19095500283004302,0.15382956483454,0.23413779228106335
4,1,50-69,70-79,0.033691350418535285,0.019723005145341838,0.05025617975233246
4,1,50-69,80+,0.023749545279337373,0.007916071251337614,0.05043247653476782
4,1,70-79,0-4,0.02403268709756434,0.0035325262215624197,0.05288851737862785
4,1,70-79,5-11,0.04074624921525721,0.017552161378402653,0.0716392791700457
4,1,70-79,12-17,0.028889424196459703,0.010939372745367156,0.05379020449789875
4,1,70-79,18-25,0.060672519184275825,0.025198021785999457,0.10910602246306193
4,1,70-79,26-34,0.04911040082663411,0.02403857525088143,0.08293952532783522
4,1,70-79,35-49,0.11647294421325842,0.06485905308184318,0.18337400573268864
4,1,70-79,50-69,0.13386308970933414,0.08295530823464532,0.20250125998466617
4,1,70-79,70-79,0.09350428501799754,0.05348490091089722,0.14975585724594737
4,1,70-79,80+,0.04417294094664478,0.008664431385664044,0.09776078945049949
4,1,80+,0-4,0.03317516495320053,0,0.11545941091203994
4,1,80+,5-11,0.01732223254569565,0.002643636029284354,0.04274367139430335
4,1,80+,12-17,0.016812895798929233,0.0027348858677977606,0.04337933178505969
4,1,80+,18-25,0.040023719150009913,0.008600101847035612,0.09065527475788598
4,1,80+,26-34,0.023164597427868392,0.0035422959750864825,0.05731640758026267
4,1,80+,35-49,0.05105866205305449,0.013451329675514927,0.11118642841481252
4,1,80+,50-69,0.11936105578067871,0.05269701026673586,0.2116691942800331
4,1,80+,70-79,0.07447691840379714,0.021540598090760237,0.14439724519641586
4,1,80+,80+,0.06109022888777819,0,0.14062937623887484
4,2,0-4,0-4,0.3891257500798882,0.23794200143849487,0.5788626029010002
4,2,0-4,5-11,0.22468439915730595,0.12568938331719404,0.34210988150714805
4,2,0-4,12-17,0.08947554970182191,0.043140670820452254,0.1469729596522522
4,2,0-4,18-25,0.12110044278242726,0.05309900496708864,0.21914989856104664
4,2,0-4,26-34,0.2044154486389132,0.10299352401066963,0.33705190172007427
4,2,0-4,35-49,0.1968405286606704,0.11318009741563163,0.3148497454256154
4,2,0-4,50-69,0.19499994292671016,0.0983600781817487,0.32457078801568645
4,2,0-4,70-79,0.052940589934377974,0.008190215979015833,0.11551222107704366
4,2,0-4,80+,0.022442344442951775,0,0.0781788868139228
4,2,5-11,0-4,0.15966347767772432,0.09263411348464286,0.23673237707356892
4,2,5-11,5-11,0.9809357516070355,0.7592575117855496,1.2390537541810096
4,2,5-11,12-17,0.12218156273979124,0.07642220407388885,0.17511190585593908
4,2,5-11,18-25,0.10535352793415043,0.05370951828448227,0.16535770675271727
4,2,5-11,26-34,0.1648191119774075,0.09749967905266506,0.2550499063039816
4,2,5-11,35-49,0.17512997614012293,0.11786710354565542,0.2448811602782958
4,2,5-11,50-69,0.12938470446498362,0.073877833544941,0.20375585542592872
4,2,5-11,70-79,0.03926429114114489,0.012278569771546217,0.07727993424559926
4,2,5-11,80+,0.009696763154964934,0,0.029456342100563825
4,2,12-17,0-4,0.04903816739441492,0.022433966939541004,0.07868369070855187
4,2,12-17,5-11,0.17961990344847326,0.11245480062654949,0.25834159636659404
4,2,12-17,12-17,0.8507139015636521,0.6195863078794759,1.1188940500049973
4,2,12-17,18-25,0.1344333500658664,0.06833134177930097,0.2237305934769148
4,2,12-17,26-34,0.11369982955046364,0.0669341649318945,0.17425602955117833
4,2,12-17,35-49,0.21815131677313226,0.1381962640439961,0.3137771887333054
4,2,12-17,50-69,0.113529490804152,0.05793803524969587,0.18182425933164376
4,2,12-17,70-79,0.03592981964755506,0.008720977689272326,0.0844536978876702
4,2,12-17,80+,0.013606513230806935,0,0.04119946232385997
4,2,18-25,0-4,0.07041641085834653,0.030206915321298024,0.12621434401794418
4,2,18-25,5-11,0.10136826342549227,0.052287970275550974,0.16621335044620994
4,2,18-25,12-17,0.09746781689333658,0.046730862900725145,0.16569545798280663
4,2,18-25,18-25,0.3768237283305853,0.25271630390414357,0.5228381011998943
4,2,18-25,26-34,0.2708632460325546,0.19874212113963774,0.3589473508049187
4,2,18-25,35-49,0.22233893300746108,0.15570755712174314,0.2934579515460482
4,2,18-25,50-69,0.1822014129422,0.1125234004095968,0.28506691742518603
4,2,18-25,70-79,0.04030112072493335,0.007241234325020182,0.09899002730094744
4,2,18-25,80+,0.024848870481960647,0,0.06824178529581508
4,2,26-34,0-4,0.07968984058171538,0.04143042250942373,0.1266711252387824
4,2,26-34,5-11,0.09407277097016715,0.055211171082264754,0.15935846045202648
4,2,26-34,12-17,0.05787961847590583,0.031970238608131814,0.09006365779847686
4,2,26-34,18-25,0.2153189621734866,0.1511194741588469,0.29375000156248704
4,2,26-34,26-34,0.3788202245935357,0.29934785549882603,0.4732705960018065
4,2,26-34,35-49,0.2852279880158045,0.2164758360238309,0.36025085941008045
4,2,26-34,50-69,0.2331724587176865,0.16590350164030884,0.3112958060372316
4,2,26-34,70-79,0.030982356805068313,0.012184617133624894,0.057526057028592634
4,2,26-34,80+,0.012916620420665076,0,0.0351418458751882
4,2,35-49,0-4,0.053584799970659715,0.03130575813047904,0.08051088800046248
4,2,35-49,5-11,0.07357244669373662,0.04876524656611017,0.10263645381388448
4,2,35-49,12-17,0.0853048418262487,0.05383298096142497,0.12175200045361467
4,2,35-49,18-25,0.1260993731680802,0.08747953036170689,0.1724494121693954
4,2,35-49,26-34,0.19215542840040614,0.14990292340558414,0.23724687027508928
4,2,35-49,35-49,0.31812112952794563,0.25667718394053196,0.39112526230944406
4,2,35-49,50-69,0.2615007593524685,0.20312276454673445,0.3294300631985401
4,2,35-49,70-79,0.036462495996866955,0.018468203839447177,0.05750360941222457
4,2,35-49,80+,0.01619358282435871,0.002251749517374515,0.039322416353699305
4,2,50-69,0-4,0.05264833134785402,0.026926467886580655,0.08401763682165259
4,2,50-69,5-11,0.0426533246256693,0.025518748722507287,0.06321303928014413
4,2,50-69,12-17,0.044806823004711824,0.023642094677371283,0.07479277302535545
4,2,50-69,18-25,0.07495929647083471,0.04557936463947613,0.11477474085283328
4,2,50-69,26-34,0.11876104917433986,0.088938409760780393,0.15310740446378585
4,2,50-69,35-49,0.18850815496660592,0.14909895394361042,0.23373803733447127
4,2,50-69,50-69,0.2510156569435111,0.20196636156103281,0.30533877422627653
4,2,50-69,70-79,0.04265756056183099,0.027998542797334432,0.06270638594870831
4,2,50-69,80+,0.028149633620300298,0.011753010857413659,0.05194692183476614
4,2,70-79,0-4,0.03580253489518077,0.009127534747469438,0.07423471398864927
4,2,70-79,5-11,0.044085377340891456,0.01722358783177806,0.07720732424744103
4,2,70-79,12-17,0.03465705940661157,0.011797510079821116,0.06762427618787269
4,2,70-79,18-25,0.06764949975933744,0.020530389002535218,0.15064050308940694
4,2,70-79,26-34,0.06231328181309077,0.029854395183403794,0.10366595022174832
4,2,70-79,35-49,0.10993446924909321,0.06263614845434327,0.16704191656425005
4,2,70-79,50-69,0.15633930902067236,0.10508014549032545,0.2211404015287486
4,2,70-79,70-79,0.11867565093584534,0.06549594675879926,0.1835875226926713
4,2,70-79,80+,0.06646080658971246,0.022713739895523874,0.12743778395811273
4,2,80+,0-4,0.026913681504824344,0,0.08067098327986882
4,2,80+,5-11,0.01918708244561793,0.002756387690157317,0.05102802324759907
4,2,80+,12-17,0.03052226822522421,0.00556650841544135,0.06974910715982469
4,2,80+,18-25,0.06198701684207304,0.012583250558586915,0.13220348451350364
4,2,80+,26-34,0.031981672241509475,0.004112547583165704,0.0769272821525256
4,2,80+,35-49,0.06978927374949864,0.023706658115590584,0.14582114310960362
4,2,80+,50-69,0.16097118763340013,0.08509526638551546,0.2678307633085648
4,2,80+,70-79,0.1080324269402745,0.03813587250733225,0.20212950010658814
4,2,80+,80+,0.09041959602993269,0.01611643147303269,0.18217216288898172
4,3,0-4,0-4,0.43642761847986555,0.2461436584723241,0.6713703969554466
4,3,0-4,5-11,0.21497399013320606,0.11720195355737305,0.3412649825191205
4,3,0-4,12-17,0.09622647671936671,0.04586865272345,0.1556965409560321
4,3,0-4,18-25,0.09186373862545553,0.03383092385564592,0.17298302531742415
4,3,0-4,26-34,0.21467980619649943,0.11191738618127514,0.3433609627782655
4,3,0-4,35-49,0.20735705087804157,0.10900478061723866,0.33364932251793245
4,3,0-4,50-69,0.23083518994794783,0.10948106553672393,0.3913175461321092
4,3,0-4,70-79,0.05536330050518893,0.013054759600760529,0.12360579898067298
4,3,0-4,80+,0.021658177010239477,0,0.07617431508707063
4,3,5-11,0-4,0.1423664859496119,0.07979209165157473,0.22154420452901183
4,3,5-11,5-11,1.0596230598692644,0.8039870634181779,1.3360141176871474
4,3,5-11,12-17,0.1479354003697994,0.09491094763474785,0.21364666032419694
4,3,5-11,18-25,0.09107206702659455,0.04479122385215226,0.15265206241768664
4,3,5-11,26-34,0.17945538331797684,0.10353807654135196,0.2943792675961326
4,3,5-11,35-49,0.1899964458120508,0.12404177771439875,0.2710726706811471
4,3,5-11,50-69,0.1409485916296333,0.07747349617521727,0.222428050382604
4,3,5-11,70-79,0.04436054205053203,0.014044401106954001,0.09129327382883293
4,3,5-11,80+,0.010538549173095284,0,0.029856690847645563
4,3,12-17,0-4,0.04741946321017034,0.01970425639991029,0.08368356726677036
4,3,12-17,5-11,0.17339184197254237,0.11244358186037166,0.25032315159860163
4,3,12-17,12-17,0.9932177998325294,0.7245325399367648,1.3152827388499793
4,3,12-17,18-25,0.10811034445019743,0.04955706830028309,0.18099835086848462
4,3,12-17,26-34,0.12630483398175218,0.07357009982529016,0.200418986862682
4,3,12-17,35-49,0.23070699309870207,0.14771332655066968,0.3283076469585994
4,3,12-17,50-69,0.15324486285915484,0.07921914527541218,0.2562236499022497
4,3,12-17,70-79,0.04204337278602894,0.01254048682469166,0.09131457058080952
4,3,12-17,80+,0.017828039452519203,0,0.04961733152793499
4,3,18-25,0-4,0.059244625461901845,0.023954221217707607,0.11230253004737983
4,3,18-25,5-11,0.09676404992163805,0.05040550409142801,0.16116272576456822
4,3,18-25,12-17,0.09733237056373861,0.04543343007825355,0.1627677757831081
4,3,18-25,18-25,0.32065980163213453,0.2277930546424232,0.4331906055694458
4,3,18-25,26-34,0.24285417876377774,0.1723409139287893,0.32053222745678456
4,3,18-25,35-49,0.23756799501051729,0.169820944086375,0.3157056831952712
4,3,18-25,50-69,0.20259101066665955,0.12907360235155288,0.3121523080896468
4,3,18-25,70-79,0.050012647206454895,0.01146844993106088,0.12956847741008054
4,3,18-25,80+,0.03718851954563096,0.0038759689923597096,0.08905866650903849
4,3,26-34,0-4,0.07688008976793018,0.03780967696282083,0.1292560718585072
4,3,26-34,5-11,0.08548140506838597,0.04790469560599478,0.1384270992244711
4,3,26-34,12-17,0.05168382288738892,0.028861994775578367,0.08177018057297682
4,3,26-34,18-25,0.1782062608308645,0.12471419096840691,0.23578270655476052
4,3,26-34,26-34,0.36258478909993236,0.284881974390935,0.4552973973046029
4,3,26-34,35-49,0.2963365925827073,0.23098748853123938,0.37385493116218715
4,3,26-34,50-69,0.24894534757529133,0.1785489257423338,0.3352161255167722
4,3,26-34,70-79,0.03462559082778676,0.014560800271481837,0.062486480228967904
4,3,26-34,80+,0.018755056528434972,0.002136752136752135,0.04400061477544142
4,3,35-49,0-4,0.057212633630539037,0.03192677814897031,0.08782484304638305
4,3,35-49,5-11,0.07446036019407835,0.04787924576046299,0.10725087937098078
4,3,35-49,12-17,0.08643893645171706,0.05494476170192144,0.12564074500941141
4,3,35-49,18-25,0.11100477446122954,0.08012321616809112,0.1468056111869601
4,3,35-49,26-34,0.18747635701434626,0.1490973255566616,0.23741879737361885
4,3,35-49,35-49,0.3493528332338344,0.28723426867837315,0.4186684684326102
4,3,35-49,50-69,0.29031166937416153,0.22629315390101262,0.36392494799748754
4,3,35-49,70-79,0.04750534253178595,0.024973142700167008,0.07527770426666824
4,3,35-49,80+,0.029514746823502573,0.007542294103223923,0.0671682056325788
4,3,50-69,0-4,0.05293031446909753,0.028241067284943935,0.08760102704482382
4,3,50-69,5-11,0.04375216495484473,0.025456054034196634,0.06554459954785097
4,3,50-69,12-17,0.04545167519852084,0.02427348494862848,0.07722656489277298
4,3,50-69,18-25,0.06410132491519004,0.04305130963348818,0.09334473074021246
4,3,50-69,26-34,0.12622922247666882,0.09098185514440761,0.16380298050454495
4,3,50-69,35-49,0.22323350088711988,0.17755547304289074,0.27915294347345837
4,3,50-69,50-69,0.29856839690162645,0.23892882141436483,0.36391051004888564
4,3,50-69,70-79,0.058204039203005146,0.03868265323917347,0.08148490600408122
4,3,50-69,80+,0.041315180721606275,0.020590527248418717,0.07080600964726125
4,3,70-79,0-4,0.031249871596428624,0.007025120821459915,0.06983909159656732
4,3,70-79,5-11,0.0412508035690419,0.01410214635585278,0.07708527781093504
4,3,70-79,12-17,0.03597490850644403,0.010835138112562641,0.07806828531384863
4,3,70-79,18-25,0.04230782518122304,0.011090711638405198,0.10902080117662921
4,3,70-79,26-34,0.05728665445528843,0.025671034865215107,0.09768274503097825
4,3,70-79,35-49,0.12885412470910274,0.07617358799072667,0.1973253186288138
4,3,70-79,50-69,0.17324111228404954,0.11925619995120779,0.23960753503696555
4,3,70-79,70-79,0.14406663814061052,0.08640172280681983,0.21357624635570663
4,3,70-79,80+,0.09216544008458237,0.04116818003900317,0.15862804279284035
4,3,80+,0-4,0.01996060601190751,0,0.05643602288597922
4,3,80+,5-11,0.016920766063621032,0,0.042259666701133285
4,3,80+,12-17,0.023115412288557364,0.003003679259818246,0.05782025725095121
4,3,80+,18-25,0.04078827546842466,0.004719540081325264,0.0972865676630951
4,3,80+,26-34,0.03489833072306415,0.004138578611651488,0.08558447825258567
4,3,80+,35-49,0.08997244971121447,0.028403405971384837,0.18444463225121396
4,3,80+,50-69,0.19326433340897767,0.09908597682793907,0.32838047322660835
4,3,80+,70-79,0.13992083648549258,0.06454165948890735,0.23723504028517506
4,3,80+,80+,0.12807919895319925,0.03740169074867407,0.25370661018153723
4,4,0-4,0-4,0.9587697897073404,0.5312272931269424,1.5741930225907783
4,4,0-4,5-11,0.4820545114454391,0.34417313161098795,0.6509467119110253
4,4,0-4,12-17,0.1550622616239614,0.0934030496249053,0.2197528018739252
4,4,0-4,18-25,0.2385568516380539,0.14988017667224332,0.34275135126243095
4,4,0-4,26-34,0.6037482833678214,0.4556974492838534,0.7695702416950453
4,4,0-4,35-49,0.6575948665532007,0.49250135983023646,0.8294657167135483
4,4,0-4,50-69,0.395009289906006,0.23834871351317663,0.5852087247172107
4,4,0-4,70-79,0.093342607372111,0.03352106018285915,0.17820794342552382
4,4,0-4,80+,0.043954996261706514,0,0.13143637888711265
4,4,5-11,0-4,0.3049455242693802,0.21772238111379288,0.4117859736234503
4,4,5-11,5-11,1.918271665993373,1.4071718086682223,2.5625681748393268
4,4,5-11,12-17,0.27660383869896304,0.21151091180104428,0.35130078797230124
4,4,5-11,18-25,0.19385679825611352,0.1288739788609286,0.27853986128410896
4,4,5-11,26-34,0.45616518001897477,0.3593661897901967,0.5675792715138787
4,4,5-11,35-49,0.8424391950105519,0.7181610595775111,0.9786466397048613
4,4,5-11,50-69,0.2915838459414385,0.20301434048314074,0.3816874411153474
4,4,5-11,70-79,0.07386267077270908,0.03543066239293397,0.12235616975595225
4,4,5-11,80+,0.024577896691876926,0.0027773941068139985,0.06137535059169494
4,4,12-17,0-4,0.1094828351114313,0.06594790101660775,0.15515806051625514
4,4,12-17,5-11,0.3087251513876634,0.23607314552487774,0.39209647074851217
4,4,12-17,12-17,1.473101962732071,1.0222907828916192,2.049432829927959
4,4,12-17,18-25,0.2494269642652185,0.17878209611358595,0.33630301055759854
4,4,12-17,26-34,0.225997831706013,0.1615344260815208,0.2931294997856258
4,4,12-17,35-49,0.8530223726806554,0.704789435500753,1.00950118736037
4,4,12-17,50-69,0.5001053880187144,0.38602929194001423,0.6311283242628921
4,4,12-17,70-79,0.08866802921079903,0.038722608376276134,0.1581493387757556
4,4,12-17,80+,0.02547155623386265,0.005584290011672368,0.05755491788181325
4,4,18-25,0-4,0.13305656355006668,0.08359659810795554,0.19117169193830036
4,4,18-25,5-11,0.17092253762185342,0.11362752144102506,0.24558715684874122
4,4,18-25,12-17,0.19703704607462652,0.14123050494169506,0.26566555056098
4,4,18-25,18-25,0.7776295769033789,0.5766309588776171,0.9880297526642673
4,4,18-25,26-34,0.4045291780470512,0.32458430693237406,0.49597817174451925
4,4,18-25,35-49,0.4614652653238105,0.3753926593724451,0.5563998701302493
4,4,18-25,50-69,0.5187664677676933,0.4222363917470614,0.6361844947651304
4,4,18-25,70-79,0.08751095057457162,0.03592288836909015,0.18039333986595144
4,4,18-25,80+,0.0634848131809461,0.02024445856927412,0.11925450016333042
4,4,26-34,0-4,0.2541964340630709,0.1918625192165085,0.3240125340128833
4,4,26-34,5-11,0.3036054510123541,0.2391798824393074,0.3777582513116556
4,4,26-34,12-17,0.13476524220304475,0.09632493325566174,0.17479666834527494
4,4,26-34,18-25,0.30536481064405013,0.2450172467235634,0.37439643100535874
4,4,26-34,26-34,0.7992722700910537,0.6549895112596104,0.9596115495077676
4,4,26-34,35-49,0.5051339557897518,0.42040485093829244,0.5980391868627764
4,4,26-34,50-69,0.4926118869405299,0.4021984604346154,0.589113703669457
4,4,26-34,70-79,0.07984508157466605,0.04680396606615216,0.12182151180364614
4,4,26-34,80+,0.047547215569405527,0.01466176725260142,0.08967374910340686
4,4,35-49,0-4,0.16675870298753825,0.12489283624638017,0.2103432282201214
4,4,35-49,5-11,0.3377089316965705,0.28788950662838125,0.3923104636638228
4,4,35-49,12-17,0.3063730746178188,0.25313346194421493,0.36257429172695516
4,4,35-49,18-25,0.2098092847382065,0.17067560936279644,0.25297214666534773
4,4,35-49,26-34,0.3042447639661648,0.25321199095391805,0.3602020596004328
4,4,35-49,35-49,0.7844235233927159,0.6810719146521388,0.8997679375423747
4,4,35-49,50-69,0.5026576984053448,0.43524102958391286,0.5825299796348614
4,4,35-49,70-79,0.1366076985784672,0.10140120771764949,0.17630814419908078
4,4,35-49,80+,0.06095841561432698,0.030261806525883245,0.10377969387690647
4,4,50-69,0-4,0.0748861922307196,0.04518634886369306,0.11094436048502912
4,4,50-69,5-11,0.08738397309070273,0.06084081787359531,0.11438687549989095
4,4,50-69,12-17,0.1342814589692516,0.10365130584162492,0.16946194584024094
4,4,50-69,18-25,0.17632826199241686,0.14351777482281056,0.21623854516112043
4,4,50-69,26-34,0.22181237974940812,0.1811011873761794,0.26526504134011136
4,4,50-69,35-49,0.3757826137407944,0.32538248637820544,0.43549445084403055
4,4,50-69,50-69,0.7917083123291224,0.6924328283635486,0.9007616938913348
4,4,50-69,70-79,0.16038830054359515,0.13060617517941936,0.19361452284426284
4,4,50-69,80+,0.09902291065032688,0.0636570438897999,0.14120295877637007
4,4,70-79,0-4,0.045720532867891434,0.016419090670429362,0.08728877801993343
4,4,70-79,5-11,0.05719133715427076,0.027433708222504717,0.09473950622434545
4,4,70-79,12-17,0.06151180765786184,0.026863094394367258,0.10971318292036107
4,4,70-79,18-25,0.07685096912316515,0.0315470094512954,0.15841906528314198
4,4,70-79,26-34,0.09288936187346798,0.054450323743069066,0.1417234758952548
4,4,70-79,35-49,0.2638617484423896,0.19585938597143113,0.3405443154163149
4,4,70-79,50-69,0.41439032032093986,0.33744315879063447,0.5002358892032287
4,4,70-79,70-79,0.5074343259683263,0.38067564751133204,0.6721067865080429
4,4,70-79,80+,0.20674122976797507,0.12856885009590133,0.2993483614762368
4,4,80+,0-4,0.034344398549758404,0,0.10269829972363628
4,4,80+,5-11,0.03035751864286659,0.0034305129699751763,0.07580808777732582
4,4,80+,12-17,0.028187932735823956,0.00617981837391974,0.0636927771107922
4,4,80+,18-25,0.08893508111864538,0.02836020892004171,0.16706213839773076
4,4,80+,26-34,0.08823872253395522,0.02720949264781317,0.1664176749564804
4,4,80+,35-49,0.18782406868310084,0.09324218108543367,0.3197642877395587
4,4,80+,50-69,0.408120976117714,0.26236125274901245,0.5819652137879391
4,4,80+,70-79,0.32979449931026567,0.20509358289036592,0.47752179428941627
4,4,80+,80+,0.32505581537555117,0.14285811024393485,0.5556210931429628
4,5,0-4,0-4,0.38776216987555334,0.21394668151121124,0.6231021180844889
4,5,0-4,5-11,0.2261590506652651,0.12272344347746514,0.3536790985544358
4,5,0-4,12-17,0.09732475372960368,0.04921919587677194,0.15479088151959722
4,5,0-4,18-25,0.0748473075849603,0.02361613865044386,0.14288302779328071
4,5,0-4,26-34,0.17709668541161466,0.08495472205272453,0.31042302138710703
4,5,0-4,35-49,0.2848833434182707,0.1521687573997841,0.4445664355671703
4,5,0-4,50-69,0.25492385599700207,0.11541934348819666,0.4306335812398596
4,5,0-4,70-79,0.062220736563617395,0.014082283260756924,0.1317358928735031
4,5,0-4,80+,0.0226663929214595,0,0.0744502907748326
4,5,5-11,0-4,0.10358014784764541,0.046156117278406315,0.17626859361142888
4,5,5-11,5-11,1.2409322424106708,0.9563808358397866,1.5798625030817124
4,5,5-11,12-17,0.19012292130077535,0.12364440072634236,0.26800350720794003
4,5,5-11,18-25,0.09244290042768648,0.04266486207939659,0.16214780801294595
4,5,5-11,26-34,0.11505792745833106,0.05761670336652627,0.20373954532440275
4,5,5-11,35-49,0.26826521125785086,0.16996107067079255,0.38857195213267876
4,5,5-11,50-69,0.14983287315484567,0.08128528038805502,0.23736035807054917
4,5,5-11,70-79,0.055854938882642854,0.01900097191812362,0.11055871392230453
4,5,5-11,80+,0.014618127139794535,0.0025374333596918626,0.036439449299062884
4,5,12-17,0-4,0.04970798493561424,0.018984394753135323,0.08540300740868277
4,5,12-17,5-11,0.17687987121652593,0.11818105820102168,0.24879462078719974
4,5,12-17,12-17,1.1850202344773064,0.8465167834974293,1.602105869074818
4,5,12-17,18-25,0.1377910402057309,0.07275229446264683,0.2238902412951465
4,5,12-17,26-34,0.08461817704784133,0.04391445409222239,0.1378256717675778
4,5,12-17,35-49,0.27752318875025916,0.1776389734238487,0.4032045430201322
4,5,12-17,50-69,0.18411407141953248,0.09137131110578019,0.32242424388368063
4,5,12-17,70-79,0.03989906557523062,0.012778029397547406,0.08183976063197923
4,5,12-17,80+,0.015371077429122361,0,0.04261807199538519
4,5,18-25,0-4,0.039878647735516165,0.011215915435365766,0.08340184903980953
4,5,18-25,5-11,0.08925290153787306,0.04793522889351041,0.14868381073858555
4,5,18-25,12-17,0.11361257471711389,0.05664381700177433,0.18437212338870396
4,5,18-25,18-25,0.3450805000406729,0.238306195133609,0.46578998638107805
4,5,18-25,26-34,0.20321780672937423,0.139637593901163,0.27566834040658256
4,5,18-25,35-49,0.2431342471633851,0.17935358430482778,0.31826790799321686
4,5,18-25,50-69,0.2049874547138031,0.13406551864946065,0.31598458047129224
4,5,18-25,70-79,0.05502226481188793,0.010389061804167168,0.13799393836357854
4,5,18-25,80+,0.026019359295193892,0.003267443340976387,0.06287440261991843
4,5,26-34,0-4,0.06985318561484456,0.03339012606066817,0.11958384108885386
4,5,26-34,5-11,0.07816804559162346,0.04291966089718972,0.12982636325590974
4,5,26-34,12-17,0.07918602634937723,0.043967874626673585,0.12292044121279026
4,5,26-34,18-25,0.16715416194344923,0.1136128424761278,0.22946107675389257
4,5,26-34,26-34,0.33496490675259766,0.24997769990365545,0.4247217831020416
4,5,26-34,35-49,0.3155465309485458,0.24284295214112764,0.39960612055008593
4,5,26-34,50-69,0.27198447845493806,0.19802891391906827,0.353725070309169
4,5,26-34,70-79,0.042936297170805424,0.016756086889515267,0.07435207277665119
4,5,26-34,80+,0.008197196084922118,0,0.021953431038922687
4,5,35-49,0-4,0.04922238891039694,0.027029419055528258,0.07997446866501284
4,5,35-49,5-11,0.08866245655323894,0.057939511409441286,0.12824832910304704
4,5,35-49,12-17,0.10961543682971901,0.06818782863562316,0.16001477213788537
4,5,35-49,18-25,0.104549980917769,0.07337965670178484,0.14334401148576265
4,5,35-49,26-34,0.16863004068787013,0.12807853520098353,0.21210400468504337
4,5,35-49,35-49,0.38267676126923433,0.3123394276002902,0.46939152484353236
4,5,35-49,50-69,0.309349644732834,0.24966531532746278,0.3800561953154109
4,5,35-49,70-79,0.064650433184999,0.03613971761327307,0.09951160206504912
4,5,35-49,80+,0.029870790867499324,0.008751487336057842,0.060136067901678025
4,5,50-69,0-4,0.034417053713654666,0.014987106346715818,0.06249418194027284
4,5,50-69,5-11,0.04816460411969735,0.02649457710052586,0.0758301491281315
4,5,50-69,12-17,0.060778425520684715,0.032012492033105876,0.0988582678616048
4,5,50-69,18-25,0.06299697564225276,0.040412578131400076,0.09319186019851779
4,5,50-69,26-34,0.11312962243316357,0.08004982753380843,0.1503405641141859
4,5,50-69,35-49,0.23790033282570025,0.19243610545379528,0.29426484204401376
4,5,50-69,50-69,0.31588852866314904,0.2572074425149316,0.3851312230064178
4,5,50-69,70-79,0.07342215016467134,0.04969661847347553,0.09883457365178286
4,5,50-69,80+,0.049539650355019144,0.023839933379717022,0.08161133387334712
4,5,70-79,0-4,0.02688359668154685,0.003728754238269919,0.06682863096077687
4,5,70-79,5-11,0.041665220064266,0.012733837804559459,0.08596873776850024
4,5,70-79,12-17,0.05760467646741946,0.017287143974968538,0.12060852986084583
4,5,70-79,18-25,0.053030199938544235,0.013460457591546848,0.13275145689597437
4,5,70-79,26-34,0.046515706004406354,0.017746681714988916,0.08215897166685712
4,5,70-79,35-49,0.12238004972217639,0.07238494016066672,0.1896512228305898
4,5,70-79,50-69,0.2171289851854872,0.14573824487904202,0.2991373157459815
4,5,70-79,70-79,0.18807431755502385,0.11917336319408135,0.2711626667560021
4,5,70-79,80+,0.11388939190667595,0.05470363963918645,0.1880349738601706
4,5,80+,0-4,0.015682917254147357,0,0.05822653607892653
4,5,80+,5-11,0.0164504931231998,0,0.044268339115260555
4,5,80+,12-17,0.030312207889830578,0.0035197015544572814,0.07607066104020396
4,5,80+,18-25,0.04122057722335182,0.005367444036915582,0.09507328333885608
4,5,80+,26-34,0.02448540318633386,0.003606291267251979,0.06054756333492564
4,5,80+,35-49,0.07834790722909972,0.022792669888050537,0.16272230982488028
4,5,80+,50-69,0.24359231031226006,0.12157595117378567,0.39577035779668984
4,5,80+,70-79,0.18390212724220562,0.08221029528516298,0.3113915461777824
4,5,80+,80+,0.1595605611481989,0.059136202120508956,0.2900514521471111
5,1,0-4,0-4,0.2431535196732837,0.13004296535245918,0.39557519998852825
5,1,0-4,5-11,0.14991204212936624,0.06336123992943218,0.2709211550427273
5,1,0-4,12-17,0.05932925337098891,0.02353800476996698,0.10371850289865017
5,1,0-4,18-25,0.05966092802304639,0.015522078019023666,0.11995547010821529
5,1,0-4,26-34,0.13835309367403847,0.06288564055951464,0.2652888032556483
5,1,0-4,35-49,0.1344351383519886,0.06594676340348596,0.2279430399287754
5,1,0-4,50-69,0.10725532846578313,0.041292224208315714,0.20892037228945376
5,1,0-4,70-79,0.02376687774498807,0,0.06518281361642435
5,1,0-4,80+,0.02193116146832765,0,0.09682864405209117
5,1,5-11,0-4,0.12535214826813992,0.07744250507002381,0.18401603291789953
5,1,5-11,5-11,0.7669278541311172,0.5821716075393811,0.9881941055752267
5,1,5-11,12-17,0.12345054685834723,0.07724137723585223,0.17919680757105355
5,1,5-11,18-25,0.08215364666359903,0.04608570836511109,0.12479179783445613
5,1,5-11,26-34,0.12659939907808704,0.07638071829292273,0.18815350863648397
5,1,5-11,35-49,0.12666004304806927,0.07837996802802837,0.18350137658788174
5,1,5-11,50-69,0.08647130791342741,0.043819985027329485,0.14339371535922713
5,1,5-11,70-79,0.028066067340668313,0.004023363377622224,0.06322114815611754
5,1,5-11,80+,0.007377912848553638,0,0.029454361354698595
5,1,12-17,0-4,0.05049564663057477,0.023522260324328408,0.08506136697973281
5,1,12-17,5-11,0.15900497972229075,0.09919451123714382,0.23802518079370147
5,1,12-17,12-17,0.6421405672287284,0.46188705677931086,0.8500529858063942
5,1,12-17,18-25,0.06333490299258505,0.027176118440932356,0.1089296459240453
5,1,12-17,26-34,0.10345240462272874,0.055552699316342616,0.17060070721116777
5,1,12-17,35-49,0.19244926249589941,0.11378789758831163,0.28791372469595106
5,1,12-17,50-69,0.08448124762333634,0.03846888937208756,0.14235647084390082
5,1,12-17,70-79,0.026293880632342618,0.0035002847038920894,0.0655221515040851
5,1,12-17,80+,0.01508625197512523,0,0.045124811770073284
5,1,18-25,0-4,0.06465396986562402,0.02255740359625704,0.12650779096624193
5,1,18-25,5-11,0.11511908074947533,0.059282337502870035,0.1941397354363067
5,1,18-25,12-17,0.07454150325457334,0.031627525396191895,0.1344008713501754
5,1,18-25,18-25,0.3420111277639391,0.231044090471429,0.47742704783721157
5,1,18-25,26-34,0.25748895469830196,0.16804672482688088,0.37497175201304783
5,1,18-25,35-49,0.23303753451377873,0.15036616933386865,0.33416377435744077
5,1,18-25,50-69,0.15828776552407176,0.08365746783126035,0.2724802247853382
5,1,18-25,70-79,0.029764632768736785,0.004307628223804331,0.07200160109444272
5,1,18-25,80+,0.022377982378733306,0,0.06928683799355408
5,1,26-34,0-4,0.06532547583378057,0.029943513884924194,0.11411756517004988
5,1,26-34,5-11,0.11895815631302241,0.06820556240139009,0.1918841387400922
5,1,26-34,12-17,0.05249672952951369,0.02708344347912809,0.08420790453982618
5,1,26-34,18-25,0.19809158353428555,0.13645938295619112,0.2648586410514955
5,1,26-34,26-34,0.3219124974438904,0.24641600097949917,0.40923331418406483
5,1,26-34,35-49,0.24269667525593241,0.1815052966011784,0.3159814155181029
5,1,26-34,50-69,0.24737784018540632,0.16447861485200463,0.3480778020687298
5,1,26-34,70-79,0.029661748836785084,0.008539367080177909,0.05969779331704744
5,1,26-34,80+,0.012462774077157302,0,0.03957997237289469
5,1,35-49,0-4,0.07015293415177547,0.03803460793711281,0.10833636900512005
5,1,35-49,5-11,0.06632682307296828,0.042083712855128075,0.09520366726415518
5,1,35-49,12-17,0.0802620773980844,0.05042780804298086,0.11637710441960951
5,1,35-49,18-25,0.1037737777898346,0.07299150875992697,0.13655064465850728
5,1,35-49,26-34,0.15021239692385402,0.11679725371765878,0.19194397193861135
5,1,35-49,35-49,0.2504892670189343,0.20049452060492595,0.31092011469197584
5,1,35-49,50-69,0.2177950430989643,0.1659176737140561,0.27702325309432163
5,1,35-49,70-79,0.025627717944933237,0.011284373122224462,0.04241978879441957
5,1,35-49,80+,0.01756635388282157,0.0036403369916983247,0.0454020144334474
5,1,50-69,0-4,0.044239687182636205,0.02004229781878177,0.08022713578168371
5,1,50-69,5-11,0.03979077579574748,0.023261536884441932,0.06077430226922079
5,1,50-69,12-17,0.0389747509794787,0.01897187115381707,0.07109608939341822
5,1,50-69,18-25,0.055084360688731134,0.03547732130467698,0.07939166718600985
5,1,50-69,26-34,0.08729617107415327,0.06376750138426027,0.11351690099131562
5,1,50-69,35-49,0.15400258882068807,0.11787343337236392,0.19517684774355373
5,1,50-69,50-69,0.1748654562028483,0.13883865850706686,0.21284789796410358
5,1,50-69,70-79,0.036672093955111056,0.021193861876677447,0.05473906918754763
5,1,50-69,80+,0.02154989748326626,0.008230030167998682,0.04195727443815998
5,1,70-79,0-4,0.0152360425050312,0.0025358937991440257,0.03615822361818809
5,1,70-79,5-11,0.03660861742334411,0.015068046687589721,0.06472065944901521
5,1,70-79,12-17,0.02134365134637651,0.007554239364766721,0.03919003570746381
5,1,70-79,18-25,0.055934844438174904,0.02081659281236676,0.09988995833977254
5,1,70-79,26-34,0.03737015644182844,0.015360718269344507,0.0645527099573547
5,1,70-79,35-49,0.10008353524754693,0.05140834799097518,0.15871584998356386
5,1,70-79,50-69,0.11086786660074319,0.06670377829516441,0.16843984245072186
5,1,70-79,70-79,0.08104162310290151,0.04267579936500143,0.12691967805528184
5,1,70-79,80+,0.03405125225206524,0.006524064172704786,0.08146232896998813
5,1,80+,0-4,0.01842104703916184,0,0.06254443003267493
5,1,80+,5-11,0.013119067935372897,0,0.03717046881756244
5,1,80+,12-17,0.012407268301795569,0,0.03373905981287585
5,1,80+,18-25,0.029601099543568345,0.0040453277679247494,0.07153285480810766
5,1,80+,26-34,0.013778714792491018,0,0.033937048963631734
5,1,80+,35-49,0.0377297286891915,0.009912073075631894,0.07680351028011143
5,1,80+,50-69,0.08258014074888957,0.036053437866097396,0.1435293292625217
5,1,80+,70-79,0.050220644809679915,0.012022725061101509,0.1033588990699107
5,1,80+,80+,0.04003909589717339,0,0.1065401979622574
5,2,0-4,0-4,0.26697288475502234,0.14364572315290294,0.4161279665452418
5,2,0-4,5-11,0.17800253021185244,0.09268724673532332,0.2873968153239948
5,2,0-4,12-17,0.055573617396815066,0.020000995666260485,0.10102601563189925
5,2,0-4,18-25,0.09218456862275752,0.03214243332757724,0.18715153913832044
5,2,0-4,26-34,0.16653679899177715,0.07751029033733711,0.2923506042731674
5,2,0-4,35-49,0.17531817123672827,0.08579487077137359,0.29539230840869746
5,2,0-4,50-69,0.13926265885462508,0.057426568295118816,0.26698270832985943
5,2,0-4,70-79,0.04555992181929031,0.005937373306925608,0.11170481961473695
5,2,0-4,80+,0.02335380510855448,0,0.08958817112101962
5,2,5-11,0-4,0.1425997932566972,0.08415355107598367,0.21205291138363522
5,2,5-11,5-11,0.9154596081053076,0.70946553722814,1.1557735866099559
5,2,5-11,12-17,0.12325532221381125,0.07750374726792585,0.17802257086630266
5,2,5-11,18-25,0.10359668245284573,0.05136557679769556,0.16476842391323535
5,2,5-11,26-34,0.15169414076436233,0.09048799589713687,0.23968515539794785
5,2,5-11,35-49,0.15791829037930805,0.10385613451371419,0.22869539321741877
5,2,5-11,50-69,0.10777343550291743,0.05574783285624597,0.17124165670556066
5,2,5-11,70-79,0.04017224057426432,0.009165585743995449,0.08738626153354243
5,2,5-11,80+,0.007777290451568337,0,0.026354852484199668
5,2,12-17,0-4,0.04998690309878415,0.02215177488184946,0.0835467355042718
5,2,12-17,5-11,0.15894365273979602,0.09924373449182225,0.22690555348927427
5,2,12-17,12-17,0.7931754195447004,0.56378836654663,1.0350722834369233
5,2,12-17,18-25,0.11804606972878812,0.05780869789003928,0.19756135463393554
5,2,12-17,26-34,0.1319184684361179,0.06838780946889199,0.20590752689976666
5,2,12-17,35-49,0.20867878512764235,0.12736927813391588,0.3118271619134236
5,2,12-17,50-69,0.11482800947925738,0.05678004379771943,0.1928066992746572
5,2,12-17,70-79,0.039495018650253746,0.007310738566627778,0.08712764753207992
5,2,12-17,80+,0.014223612042636814,0,0.03896484838364286
5,2,18-25,0-4,0.07192855113267077,0.026203773790086992,0.13336690874834622
5,2,18-25,5-11,0.12862922333716012,0.06226570195688443,0.22910811753821525
5,2,18-25,12-17,0.08250944402217508,0.035480476841071515,0.13869296766069378
5,2,18-25,18-25,0.4016238725217444,0.27288289713725467,0.5684060610879099
5,2,18-25,26-34,0.2680159166682449,0.18215653993697128,0.3687624363957629
5,2,18-25,35-49,0.23347142093219997,0.14643941450826603,0.3419855625495174
5,2,18-25,50-69,0.18443323138377576,0.10629918580665904,0.2981147240737451
5,2,18-25,70-79,0.04231833277076879,0.007574995509533495,0.1025891046531335
5,2,18-25,80+,0.025545902171034113,0.0037586971159268476,0.06289152450028546
5,2,26-34,0-4,0.07425810868746578,0.03316540480486068,0.1240751500809627
5,2,26-34,5-11,0.09008932726401415,0.05009390004291833,0.1502899156098712
5,2,26-34,12-17,0.051710921337667845,0.024884058580035652,0.0845031713689864
5,2,26-34,18-25,0.21273179482585852,0.1448249303571572,0.3011764459642912
5,2,26-34,26-34,0.3775433299645285,0.28497541517480107,0.4783753492717728
5,2,26-34,35-49,0.29375926854994827,0.22070569593267303,0.37533829515921524
5,2,26-34,50-69,0.24658183765335268,0.17124780166882142,0.33282477915655384
5,2,26-34,70-79,0.027954890662261554,0.008017342358040015,0.05300092918601044
5,2,26-34,80+,0.011944047509622208,0,0.030670082402000202
5,2,35-49,0-4,0.06585641537308451,0.03837596610374593,0.09856554957490343
5,2,35-49,5-11,0.06995153392361887,0.0457612839404769,0.09980686580776045
5,2,35-49,12-17,0.08484587531350159,0.0524985860799336,0.12343071169565212
5,2,35-49,18-25,0.11624027285371843,0.08199754321224134,0.15624033124552472
5,2,35-49,26-34,0.17930253451906375,0.13938656006115197,0.22423738516644376
5,2,35-49,35-49,0.3090360540174107,0.25289180009732737,0.37340340570576847
5,2,35-49,50-69,0.25121430393731414,0.19587863283843873,0.315512857596411
5,2,35-49,70-79,0.03567078363514767,0.01804952418010623,0.057028714688446606
5,2,35-49,80+,0.023488355728942933,0.004778708133971291,0.05993500577822112
5,2,50-69,0-4,0.049264653418203776,0.023690498105899332,0.0825137220716043
5,2,50-69,5-11,0.04306264981575354,0.02433670333940565,0.06598522770768077
5,2,50-69,12-17,0.045876018686739316,0.022608511371916124,0.08157860954801169
5,2,50-69,18-25,0.06603630995110625,0.04178372345012401,0.09660651799375818
5,2,50-69,26-34,0.10216215560829958,0.07498713573721881,0.1331979280299396
5,2,50-69,35-49,0.1715384613225911,0.1335123875999112,0.21262053038176476
5,2,50-69,50-69,0.21990784474932373,0.17291314993088241,0.27531403293786344
5,2,50-69,70-79,0.044582344768802094,0.026985988340819327,0.0633202346639653
5,2,50-69,80+,0.02915307089478398,0.012070194979293227,0.054669760865287846
5,2,70-79,0-4,0.02897293548171652,0.006616053399284756,0.06085837338832414
5,2,70-79,5-11,0.0425530357123658,0.017078504054162613,0.07647690857633668
5,2,70-79,12-17,0.025164197004314184,0.007369060535906825,0.04962748089514379
5,2,70-79,18-25,0.05477874345448966,0.015135368076651192,0.1273299556656143
5,2,70-79,26-34,0.048895302834231325,0.022778515589349523,0.08514999251098487
5,2,70-79,35-49,0.10198994546001397,0.060576833034063964,0.1566776267248553
5,2,70-79,50-69,0.12625225230532716,0.08095652965042986,0.18024628439185222
5,2,70-79,70-79,0.09668555110511318,0.05565892577416683,0.14927495437709912
5,2,70-79,80+,0.04830463071183569,0.0163917863333403,0.1029639241984371
5,2,80+,0-4,0.0232392086673874,0,0.06683620418685182
5,2,80+,5-11,0.016084713885191258,0.0025190494803844117,0.040603239251830243
5,2,80+,12-17,0.020460755269975272,0.002558361670947844,0.047733925871788034
5,2,80+,18-25,0.04595329713719877,0.008591055325738164,0.10408013963575012
5,2,80+,26-34,0.028238543754770175,0.0036217238594656678,0.07055902957983197
5,2,80+,35-49,0.053364619433188674,0.015503341875749947,0.10950916647896582
5,2,80+,50-69,0.13274976127406,0.06015123823558214,0.22913472508997138
5,2,80+,70-79,0.08814250111838645,0.02681473047195284,0.15944749633019759
5,2,80+,80+,0.08080030638126201,0.01450958596036129,0.16959130020742555
5,3,0-4,0-4,0.3448993693295654,0.18572774705478057,0.5341901170581017
5,3,0-4,5-11,0.16567641550659365,0.07821960898920016,0.2929434902071548
5,3,0-4,12-17,0.07015213335304459,0.02374554577511658,0.12490148073410876
5,3,0-4,18-25,0.08797455865655618,0.02504485430711011,0.17643565927889795
5,3,0-4,26-34,0.1782631902222801,0.08373537340559493,0.31891518332620755
5,3,0-4,35-49,0.19982102291856838,0.0997877044581492,0.34323434075127024
5,3,0-4,50-69,0.19396852974414733,0.08176523917637117,0.3549309257311725
5,3,0-4,70-79,0.037111420798007444,0,0.10389066372112954
5,3,0-4,80+,0.015501925086845263,0,0.06585414590954844
5,3,5-11,0-4,0.13512025075488585,0.07370533921538909,0.21308638546519493
5,3,5-11,5-11,1.0481876482982635,0.803215118229774,1.3221479282371684
5,3,5-11,12-17,0.1601541072494776,0.10507021341967838,0.22394564559354496
5,3,5-11,18-25,0.09038389163487537,0.04497888759542155,0.15195313521394924
5,3,5-11,26-34,0.15388884362089694,0.09013771296261587,0.24929859850936154
5,3,5-11,35-49,0.1804910585812595,0.11707011036579998,0.25988279317694457
5,3,5-11,50-69,0.13204001489071446,0.06601400302749295,0.21092825852875594
5,3,5-11,70-79,0.03877067051359541,0.00943263356534987,0.08356309176161787
5,3,5-11,80+,0.009903822029996612,0,0.031046500990026208
5,3,12-17,0-4,0.0489404540421431,0.02165409282545822,0.0831229705080642
5,3,12-17,5-11,0.17721636223264248,0.11140774007436027,0.2584992234748839
5,3,12-17,12-17,1.0208169660573674,0.7298481912195736,1.3482254949032357
5,3,12-17,18-25,0.10153701781178374,0.050182176809458336,0.16515456807667614
5,3,12-17,26-34,0.14072555872972203,0.0759986428552194,0.21748008810368138
5,3,12-17,35-49,0.22401883843860218,0.1336471370120848,0.3284271766590635
5,3,12-17,50-69,0.16464263121322795,0.08225568604984869,0.27291356112307846
5,3,12-17,70-79,0.04607629642850292,0.01071596814405935,0.0990322541164588
5,3,12-17,80+,0.023693957637163754,0,0.06103354954842709
5,3,18-25,0-4,0.06108806237492479,0.021580174873238572,0.11710650801612348
5,3,18-25,5-11,0.1135226571772592,0.05692322562416685,0.19503502374003587
5,3,18-25,12-17,0.10278340203626295,0.05155604865391266,0.17463504076483063
5,3,18-25,18-25,0.36081709729794803,0.24770202503492683,0.49434234463347004
5,3,18-25,26-34,0.24001017882459044,0.16164882374496284,0.3381217452372702
5,3,18-25,35-49,0.2384923415914063,0.1601711315207661,0.3383219185506825
5,3,18-25,50-69,0.20528948179445813,0.12392942241575,0.30751180216046337
5,3,18-25,70-79,0.05197520700299195,0.008472795901126439,0.1367537464545074
5,3,18-25,80+,0.03439355019215593,0.004463298040903332,0.07756013872075218
5,3,26-34,0-4,0.08258332201225038,0.03826016104980182,0.13753118993471747
5,3,26-34,5-11,0.08435749092228274,0.042905548596465365,0.14312163714299
5,3,26-34,12-17,0.05379659037421247,0.02604221641875381,0.08919270308962664
5,3,26-34,18-25,0.18449560815135688,0.1269746534077385,0.24859343797847752
5,3,26-34,26-34,0.3818005455417515,0.28897096889754725,0.4852856348915147
5,3,26-34,35-49,0.3196647618568602,0.24396989234406055,0.40795453274761473
5,3,26-34,50-69,0.2734735222754759,0.19528148555128746,0.36229822132537093
5,3,26-34,70-79,0.03574269529635366,0.01286210699017436,0.06621376928635943
5,3,26-34,80+,0.016496589406579734,0.002230451839826838,0.03983284635266689
5,3,35-49,0-4,0.07322705304035206,0.04153669341283341,0.11058701789229533
5,3,35-49,5-11,0.0791658479896721,0.05013086460325649,0.1179132979241685
5,3,35-49,12-17,0.08857544584689613,0.05405370263528647,0.12716716630649785
5,3,35-49,18-25,0.10775644361750732,0.07708064208117144,0.14353213604343007
5,3,35-49,26-34,0.18290861010837206,0.141551691292494,0.22973189662750704
5,3,35-49,35-49,0.3506027560976552,0.2859938516914765,0.4274430537017047
5,3,35-49,50-69,0.2904496820135923,0.22929184927946772,0.36771510165572824
5,3,35-49,70-79,0.04703147263994449,0.026987277982520298,0.07301006679398554
5,3,35-49,80+,0.025598834656631615,0.007535818215702375,0.05409306584050953
5,3,50-69,0-4,0.055024626975236586,0.02717839698891411,0.09226555683535004
5,3,50-69,5-11,0.04751425083450076,0.026601010016236607,0.07482993125976163
5,3,50-69,12-17,0.04795593281434286,0.02332145012371609,0.08748510481118559
5,3,50-69,18-25,0.061748148994481285,0.04076649705836717,0.09253320589771369
5,3,50-69,26-34,0.11223018974810114,0.08218718550658001,0.1456388893449007
5,3,50-69,35-49,0.20814724335817147,0.16569630508233293,0.2588590786388176
5,3,50-69,50-69,0.27018467206510355,0.21532923800383483,0.33057167888992356
5,3,50-69,70-79,0.058760230675073716,0.03830321827605329,0.08306241274244751
5,3,50-69,80+,0.045527399990047665,0.022193589327638662,0.07902759797986686
5,3,70-79,0-4,0.024428890524238762,0.005078114970994272,0.057434555386956444
5,3,70-79,5-11,0.03780233523936151,0.013006223958980326,0.07342522134874276
5,3,70-79,12-17,0.026404068679558124,0.007949166718611594,0.05587616666600697
5,3,70-79,18-25,0.03671050885921862,0.009006343569992917,0.09329825985492457
5,3,70-79,26-34,0.04600604186561867,0.01905663014247347,0.08135145689602588
5,3,70-79,35-49,0.1250305881234341,0.07381063172556436,0.19096984848734866
5,3,70-79,50-69,0.15193017310441406,0.10317584957190402,0.21245645853347195
5,3,70-79,70-79,0.13453514629276225,0.08385391399336771,0.19268805961771057
5,3,70-79,80+,0.08208179271824227,0.03488729970063313,0.15261216785991427
5,3,80+,0-4,0.015518085462219418,0,0.050100115807291505
5,3,80+,5-11,0.015551770060130173,0,0.04224143878916622
5,3,80+,12-17,0.016668210552190386,0,0.04471961027498702
5,3,80+,18-25,0.032807988887961284,0.004189750665285351,0.0786396153453146
5,3,80+,26-34,0.038792128581276515,0.0038736741239412662,0.10015791039937422
5,3,80+,35-49,0.07006032057862348,0.02369004029690416,0.14085911339509957
5,3,80+,50-69,0.16654127635195345,0.08518455623335054,0.2852412132526604
5,3,80+,70-79,0.13014919952491869,0.05193793912642926,0.22689734816749832
5,3,80+,80+,0.12262223601781533,0.040000774522842286,0.22912204492886068
5,4,0-4,0-4,0.4313153358196201,0.2379770177506403,0.6930884964816976
5,4,0-4,5-11,0.18212932494987516,0.08115823984522827,0.3099404724883602
5,4,0-4,12-17,0.07830972521560353,0.029907926028951225,0.1345434954046676
5,4,0-4,18-25,0.07952899203485898,0.02236762026733529,0.16632622630461597
5,4,0-4,26-34,0.18454493704572064,0.0882132812924311,0.31592821760641626
5,4,0-4,35-49,0.21590468000928198,0.11855942389638799,0.35079284951943435
5,4,0-4,50-69,0.2019336586706521,0.08793318692116221,0.36666935263613054
5,4,0-4,70-79,0.06104997340769782,0.008467629900372428,0.15176117211387677
5,4,0-4,80+,0.022325883099820396,0,0.08289011647127152
5,4,5-11,0-4,0.14449196696414301,0.07840743798892874,0.22596393323154437
5,4,5-11,5-11,1.2532903263928499,0.9659051549640079,1.5955958951446434
5,4,5-11,12-17,0.16005462303511092,0.10693938541542626,0.2251286648355393
5,4,5-11,18-25,0.10223689848933348,0.05490856931266524,0.17031347332767383
5,4,5-11,26-34,0.11861659125336879,0.06512870873057496,0.19700582952643056
5,4,5-11,35-49,0.2233774847139837,0.14597364913329094,0.32311070872041275
5,4,5-11,50-69,0.16231673073798777,0.08928783316801267,0.25555077474038046
5,4,5-11,70-79,0.05434655946569235,0.01660954322104967,0.11213441599780057
5,4,5-11,80+,0.013451198567834305,0,0.036197226140767036
5,4,12-17,0-4,0.06666343746608396,0.03371311676347034,0.10602536204890431
5,4,12-17,5-11,0.2058603740330685,0.1338790841549921,0.29018753687631094
5,4,12-17,12-17,1.1496092128493316,0.8212209925423549,1.554231407585021
5,4,12-17,18-25,0.1395231858971636,0.06956206942005864,0.22642023657916446
5,4,12-17,26-34,0.12882477594161829,0.07152968596276753,0.19997465497278494
5,4,12-17,35-49,0.29607791596333266,0.1841794438849194,0.43220956489485807
5,4,12-17,50-69,0.21959345772739017,0.11566166375316553,0.35717655860108183
5,4,12-17,70-79,0.08055468004499261,0.02417443230642791,0.16865959726607258
5,4,12-17,80+,0.02657261489862587,0.003085478771609564,0.06668588405872602
5,4,18-25,0-4,0.045380268129990846,0.014318573890392414,0.08663063938704607
5,4,18-25,5-11,0.08860093937259678,0.04089169466717287,0.15540888527608074
5,4,18-25,12-17,0.11832375203694082,0.062473760538159395,0.19225875176603785
5,4,18-25,18-25,0.3751171201645748,0.2590489280772467,0.5063334447242671
5,4,18-25,26-34,0.24071021715974528,0.16360808290144052,0.3304352399781994
5,4,18-25,35-49,0.24996818604464074,0.17544316619962358,0.34272069891280516
5,4,18-25,50-69,0.20147266754933757,0.1292447746208669,0.2980399055139293
5,4,18-25,70-79,0.06564214804274163,0.016661701275335963,0.16432317427718146
5,4,18-25,80+,0.03198580434247513,0.004164959016796769,0.07377372283255171
5,4,26-34,0-4,0.09310986012018828,0.04466555807351027,0.16320714321818786
5,4,26-34,5-11,0.0956259309669163,0.04788588687784323,0.1693302158904093
5,4,26-34,12-17,0.06300992825425347,0.03270038067720616,0.10263026210975208
5,4,26-34,18-25,0.19155901399226402,0.13162645653183572,0.25985299382495386
5,4,26-34,26-34,0.4182837627117111,0.3121569179393121,0.5303666800915451
5,4,26-34,35-49,0.3496150275958927,0.2655409465364278,0.43974814421363584
5,4,26-34,50-69,0.31373801188997974,0.22199909451152322,0.41693367905889617
5,4,26-34,70-79,0.04992907300117935,0.01904895019313347,0.08818787558911279
5,4,26-34,80+,0.016475736332796614,0.0024266010082150836,0.04074124005670096
5,4,35-49,0-4,0.0754867795588016,0.04032081801535602,0.11779870356137116
5,4,35-49,5-11,0.11236785356883049,0.07119134311895746,0.16276056076548637
5,4,35-49,12-17,0.10415094046040158,0.06666565856290756,0.1513175621199834
5,4,35-49,18-25,0.11550627237561129,0.08520586549180884,0.1512001706792735
5,4,35-49,26-34,0.1985883215507107,0.15283252875941133,0.2514909877883361
5,4,35-49,35-49,0.39985804243485185,0.32636272890269946,0.4904660937260171
5,4,35-49,50-69,0.33250980093718674,0.2689651181129263,0.41128964759606035
5,4,35-49,70-79,0.06620382927565029,0.03915801825055607,0.10259545740255965
5,4,35-49,80+,0.026569511687710295,0.007729499490188744,0.05518274151345258
5,4,50-69,0-4,0.04859808898503,0.022003274285554066,0.08209498094710664
5,4,50-69,5-11,0.045153322103415286,0.02449596253710746,0.07153042237577144
5,4,50-69,12-17,0.04971137475633922,0.024670539591769746,0.08705555362853462
5,4,50-69,18-25,0.07006346112590385,0.04582277616615593,0.10800160137187491
5,4,50-69,26-34,0.12315138161523718,0.0896651694517142,0.16016256283440197
5,4,50-69,35-49,0.23255637014120165,0.1876881401718019,0.28571065374443766
5,4,50-69,50-69,0.3176494656128168,0.2586412587132308,0.38727815693888085
5,4,50-69,70-79,0.08450748170344419,0.05672191601727665,0.11642545658114464
5,4,50-69,80+,0.05943258490818951,0.02966256624302912,0.09656156782512548
5,4,70-79,0-4,0.02946825127840895,0.006669484879489042,0.06239119959007213
5,4,70-79,5-11,0.04181717454975507,0.014225545228590066,0.08277250195903693
5,4,70-79,12-17,0.02676344530026017,0.008571230576354163,0.054896372270435104
5,4,70-79,18-25,0.04672112278674408,0.008821676713072992,0.11717496108444778
5,4,70-79,26-34,0.048298123728059764,0.018848564294412517,0.08363705878312562
5,4,70-79,35-49,0.1207426105353962,0.06749535360655753,0.18585011762429293
5,4,70-79,50-69,0.18342219079166974,0.12415139865692398,0.24690715246709777
5,4,70-79,70-79,0.1818516959957929,0.11523039666500919,0.2621909864216003
5,4,70-79,80+,0.11147007711294,0.04983078821511069,0.1887462651209011
5,4,80+,0-4,0.016585074689329928,0,0.05447552406867137
5,4,80+,5-11,0.01690832712920371,0.0029349692271747113,0.042148363006045665
5,4,80+,12-17,0.01592939962871545,0,0.044166084215647536
5,4,80+,18-25,0.034134001929142295,0.004286459018414506,0.08248300644045403
5,4,80+,26-34,0.014245798518100147,0,0.038152577066780026
5,4,80+,35-49,0.08618896104516453,0.025251477419549345,0.17351616958446484
5,4,80+,50-69,0.19120247819691905,0.0920122429121974,0.31498585827138725
5,4,80+,70-79,0.17013236431778622,0.08171840583914307,0.2808938931158585
5,4,80+,80+,0.14942143600268762,0.05537844801375827,0.27162040658801856
5,5,0-4,0-4,0.8787908584120161,0.424952584542896,1.4706658829293058
5,5,0-4,5-11,0.4562943814656522,0.31085584439545305,0.6312577205106302
5,5,0-4,12-17,0.16324831062328493,0.08656838673982131,0.2519120276041381
5,5,0-4,18-25,0.22840984138624726,0.1266518447875149,0.3511375836847551
5,5,0-4,26-34,0.625124147312855,0.4585632738403001,0.8191957262728465
5,5,0-4,35-49,0.8361164976786761,0.6281503530753678,1.067777949137784
5,5,0-4,50-69,0.38294060462105933,0.2063167953428233,0.6032709880446381
5,5,0-4,70-79,0.09047281113827786,0.030011667820369473,0.19184405087320294
5,5,0-4,80+,0.035234253170663594,0,0.12153115503983597
5,5,5-11,0-4,0.2620869450766622,0.17854977384367232,0.3625826094839662
5,5,5-11,5-11,2.5834585801446606,1.8418082918108187,3.488061633202336
5,5,5-11,12-17,0.31328193392088177,0.23653925565619868,0.39934667753268427
5,5,5-11,18-25,0.2010875333688161,0.1277316781189443,0.289451135318766
5,5,5-11,26-34,0.391314066013742,0.30787831596752624,0.4930815182737069
5,5,5-11,35-49,0.9827729371922608,0.8329567830446245,1.1595919902254843
5,5,5-11,50-69,0.31342635372916816,0.21671427197475204,0.43585302811925436
5,5,5-11,70-79,0.09261566531600374,0.039680043284879334,0.17357727940215817
5,5,5-11,80+,0.025063209523795652,0.0028085964471824838,0.06508736144935663
5,5,12-17,0-4,0.10052720853231951,0.05330822862959063,0.15512572739082625
5,5,12-17,5-11,0.3358690694441153,0.2535933645772086,0.428138945932246
5,5,12-17,12-17,2.1426915331879264,1.3475774778415985,3.1133662990619846
5,5,12-17,18-25,0.3696782005377301,0.24184888936546006,0.5413178587984769
5,5,12-17,26-34,0.17575678068442901,0.11382844911292736,0.2434556003509134
5,5,12-17,35-49,0.8896347984191246,0.735091524317188,1.069244372755666
5,5,12-17,50-69,0.5873703471386605,0.4398917149120234,0.7721465742213228
5,5,12-17,70-79,0.10443468204658947,0.047330785280788615,0.18198320740180027
5,5,12-17,80+,0.029242435967668474,0.006368418932451943,0.06452946233148298
5,5,18-25,0-4,0.12450197023180216,0.0690355726961572,0.19139858740700733
5,5,18-25,5-11,0.1908298422718445,0.12121594800135997,0.27468592196104896
5,5,18-25,12-17,0.32722790057732026,0.21407728183295713,0.4791581062177271
5,5,18-25,18-25,0.958588071642865,0.6969338269120433,1.2385841676414155
5,5,18-25,26-34,0.3755723514920548,0.28179603834373557,0.4819268470082463
5,5,18-25,35-49,0.49385613753650254,0.3868488608657945,0.6073821113235586
5,5,18-25,50-69,0.5574224111334697,0.4451171060061295,0.6908922364080546
5,5,18-25,70-79,0.09818813459723312,0.03814125539668058,0.19704529389385064
5,5,18-25,80+,0.03730126812259354,0.007348973769221286,0.08112434024080324
5,5,26-34,0-4,0.2954758926111055,0.2167479743648789,0.38720722833081095
5,5,26-34,5-11,0.32201860907423646,0.2533579947225803,0.40576467463128657
5,5,26-34,12-17,0.13490652006990572,0.08737187774479897,0.18687044509447592
5,5,26-34,18-25,0.32567766790258534,0.2443595121615782,0.41790299794369185
5,5,26-34,26-34,0.8810009299193502,0.7112093804681192,1.0773672650332535
5,5,26-34,35-49,0.6067878972630361,0.5065359881461007,0.7226693010361981
5,5,26-34,50-69,0.6140283789889306,0.5042749655198806,0.7406580403927071
5,5,26-34,70-79,0.09479120814636982,0.05550654432203054,0.1461912650699703
5,5,26-34,80+,0.05402883085464183,0.019653529322156534,0.09614813019069872
5,5,35-49,0-4,0.19917790941672056,0.14963665287347133,0.25436381200586045
5,5,35-49,5-11,0.4075935456153981,0.3454590533552067,0.4809271733850744
5,5,35-49,12-17,0.3441527242418358,0.2843680925143603,0.4136341838448985
5,5,35-49,18-25,0.21583079999154173,0.16906522521512599,0.2654452522174554
5,5,35-49,26-34,0.3058126941166913,0.2552871207562496,0.3642153162614979
5,5,35-49,35-49,0.9008791614435175,0.759744771014046,1.0574775958417402
5,5,35-49,50-69,0.5578776938697407,0.4745591157355947,0.6510256914118611
5,5,35-49,70-79,0.15313174067257632,0.1131424493210698,0.19893347368004782
5,5,35-49,80+,0.07101122444059642,0.03337117029865988,0.12262659797691601
5,5,50-69,0-4,0.06563124887070536,0.035360128380093336,0.10339313166336545
5,5,50-69,5-11,0.09352215218834528,0.06466458510544536,0.1300526032432564
5,5,50-69,12-17,0.16347687982647613,0.12243063574055271,0.21490378827824233
5,5,50-69,18-25,0.17526785163034198,0.13995619360723838,0.21723417567136152
5,5,50-69,26-34,0.22264447132936122,0.182848280217403,0.2685599289573678
5,5,50-69,35-49,0.40136903999899093,0.3414249015484735,0.4683850235418616
5,5,50-69,50-69,0.8411482240764109,0.7238440062717002,0.9786133047056924
5,5,50-69,70-79,0.16873904663816067,0.13588505237616705,0.20806737788946558
5,5,50-69,80+,0.11450051507674126,0.07652120003073416,0.16134015451754002
5,5,70-79,0-4,0.03852191229377623,0.012778500203771005,0.08168420555126944
5,5,70-79,5-11,0.06865527905791408,0.029414510336436113,0.12867149973827877
5,5,70-79,12-17,0.07221037074349941,0.03272642273360878,0.1258305633535875
5,5,70-79,18-25,0.0766985848028149,0.029793623471186328,0.15391977091434597
5,5,70-79,26-34,0.08538902088719151,0.05000093959316416,0.13169078895280129
5,5,70-79,35-49,0.27370365416307085,0.20222784436540198,0.3555684696225304
5,5,70-79,50-69,0.4192046531957308,0.3375842603756443,0.5169094808063996
5,5,70-79,70-79,0.5307879881264564,0.40236609749642294,0.6735494625573666
5,5,70-79,80+,0.2319669474992405,0.1554939488546883,0.31919679625849007
5,5,80+,0-4,0.02317771541242161,0,0.07994534499177394
5,5,80+,5-11,0.02870397034962891,0.00321658202104796,0.0745421567578619
5,5,80+,12-17,0.03123806869812171,0.00680302791225413,0.068933237285445
5,5,80+,18-25,0.04501608687044174,0.00886892211054569,0.09790284704490515
5,5,80+,26-34,0.07519264244075584,0.027352078133907335,0.13381063147982822
5,5,80+,35-49,0.19609123409941298,0.09215154391092106,0.3386225363684783
5,5,80+,50-69,0.43947456621917225,0.2937027939790339,0.6192539341225479
5,5,80+,70-79,0.35837846891406044,0.240231136016164,0.4931446499539144
5,5,80+,80+,0.40573142938467477,0.21996881226215073,0.6410720570142824
