Participant_IMD,Contact_IMD,Participant_age_group,Contact_age_group,mean,lower,upper
1,1,0-4,0-4,1.3568239527368513,0.9642174358474853,1.7958059321261757
1,1,0-4,5-11,0.5651866025120901,0.44616323373076705,0.6909642416286172
1,1,0-4,12-17,0.25229466923571847,0.18260331970791216,0.3321178824166737
1,1,0-4,18-29,0.7065136440659453,0.5512602910839913,0.9006563874455954
1,1,0-4,30-49,1.017516632612635,0.8234602890478789,1.2621034373897948
1,1,0-4,50-64,0.27442637087027943,0.1636975471714654,0.42712104667801776
1,1,0-4,65-74,0.0990115189588706,0.042364697556899894,0.17948032525081523
1,1,0-4,75-84,0.06604922500155225,0.00979920814527396,0.14473925789313996
1,1,0-4,85+,0.002826828046100978,0,0.016155358011411318
1,1,5-11,0-4,0.3714588314173412,0.2932328414834773,0.4541239452699963
1,1,5-11,5-11,2.734199558508202,2.1292834038492794,3.423528617522048
1,1,5-11,12-17,0.4276379387809578,0.33873094656563413,0.5284953117448522
1,1,5-11,18-29,0.6189750416186515,0.5061488542663494,0.7460172644066955
1,1,5-11,30-49,1.1080997577797707,0.9795274034331005,1.2518209426826112
1,1,5-11,50-64,0.17844665365684378,0.13301154363054324,0.22733255864190502
1,1,5-11,65-74,0.1322393604062406,0.08327749695699327,0.19723026375226654
1,1,5-11,75-84,0.02968880117966505,0.011969841418171675,0.054483109975304214
1,1,5-11,85+,0.01756922727699022,0.00163881373017136,0.09738464831303575
1,1,12-17,0-4,0.189498150396135,0.1371530815362331,0.24945324695957005
1,1,12-17,5-11,0.48871345843046493,0.3871087136127771,0.6039753448989695
1,1,12-17,12-17,1.9753675783000475,1.3531214585397995,2.6890075241388764
1,1,12-17,18-29,0.5339937737454059,0.41947461264132363,0.66560707827682275
1,1,12-17,30-49,1.0509536761262852,0.9103453455401409,1.2128465422454258
1,1,12-17,50-64,0.34557514193160854,0.274172050819386,0.4353688210409634
1,1,12-17,65-74,0.08417698970603478,0.051681706537400125,0.12691325649515803
1,1,12-17,75-84,0.04012696922612037,0.01618403950706515,0.07501582124953995
1,1,12-17,85+,0.01960218337559681,0.00566037735849055,0.04182221540500968
1,1,18-29,0-4,0.2644364902649849,0.20632770197867298,0.33710094069835594
1,1,18-29,5-11,0.3524967678584597,0.28824398915598304,0.4248453601332511
1,1,18-29,12-17,0.2660970888520244,0.2090304770564698,0.3316819681369699
1,1,18-29,18-29,1.2372981468403346,1.0060660281680347,1.49185443405137
1,1,18-29,30-49,0.9311295916246272,0.809785989960973,1.0672438236766957
1,1,18-29,50-64,0.35855110306848453,0.3006187403260568,0.425868596027898
1,1,18-29,65-74,0.1300407993680766,0.07369016787593394,0.21718094466192464
1,1,18-29,75-84,0.031015372899578616,0.013244830312491854,0.05215986533208263
1,1,18-29,85+,0.029081960419884322,0.010478279036208678,0.06101117507049624
1,1,30-49,0-4,0.2345270641811959,0.1897990832487153,0.2909017940119604
1,1,30-49,5-11,0.3886077704869205,0.3435177723905181,0.4390104249814371
1,1,30-49,12-17,0.32250624049094667,0.27935775059157214,0.37218631754899034
1,1,30-49,18-29,0.5734040391407776,0.4986787678749078,0.6572252936097961
1,1,30-49,30-49,1.2490697547920473,1.0896839056490766,1.4200363304613477
1,1,30-49,50-64,0.42335170636418956,0.3654074013769087,0.4866273414997434
1,1,30-49,65-74,0.17692013348053576,0.12910085069423996,0.23837095984943044
1,1,30-49,75-84,0.0643030163911552,0.04213526859579119,0.08857433791162753
1,1,30-49,85+,0.016984834462474212,0.0037196877641617236,0.061207763118273875
1,1,50-64,0-4,0.10460128213093733,0.06239550981023926,0.16280290034060713
1,1,50-64,5-11,0.10349056169927764,0.07714036145101433,0.13184205870078766
1,1,50-64,12-17,0.1753705885658003,0.13913533725757365,0.22093859518478512
1,1,50-64,18-29,0.36514166987235935,0.30614444607249025,0.43369653298799754
1,1,50-64,30-49,0.7001015353003908,0.6042783786349689,0.8047411733119119
1,1,50-64,50-64,0.6380987574449674,0.5257641263761328,0.7716459009161781
1,1,50-64,65-74,0.1577312420965414,0.11954527288050713,0.2074292038897455
1,1,50-64,75-84,0.07644363945992642,0.046790888995165286,0.1145157285158786
1,1,50-64,85+,0.04249683554918584,0.010815696874906655,0.11134607149356716
1,1,65-74,0-4,0.0874508388636166,0.03741815476129894,0.1585240300092612
1,1,65-74,5-11,0.17771339639628406,0.11191468850230518,0.26505315766708826
1,1,65-74,12-17,0.09898622139736583,0.06077405313934647,0.14924106634796605
1,1,65-74,18-29,0.30687185315875465,0.1738949505505646,0.5125062233009826
1,1,65-74,30-49,0.6779599904834063,0.4947159477340993,0.9134402653433433
1,1,65-74,50-64,0.3654978397186044,0.2770125842263591,0.4806589037690353
1,1,65-74,65-74,0.49141219447640383,0.3309872124005597,0.6891820371984733
1,1,65-74,75-84,0.16949292971891308,0.09831159021765237,0.25428062959780445
1,1,65-74,85+,0.010719257866302428,0,0.02777784475823362
1,1,75-84,0-4,0.10136759609306671,0.015039119282303096,0.2221353942090497
1,1,75-84,5-11,0.06932745427312498,0.02795123415570047,0.1272255923239389
1,1,75-84,12-17,0.08199188654460475,0.033069029550153804,0.1532806694241658
1,1,75-84,18-29,0.12717671337311862,0.05430964811486291,0.21387846163890117
1,1,75-84,30-49,0.4281651514881532,0.28055999039871576,0.5897770732744558
1,1,75-84,50-64,0.30779503594122776,0.1884002836827094,0.46108967369166465
1,1,75-84,65-74,0.2945131910681023,0.17082753954396693,0.4418414371257337
1,1,75-84,75-84,0.44909223120068115,0.25000000518267995,0.7000676194019746
1,1,75-84,85+,0.07068188929389317,0,0.22894373396399886
1,1,85+,0-4,0.012266167242347715,0,0.07010130082064939
1,1,85+,5-11,0.11599608235308022,0.010819825448742274,0.6429558629729222
1,1,85+,12-17,0.11324447869351069,0.03270076964838603,0.2416126250121786
1,1,85+,18-29,0.33715712218849314,0.1214782756846276,0.7073234373169079
1,1,85+,30-49,0.3197564832127228,0.07002683957536125,1.1522973110663823
1,1,85+,50-64,0.4837878053627144,0.12312686784698029,1.2675737114893195
1,1,85+,65-74,0.0526618306679051,0,0.1364676711039934
1,1,85+,75-84,0.19984174738382185,0,0.6473018237770186
1,1,85+,85+,0.014150000111551196,0,0.0050000000829906015
1,2,0-4,0-4,0.41556967608803597,0.27348996509741047,0.5926084824971157
1,2,0-4,5-11,0.18757907094566104,0.1162764961788928,0.2643627356175728
1,2,0-4,12-17,0.09187909841878537,0.05259165770481677,0.14211206913045948
1,2,0-4,18-29,0.21513746083645674,0.11643300615222889,0.34865077146307505
1,2,0-4,30-49,0.33437839918287193,0.21134301642422204,0.4999569758777837
1,2,0-4,50-64,0.1571785493458049,0.07533843634093845,0.2716915042049539
1,2,0-4,65-74,0.060090532113435575,0.018887990658530952,0.12949072287212512
1,2,0-4,75-84,0.04951755382844332,0.005802585208625019,0.10924668709835322
1,2,0-4,85+,0.0056824127127690985,0,0.04699517796517047
1,2,5-11,0-4,0.12552073901239358,0.07273725046125772,0.19490142951927228
1,2,5-11,5-11,1.078569484327759,0.8769133216089847,1.2976133770327312
1,2,5-11,12-17,0.16040386214807695,0.10652948219294553,0.2178931458360597
1,2,5-11,18-29,0.26372865072713436,0.1821020590102598,0.3731118864343346
1,2,5-11,30-49,0.2863590174476826,0.20543948083899,0.37857757838413786
1,2,5-11,50-64,0.05870661788578366,0.033376894499193635,0.08849429237435835
1,2,5-11,65-74,0.061947992222298146,0.029752290244425647,0.10272614691232249
1,2,5-11,75-84,0.022987760670800512,0.00719424460932795,0.042598037680695346
1,2,5-11,85+,0.004808190017773193,0,0.028813011227817674
1,2,12-17,0-4,0.048047136724316604,0.025094020563225943,0.07417460699159906
1,2,12-17,5-11,0.19271748396566277,0.13477234810971836,0.26310709299377827
1,2,12-17,12-17,0.9211595065957116,0.6776847701426524,1.2018393272351229
1,2,12-17,18-29,0.18650153474399125,0.118338011015649,0.2716968795928996
1,2,12-17,30-49,0.30459965826435814,0.21276459642822368,0.42328967434530657
1,2,12-17,50-64,0.087708730324966,0.04932328777853774,0.13953242203960334
1,2,12-17,65-74,0.04180148895462569,0.018517128398873182,0.07745141194927253
1,2,12-17,75-84,0.02286098047397181,0.006852027378897319,0.04490087932421241
1,2,12-17,85+,0.010085319599356782,0,0.046192117645392286
1,2,18-29,0-4,0.08539604213075194,0.05166158690397019,0.12698615421339787
1,2,18-29,5-11,0.10613614999051507,0.07301936968398577,0.14367491496201754
1,2,18-29,12-17,0.0930602442050803,0.061618688519738125,0.13212355829497194
1,2,18-29,18-29,0.5297369793939848,0.413860813076579,0.6617044908562802
1,2,18-29,30-49,0.40796576121585293,0.334290019051952,0.49230009381274326
1,2,18-29,50-64,0.14638441066711175,0.10986672729848743,0.18616305411277767
1,2,18-29,65-74,0.07128349557328,0.03454553165680959,0.12272833243413865
1,2,18-29,75-84,0.043710670475970714,0.019970630245000256,0.07783117476222833
1,2,18-29,85+,0.010127955480170408,0.001466168475930783,0.03480233802959295
1,2,30-49,0-4,0.06050044925590339,0.03719084330806463,0.08846544612160462
1,2,30-49,5-11,0.09147482540183056,0.06659456795264979,0.12169740642852168
1,2,30-49,12-17,0.07830256926999639,0.05413227180078366,0.11155310137061657
1,2,30-49,18-29,0.2804334324068004,0.2160803190809807,0.35312504653326104
1,2,30-49,30-49,0.48296837676688514,0.41776304221203014,0.5541338857246689
1,2,30-49,50-64,0.2021437266036999,0.16528590699357462,0.24661217298460886
1,2,30-49,65-74,0.07670032956247334,0.045139996819894196,0.11504636593341015
1,2,30-49,75-84,0.032517131343688284,0.017418905736158626,0.05328541617440193
1,2,30-49,85+,0.01393974360475432,0.002192822617768911,0.06023101343494805
1,2,50-64,0-4,0.045973284150407946,0.02183790127779149,0.07758248075261705
1,2,50-64,5-11,0.03733478844169878,0.02245234663303782,0.055309192412928664
1,2,50-64,12-17,0.04127532453419207,0.024528849977056053,0.06402222081100596
1,2,50-64,18-29,0.13720776272079624,0.09921637431767624,0.17985839520377228
1,2,50-64,30-49,0.3247532581492822,0.2614716185547259,0.39341445941171843
1,2,50-64,50-64,0.2582571028410354,0.20475280374819488,0.3163413100062904
1,2,50-64,65-74,0.058242432200573284,0.03186249274487985,0.09448804302402995
1,2,50-64,75-84,0.04147905717336437,0.01967451474342359,0.07295245041779713
1,2,50-64,85+,0.0152054505108407,0.0036852778580719757,0.05009040808108764
1,2,65-74,0-4,0.06713196757802571,0.02182932740960858,0.13261469138580081
1,2,65-74,5-11,0.07112406012362116,0.030522921213363443,0.12283372553984102
1,2,65-74,12-17,0.04417327251106849,0.014183541778502073,0.08984815275778106
1,2,65-74,18-29,0.218543301582055,0.08890411429077164,0.4197800406421563
1,2,65-74,30-49,0.2735345583892735,0.16459289416685777,0.4080504768584609
1,2,65-74,50-64,0.12779202722568028,0.0749655873551316,0.19680634537986888
1,2,65-74,65-74,0.14644344178627788,0.07330585814333501,0.24484681498845864
1,2,65-74,75-84,0.09520316206351469,0.03684935329080909,0.1752654378933621
1,2,65-74,85+,0.008439307746673275,0,0.03617544138992614
1,2,75-84,0-4,0.04198424508561791,0.006381606534592968,0.09969066634695914
1,2,75-84,5-11,0.04181920724122739,0.011821333507089403,0.0834816556134563
1,2,75-84,12-17,0.04726754174414099,0.00854199445863737,0.10379387347065991
1,2,75-84,18-29,0.08094399752819365,0.02561473410857462,0.1551681288510297
1,2,75-84,30-49,0.1693653208358059,0.08015882555205034,0.2824831099464314
1,2,75-84,50-64,0.11752407804893998,0.056221677333032884,0.19590569125162816
1,2,75-84,65-74,0.125244308018214,0.04263039447023079,0.23150872221110966
1,2,75-84,75-84,0.17715265432099833,0.07174553834502531,0.31753530465642743
1,2,75-84,85+,0.03708464893632064,0,0.13013118123114345
1,2,85+,0-4,0.013273176541941543,0,0.06966705093067402
1,2,85+,5-11,0.04282265967352271,0,0.14586037469622093
1,2,85+,12-17,0.07941318207444431,0.011234523605811233,0.21410872596909503
1,2,85+,18-29,0.12806040537657326,0.018223092534360198,0.3724925455291686
1,2,85+,30-49,0.1525364107157769,0.028031430361966387,0.6183432559667538
1,2,85+,50-64,0.14500246704976238,0.0322765341060595,0.5983261750087944
1,2,85+,65-74,0.03695664806631473,0,0.11583459824337224
1,2,85+,75-84,0.10144080258087101,0,0.2735766688539643
1,2,85+,85+,0.00976228051643382,0,0.14215085267468633
1,3,0-4,0-4,0.22714736824041132,0.13031166983682274,0.3384156402962282
1,3,0-4,5-11,0.14626922522565916,0.08692517117183941,0.21306255304671093
1,3,0-4,12-17,0.06914900307055868,0.03452233932461573,0.11482783982013373
1,3,0-4,18-29,0.13803707069889157,0.06175827679348797,0.2264219388695873
1,3,0-4,30-49,0.27997168208717704,0.18034821959315464,0.41113407667098123
1,3,0-4,50-64,0.13498678410323844,0.05894513384311551,0.25223542739563387
1,3,0-4,65-74,0.04597352991727641,0.011771372737045373,0.10319559921465456
1,3,0-4,75-84,0.031398126881846886,0,0.08367125628515955
1,3,0-4,85+,0.007963933186624136,0,0.06879052602263468
1,3,5-11,0-4,0.09819781259325981,0.0506660758617039,0.16058853652476135
1,3,5-11,5-11,0.7448338458681707,0.5789148277521907,0.9312265610285851
1,3,5-11,12-17,0.11423467352093206,0.07205366604316447,0.16347903244067352
1,3,5-11,18-29,0.17785028097178526,0.10750138581598098,0.271882975840324
1,3,5-11,30-49,0.2407926251456977,0.16897776625968258,0.32906768433167877
1,3,5-11,50-64,0.05981977412022002,0.033213103621020645,0.09376788530467965
1,3,5-11,65-74,0.05820972290814812,0.026927995065749416,0.10015287228012934
1,3,5-11,75-84,0.01905092548234109,0.0056587932977178726,0.03833332780871948
1,3,5-11,85+,0.009623420018902448,0,0.05190729739807237
1,3,12-17,0-4,0.039967365586735255,0.018180759200880896,0.06678476856614464
1,3,12-17,5-11,0.12865019987489004,0.08349388922158724,0.17984873388924835
1,3,12-17,12-17,0.6731691966636767,0.49500847613524995,0.8866450713168473
1,3,12-17,18-29,0.14272219313326032,0.08226721022811262,0.23290602939865476
1,3,12-17,30-49,0.2577696815058712,0.17552424653415766,0.3661909372281354
1,3,12-17,50-64,0.08355453576477426,0.042731259139038115,0.1431074442205391
1,3,12-17,65-74,0.042562270370808855,0.01856252885147693,0.07527829925854125
1,3,12-17,75-84,0.02135717135594088,0.00559649475674009,0.04372966549755886
1,3,12-17,85+,0.012156756008945448,0,0.059537933364461955
1,3,18-29,0-4,0.05358080383909196,0.029102189980613584,0.08648840952275777
1,3,18-29,5-11,0.0696296505085722,0.04422357167697827,0.099192391378539
1,3,18-29,12-17,0.0711649856389496,0.04417949507795456,0.10098271993966626
1,3,18-29,18-29,0.3725829510704004,0.29068745669937257,0.46317195850688153
1,3,18-29,30-49,0.3345506809028765,0.26857432214125,0.40871290425098805
1,3,18-29,50-64,0.11674042627334097,0.08566622117993952,0.1530122625057335
1,3,18-29,65-74,0.060990058332452614,0.02880258487721212,0.09950287347871661
1,3,18-29,75-84,0.033909007334124504,0.015767827428614795,0.05881645987990611
1,3,18-29,85+,0.008575008784076939,0,0.03319395703030821
1,3,30-49,0-4,0.04418258690371587,0.025940633983123563,0.0666537502959995
1,3,30-49,5-11,0.0693158563978078,0.04806721757389722,0.09379059592503267
1,3,30-49,12-17,0.06058911044927751,0.03973540165863078,0.08636373555837003
1,3,30-49,18-29,0.18559300648759774,0.1476704172625593,0.22802724897597584
1,3,30-49,30-49,0.4001187482410642,0.342437033730034,0.46673009780424024
1,3,30-49,50-64,0.17285607386151963,0.138428594155258,0.21333486461335277
1,3,30-49,65-74,0.07016381496534667,0.04131402086443636,0.10767760596055237
1,3,30-49,75-84,0.03271431528724227,0.017040655857116605,0.051315144724515774
1,3,30-49,85+,0.015450048585640107,0.002902661751619384,0.05757321790813909
1,3,50-64,0-4,0.03198232623959645,0.013594075573414969,0.05503598749441454
1,3,50-64,5-11,0.033246833024054075,0.018614332780180775,0.052843608498008184
1,3,50-64,12-17,0.027600495655702776,0.013464201544713478,0.045920458864522014
1,3,50-64,18-29,0.09581912979153634,0.06903038035396884,0.12661888561484336
1,3,50-64,30-49,0.28442721168917084,0.23175474471023577,0.3481221324101451
1,3,50-64,50-64,0.22238604350614732,0.17384583214477123,0.2820906648147126
1,3,50-64,65-74,0.06093959414993674,0.03421660411001443,0.09615912234606999
1,3,50-64,75-84,0.03918301690504597,0.01812977729014799,0.06589403933195467
1,3,50-64,85+,0.015068692324844398,0.003795353427807967,0.03857509115367127
1,3,65-74,0-4,0.03996786606679188,0.008803872511679507,0.08901989201762887
1,3,65-74,5-11,0.04654862424700563,0.01536059576917511,0.08584594927771708
1,3,65-74,12-17,0.03573020247625807,0.009719185648586356,0.07763811470233058
1,3,65-74,18-29,0.10382637719234163,0.03746494436690437,0.20989582234079182
1,3,65-74,30-49,0.2695205189075374,0.16315976555894005,0.3982176935706919
1,3,65-74,50-64,0.11313548029923638,0.0646086566533796,0.17110434733597238
1,3,65-74,65-74,0.1530460373134098,0.08151093411206534,0.25496933137380046
1,3,65-74,75-84,0.0903531513396051,0.038584318739307906,0.15828730520705492
1,3,65-74,85+,0.012918598394346956,0,0.0494204789322727
1,3,75-84,0-4,0.028058357974580683,0,0.0807760394178825
1,3,75-84,5-11,0.03382356347664118,0.005142634833597198,0.0722014950472416
1,3,75-84,12-17,0.026122127243664587,0.00437358811312048,0.06519622097404743
1,3,75-84,18-29,0.06028098796601323,0.012977594748999987,0.12813695322097898
1,3,75-84,30-49,0.17137598444888705,0.08186117791959906,0.28750829558760055
1,3,75-84,50-64,0.12249440415154106,0.05480567645326029,0.216722663532537
1,3,75-84,65-74,0.12658255421667,0.04972328313839098,0.24030528757508793
1,3,75-84,75-84,0.1686500704936863,0.07218175281170901,0.29303030818598536
1,3,75-84,85+,0.03601666196820299,0,0.10086291557293445
1,3,85+,0-4,0.015052712099394981,0,0.12565543719918915
1,3,85+,5-11,0.022689589180848152,0,0.16700131935845497
1,3,85+,12-17,0.07138942276921927,0,0.21634929819404586
1,3,85+,18-29,0.05677903144600826,0,0.22692040714724107
1,3,85+,30-49,0.1488303731377977,0.0276984233225553,0.6182872575711277
1,3,85+,50-64,0.13712569804099958,0.016231775181427165,0.6133892969428463
1,3,85+,65-74,0.03735913205810198,0,0.2642122780453851
1,3,85+,75-84,0.1217290097039239,0,0.39273567519549757
1,3,85+,85+,0.017645515973129494,0,0.250000003796438
1,4,0-4,0-4,0.21484469729373615,0.12709296878829374,0.32711065232637976
1,4,0-4,5-11,0.15430583838367576,0.09428008266373358,0.22622477642757058
1,4,0-4,12-17,0.05138426113752851,0.022942053015256914,0.08676386750316314
1,4,0-4,18-29,0.106439416895942,0.049420273378926446,0.17529820681785455
1,4,0-4,30-49,0.2611099475826259,0.16398908926837946,0.38844695221660863
1,4,0-4,50-64,0.1280513559763672,0.059917234444888216,0.23286715177925552
1,4,0-4,65-74,0.055389006616637065,0.016714253264781372,0.12254774530084508
1,4,0-4,75-84,0.027599602118188404,0,0.0686577640298598
1,4,0-4,85+,0.007662732271348325,0,0.06608442961564488
1,4,5-11,0-4,0.08775002221022582,0.04563960559115478,0.1372529221504199
1,4,5-11,5-11,0.6187532583438049,0.47077720592156086,0.7908748422276208
1,4,5-11,12-17,0.09677090602900798,0.06032025871808725,0.13902799692499973
1,4,5-11,18-29,0.14883751635295198,0.09031027011094764,0.2301417195269353
1,4,5-11,30-49,0.2044799242549001,0.14443301836642441,0.27714367824780617
1,4,5-11,50-64,0.06109394953388994,0.034453456769152256,0.09614684764744003
1,4,5-11,65-74,0.05587182361651679,0.025387338161839544,0.0909670359877087
1,4,5-11,75-84,0.028679545099860013,0.010414892899469065,0.05102670112035821
1,4,5-11,85+,0.009629770950058219,0,0.05439409275127974
1,4,12-17,0-4,0.03721561995082402,0.01915283828421875,0.06022083313844504
1,4,12-17,5-11,0.10475474631958737,0.06320533254701272,0.14677483302954042
1,4,12-17,12-17,0.5245265594907765,0.3747496634855237,0.6827487867924782
1,4,12-17,18-29,0.13055728139676842,0.0732140272281381,0.20683850372034682
1,4,12-17,30-49,0.19761833165171158,0.13550630068439734,0.27187004783234425
1,4,12-17,50-64,0.07848318310469665,0.03604326637277243,0.14629862986482262
1,4,12-17,65-74,0.04190419681267835,0.018361378055212988,0.07677044252421657
1,4,12-17,75-84,0.02171735771736067,0.007139724311935053,0.04331047215055892
1,4,12-17,85+,0.010432867465287664,0,0.06204206062153668
1,4,18-29,0-4,0.04528452169423693,0.021245538487687204,0.07976088570077774
1,4,18-29,5-11,0.06277245090583003,0.03913972859321793,0.08748803041661907
1,4,18-29,12-17,0.04805329990432608,0.02883935341663877,0.06994014670550694
1,4,18-29,18-29,0.28969712406324205,0.2264903213774915,0.3623627717480038
1,4,18-29,30-49,0.28600787068996225,0.22793532744002556,0.3460441796368126
1,4,18-29,50-64,0.10240376124477353,0.07520932457995295,0.14002187201268548
1,4,18-29,65-74,0.0580841645878656,0.029850103053269187,0.09860782931846174
1,4,18-29,75-84,0.033757805146825096,0.015113587496492406,0.05815769741019801
1,4,18-29,85+,0.010344630367913735,0.0014406134211609725,0.041234579312169575
1,4,30-49,0-4,0.040535744977939096,0.02451804341261182,0.06306478400064486
1,4,30-49,5-11,0.062194615418516806,0.0438367835388965,0.08414257696402541
1,4,30-49,12-17,0.05227017878548634,0.03426140469556239,0.07497017924960138
1,4,30-49,18-29,0.1603709318682563,0.12500858306899354,0.20060473025154174
1,4,30-49,30-49,0.34098745990310747,0.28613666518723296,0.395404354032364
1,4,30-49,50-64,0.158280429029559,0.12729588677091647,0.1929838587967393
1,4,30-49,65-74,0.07613907363999989,0.045750666503690376,0.11317317792492154
1,4,30-49,75-84,0.034152698738403715,0.018336159786164468,0.05320843191651578
1,4,30-49,85+,0.015084114948626694,7.787859188093176e-4,0.07248518771579765
1,4,50-64,0-4,0.02932313238261306,0.012198852458851155,0.05490499450074361
1,4,50-64,5-11,0.03211275204919382,0.016445836034543262,0.05127108113097495
1,4,50-64,12-17,0.02515838480336955,0.012263830452491166,0.04242751920489437
1,4,50-64,18-29,0.0853655582075622,0.06107088515091105,0.11309321237188721
1,4,50-64,30-49,0.24793867792439095,0.19711591092152195,0.30510537109173197
1,4,50-64,50-64,0.19974301401445144,0.15295411302451245,0.24927977874862792
1,4,50-64,65-74,0.0575799374813658,0.03180453312478873,0.08982337145127309
1,4,50-64,75-84,0.043888191976224865,0.022240854960045426,0.07068127178951596
1,4,50-64,85+,0.014539871835147315,0.0036583140470506353,0.04224027849043959
1,4,65-74,0-4,0.03178429169725711,0.006254670918369786,0.07316433566455105
1,4,65-74,5-11,0.04771145031886947,0.01617864216533575,0.09619065347493308
1,4,65-74,12-17,0.03181405721057497,0.008697922724521539,0.06666745860129937
1,4,65-74,18-29,0.09259365820893753,0.02981606965686446,0.1948296464337937
1,4,65-74,30-49,0.2411937428073425,0.1395091113909733,0.3591945596619017
1,4,65-74,50-64,0.10504423069580907,0.05575830404541589,0.16043719399536416
1,4,65-74,65-74,0.1659933164263245,0.092658595052381,0.2691102518213852
1,4,65-74,75-84,0.08250639275033343,0.03595547727358705,0.15089709864228526
1,4,65-74,85+,0.014602674232276618,0,0.04788454658367853
1,4,75-84,0-4,0.0249488927029151,0,0.06964244958148129
1,4,75-84,5-11,0.028148578143542484,0.004469373945819659,0.06198587307507338
1,4,75-84,12-17,0.019215546190080236,0,0.05066437151847789
1,4,75-84,18-29,0.0831492607922165,0.022600267334310493,0.16501031545062342
1,4,75-84,30-49,0.16760341279161947,0.07643153141551075,0.284634372458432
1,4,75-84,50-64,0.12094877576833843,0.051668726876264226,0.20594165664069988
1,4,75-84,65-74,0.12455893973820906,0.049661681489012684,0.2171611680483427
1,4,75-84,75-84,0.14512638881788928,0.060410643721892504,0.26125978655151816
1,4,75-84,85+,0.03267251398283407,0,0.1085998155578799
1,4,85+,0-4,0.013150251936837932,0,0.12604167000171723
1,4,85+,5-11,0.021003732546811538,0,0.16701781103846752
1,4,85+,12-17,0.049596575137254344,0,0.17937372682155278
1,4,85+,18-29,0.09333772188715947,0,0.3295578716670089
1,4,85+,30-49,0.1274963118293312,0.013988428934371036,0.5883464911784918
1,4,85+,50-64,0.14986297493463574,0.01645015545241258,0.634820942806577
1,4,85+,65-74,0.06158120313400237,0,0.5133609700409908
1,4,85+,75-84,0.11748122109495791,0,0.5486377659205913
1,4,85+,85+,0.022706242551985202,0,0.2863322554634844
1,5,0-4,0-4,0.16114356053118573,0.08618253392702317,0.2621569955845057
1,5,0-4,5-11,0.1443261502819694,0.08652773261361024,0.2096011109042027
1,5,0-4,12-17,0.054343975460318404,0.02531491768368471,0.09154398741716588
1,5,0-4,18-29,0.10179624463294684,0.04605641485129958,0.17658518576295093
1,5,0-4,30-49,0.26103649721085526,0.15828002280726966,0.39206262222395655
1,5,0-4,50-64,0.14828060754546588,0.06077236693779038,0.2754842071906709
1,5,0-4,65-74,0.038392598449981843,0.008899917644889566,0.08794540904198192
1,5,0-4,75-84,0.01985885470071052,0,0.05486355130006785
1,5,0-4,85+,0.006016240160092486,0,0.05493492006738341
1,5,5-11,0-4,0.06554213132878996,0.028285842248605725,0.1212909830475804
1,5,5-11,5-11,0.581622205572079,0.44030692005324895,0.7523011821503438
1,5,5-11,12-17,0.1125191823188894,0.06972585136754812,0.16855697366894223
1,5,5-11,18-29,0.13182184022943205,0.07849224006443159,0.2044266507917542
1,5,5-11,30-49,0.19114001530296348,0.12665312332174875,0.2624097517767608
1,5,5-11,50-64,0.06619653191424918,0.0345917772423375,0.1072029333327755
1,5,5-11,65-74,0.05366326845481166,0.02483477139264904,0.09311260459060372
1,5,5-11,75-84,0.0236298909103165,0.00809737602734685,0.04596429250326893
1,5,5-11,85+,0.007380287287929107,0,0.04747286340436944
1,5,12-17,0-4,0.029532361705839092,0.011716528208331729,0.051628027813855525
1,5,12-17,5-11,0.107002363360683,0.06623174284035865,0.15541266033401469
1,5,12-17,12-17,0.5190682628557072,0.37336204007710616,0.6871323027914624
1,5,12-17,18-29,0.08840600299480686,0.04408935883830878,0.14498116538410316
1,5,12-17,30-49,0.19480330024455136,0.12573632372378016,0.282615486252679
1,5,12-17,50-64,0.08750167797276144,0.03452445138797294,0.18901032587524627
1,5,12-17,65-74,0.035716547660187795,0.014973094651365065,0.06426051466215787
1,5,12-17,75-84,0.021597795988584814,0.005534041606915053,0.04601985196654105
1,5,12-17,85+,0.007555176833477649,0,0.047188986011484996
1,5,18-29,0-4,0.03331531082016385,0.01452221385823511,0.06543147389156506
1,5,18-29,5-11,0.058149765775569746,0.03788499536271002,0.08194552947992391
1,5,18-29,12-17,0.042121943791206796,0.023924621480998956,0.06352706004614804
1,5,18-29,18-29,0.2592884168219056,0.19568742193043356,0.3326311777512294
1,5,18-29,30-49,0.2605430262381181,0.20839517339049624,0.3191540429939281
1,5,18-29,50-64,0.09344466230675928,0.06583631439574071,0.12501251655911258
1,5,18-29,65-74,0.0481753885906073,0.02364978649977963,0.08287258781525836
1,5,18-29,75-84,0.03432977326504717,0.014347218515034026,0.06031806057560789
1,5,18-29,85+,0.00955147664930552,0,0.03309343317674969
1,5,30-49,0-4,0.03019126604492539,0.016305008270667873,0.0480906199844788
1,5,30-49,5-11,0.051715658596768264,0.03472693719637003,0.07139631632039413
1,5,30-49,12-17,0.06071723710180675,0.03512738104864446,0.0920143396108154
1,5,30-49,18-29,0.14606475791507922,0.11000323558472824,0.1881097124023169
1,5,30-49,30-49,0.3087994982284398,0.25602055531552304,0.36639745085993913
1,5,30-49,50-64,0.14205248076761795,0.11403961769748544,0.1731063208691827
1,5,30-49,65-74,0.07015331135577395,0.044128423495543266,0.10264827107251714
1,5,30-49,75-84,0.02805917795075666,0.014562813758885141,0.04440397774312244
1,5,30-49,85+,0.01835114540873126,0.00150375939849624,0.06573539564958183
1,5,50-64,0-4,0.020956598908326234,0.006449880846785659,0.04195465794667021
1,5,50-64,5-11,0.032314159687698456,0.0172570312049592,0.05079482817864223
1,5,50-64,12-17,0.02199147709947463,0.009573120450591822,0.038691895218314475
1,5,50-64,18-29,0.07735597089618627,0.050580020298614824,0.10763888374305687
1,5,50-64,30-49,0.23147569896470013,0.18295997556894084,0.2879742058188107
1,5,50-64,50-64,0.17592620301859094,0.13725968792878654,0.2180395665086409
1,5,50-64,65-74,0.04868032774979038,0.02574541516591362,0.07589505031151234
1,5,50-64,75-84,0.03779991604558487,0.017625052266639685,0.06360112901192952
1,5,50-64,85+,0.01696762377865898,0.0036051238066977997,0.046276238020130506
1,5,65-74,0-4,0.0228744679671813,0,0.06361685159904253
1,5,65-74,5-11,0.038320492583023426,0.009045132610887543,0.08047930796907198
1,5,65-74,12-17,0.04562466166388336,0.010147863637076059,0.1025294702115598
1,5,65-74,18-29,0.0728665834593009,0.02279079527132636,0.15123363549573257
1,5,65-74,30-49,0.23764379370105307,0.1487382020009068,0.351935997912688
1,5,65-74,50-64,0.11012726815087397,0.05982777588284234,0.175190584533147
1,5,65-74,65-74,0.1519251365738413,0.07963122764721227,0.25237947314646636
1,5,65-74,75-84,0.07806865810745899,0.03095455962893552,0.13810941355254241
1,5,65-74,85+,0.014500062132587208,0,0.047648249907090066
1,5,75-84,0-4,0.023090363781649248,0,0.06801355979746043
1,5,75-84,5-11,0.03416499089367094,0.005117113463558237,0.07941213647259701
1,5,75-84,12-17,0.026165418246311675,0,0.07158132344593494
1,5,75-84,18-29,0.061907187037125576,0.013387779298568266,0.13074200943250577
1,5,75-84,30-49,0.14517909831375425,0.06738124269518958,0.23933379025108825
1,5,75-84,50-64,0.1131169047847633,0.047821249074539884,0.19450187479976033
1,5,75-84,65-74,0.11695669223238102,0.0474876451551594,0.21412881827171612
1,5,75-84,75-84,0.13027323386263598,0.05075954263308714,0.23286829181037166
1,5,75-84,85+,0.032528371899824986,0,0.11602762349545805
1,5,85+,0-4,0.012658700294935947,0,0.166666669065953
1,5,85+,5-11,0.020914601984934285,0,0.166666669065953
1,5,85+,12-17,0.06387631212472357,0,0.19866120746271976
1,5,85+,18-29,0.08683474567059352,0,0.28450609352442596
1,5,85+,30-49,0.1311030740469267,0.014879019263755568,0.5886625610537889
1,5,85+,50-64,0.17459752685412208,0.017782414836037333,0.6771022986552115
1,5,85+,65-74,0.050676823084014916,0,0.2971534542518614
1,5,85+,75-84,0.09898172665700457,0,0.39300769592644874
1,5,85+,85+,0.03272258410018013,0,0.250000003796438
2,1,0-4,0-4,0.4921354763115435,0.3238785743624098,0.7017924419927986
2,1,0-4,5-11,0.2261712931074224,0.13106262856113984,0.3511858573307675
2,1,0-4,12-17,0.07575502292359665,0.039565273450525795,0.11694971721704156
2,1,0-4,18-29,0.2701952655339923,0.16345858476734926,0.4017874458899986
2,1,0-4,30-49,0.31084792501726966,0.19108447315911883,0.4545305150762099
2,1,0-4,50-64,0.1428351801215315,0.06784854769749776,0.24104233180994047
2,1,0-4,65-74,0.09001024476905906,0.029268665498282758,0.1778091907962547
2,1,0-4,75-84,0.03239632524231501,0.004924242425737398,0.0769243616030988
2,1,0-4,85+,0.00362248172917698,0,0.019013355116957915
2,1,5-11,0-4,0.14839011749477402,0.09198405154093584,0.20913216598079606
2,1,5-11,5-11,1.298224788433793,1.05550048278081,1.5618779099031672
2,1,5-11,12-17,0.20297605819116837,0.14194643583740768,0.27711258739518196
2,1,5-11,18-29,0.2243277998844441,0.15433266188401631,0.3036691793973521
2,1,5-11,30-49,0.3139574097634456,0.2285640663087977,0.41768653101428443
2,1,5-11,50-64,0.07748597951745519,0.04659841782800288,0.11479071207615431
2,1,5-11,65-74,0.06370285283737245,0.02733810689156435,0.11001704244569638
2,1,5-11,75-84,0.021555841054143536,0.0060933432969438915,0.043030880259402986
2,1,5-11,85+,0.007807010173403532,0,0.02659184267935436
2,1,12-17,0-4,0.08211812996474692,0.04700447279947002,0.1270144958238745
2,1,12-17,5-11,0.21813146550885776,0.1448682828421882,0.2963105163994008
2,1,12-17,12-17,1.096125454996229,0.8064048861221272,1.4301178785707747
2,1,12-17,18-29,0.22222129937791946,0.14714108205694967,0.3155017381862846
2,1,12-17,30-49,0.30363154417265203,0.20990710049080882,0.43256614364232926
2,1,12-17,50-64,0.096783574329274355,0.057515956609848935,0.15012115438254786
2,1,12-17,65-74,0.044699600721120836,0.014352539856573174,0.09091870095874723
2,1,12-17,75-84,0.02752668550280273,0.004974508644904096,0.06044531208350189
2,1,12-17,85+,0.01635706705670604,0.0023140220700152213,0.044100874648485
2,1,18-29,0-4,0.08182660567752047,0.04428479189642025,0.1326078177401167
2,1,18-29,5-11,0.1526219439651354,0.10538396252955964,0.2159229240626758
2,1,18-29,12-17,0.09444174580485055,0.059924699122357206,0.1375834663972406
2,1,18-29,18-29,0.5383168294273273,0.42056388242797,0.6724217439814651
2,1,18-29,30-49,0.46276108988584974,0.35656791382756686,0.5827141578564532
2,1,18-29,50-64,0.13691341876214883,0.09900353110968127,0.17947255528487518
2,1,18-29,65-74,0.09411042633160341,0.03828442252848773,0.18076819698588747
2,1,18-29,75-84,0.020060036787839863,0.006348000150965736,0.03845471521180745
2,1,18-29,85+,0.011224936157730552,0.0015973169044179007,0.03265025618574489
2,1,30-49,0-4,0.07725230769096711,0.04882712451832753,0.11550635515673098
2,1,30-49,5-11,0.1006619365847467,0.07221681432118998,0.13307893192039394
2,1,30-49,12-17,0.09369270077255273,0.06544488520352053,0.13020091035074777
2,1,30-49,18-29,0.25182342849766987,0.20634589152611157,0.3038801518641563
2,1,30-49,30-49,0.48410603057956,0.4187471019157912,0.5554391731061061
2,1,30-49,50-64,0.19684101633413073,0.15848444271861162,0.23845827589987634
2,1,30-49,65-74,0.07154959728269968,0.043053263041349196,0.1067354979281526
2,1,30-49,75-84,0.02549566330111825,0.012066829365082665,0.042524019816484
2,1,30-49,85+,0.008121519286040681,0.0014924817047400844,0.03292254390385866
2,1,50-64,0-4,0.05528785460340853,0.026500438716366904,0.09556800494714429
2,1,50-64,5-11,0.031419892387389875,0.017863376756436872,0.0473623118386773
2,1,50-64,12-17,0.04107545518188227,0.023098914886397818,0.06534535076123198
2,1,50-64,18-29,0.1375721292970429,0.1032527954614109,0.17495611475306808
2,1,50-64,30-49,0.3084929755181866,0.2522439954796837,0.37635658707419545
2,1,50-64,50-64,0.23832937325392292,0.18895359257293184,0.2919316654556096
2,1,50-64,65-74,0.050893458501918606,0.02985521156490155,0.07837856389754362
2,1,50-64,75-84,0.026935924945584458,0.012885724407272642,0.044900594700000664
2,1,50-64,85+,0.011754451345933876,0.0026164585850449737,0.04850259486085838
2,1,65-74,0-4,0.045051936822523,0.014160975646649004,0.0970836446401419
2,1,65-74,5-11,0.07066686452610599,0.033939777361943584,0.11718434200566327
2,1,65-74,12-17,0.04172556893554705,0.018483497521684808,0.07731074440799814
2,1,65-74,18-29,0.1427892701898163,0.06919878457032388,0.24583936125675418
2,1,65-74,30-49,0.24949003078870563,0.14683091012307137,0.3742216173331605
2,1,65-74,50-64,0.11456072513695072,0.06267235305273425,0.18585451047660267
2,1,65-74,65-74,0.12430800236342038,0.062225420791688274,0.20783736086099855
2,1,65-74,75-84,0.06118345431939041,0.020825495656917544,0.11309498654329231
2,1,65-74,85+,0.006385435179128377,0,0.020014107265794265
2,1,75-84,0-4,0.05540009594640496,0.006491915541885366,0.12222487742516815
2,1,75-84,5-11,0.039131741134513294,0.012246661244746005,0.07251403941561765
2,1,75-84,12-17,0.03405252231560882,0.010206422051439058,0.0668820043356854
2,1,75-84,18-29,0.13065859132938634,0.05969559348686297,0.2326505529475798
2,1,75-84,30-49,0.15783819642898142,0.08455139034567333,0.25864747711110087
2,1,75-84,50-64,0.12175002113188708,0.057748964152194535,0.21413125044928139
2,1,75-84,65-74,0.12059365306226554,0.04667700137266459,0.22200837611903443
2,1,75-84,75-84,0.1291420205473739,0.052301580366653375,0.23147917820160088
2,1,75-84,85+,0.026154987743494753,0,0.0705376361260264
2,1,85+,0-4,0.017345738774675733,0,0.1434542195116279
2,1,85+,5-11,0.022331753287078735,0,0.1338227182825547
2,1,85+,12-17,0.04098762864202519,0,0.18772884146961774
2,1,85+,18-29,0.0826001775719182,0.011957573934773428,0.28383609177495434
2,1,85+,30-49,0.18461346098465073,0.029041034345400025,0.7976800839469049
2,1,85+,50-64,0.12177220074574636,0.02951339026864406,0.4011468929472261
2,1,85+,65-74,0.029166787391553414,0,0.12502463940025177
2,1,85+,75-84,0.07376031779120251,0,0.2588272386947943
2,1,85+,85+,0.006867549856221592,0,0.100000001659903
2,2,0-4,0-4,0.9785904003114664,0.5788362306610294,1.5873224516522997
2,2,0-4,5-11,0.45546146786233693,0.3494371479308151,0.5903121998704001
2,2,0-4,12-17,0.16043241472726613,0.10335423692463329,0.22899146287689248
2,2,0-4,18-29,0.6477892952657701,0.48096967888114467,0.8371448387637211
2,2,0-4,30-49,1.0630078407079961,0.8661018726558505,1.2732397239707143
2,2,0-4,50-64,0.22625961737863592,0.13371850477426486,0.3498209972957904
2,2,0-4,65-74,0.15552779084011356,0.07985389164548708,0.2661132142529757
2,2,0-4,75-84,0.058780750872907454,0.01176128592979198,0.12435045243288934
2,2,0-4,85+,0.007600484763646754,0,0.0646590844122443
2,2,5-11,0-4,0.30425058118724657,0.23342579526068374,0.39433155725651015
2,2,5-11,5-11,2.0901319491605586,1.6023000596742951,2.762211248530291
2,2,5-11,12-17,0.3211226168320052,0.24635761876644166,0.4084901919138927
2,2,5-11,18-29,0.5423754849974218,0.42885218238537104,0.6656213122500904
2,2,5-11,30-49,1.0789007467612817,0.9575956738748126,1.223185528919436
2,2,5-11,50-64,0.19091669858976718,0.13993002821761305,0.24943367199805241
2,2,5-11,65-74,0.11798448349818558,0.07002046804233944,0.17509639650383144
2,2,5-11,75-84,0.03979194105840158,0.015498525481708415,0.07087117492056068
2,2,5-11,85+,0.019853379635537186,0,0.13366245340036256
2,2,12-17,0-4,0.12108033755479879,0.07800272729066152,0.1728227033759725
2,2,12-17,5-11,0.3628044639161021,0.27833493850408275,0.4615123859987637
2,2,12-17,12-17,1.519247704337252,1.0480620665085132,2.076292793031208
2,2,12-17,18-29,0.4253568902538569,0.3238846130192655,0.54031963342255
2,2,12-17,30-49,1.0068620293223205,0.8615993843814541,1.1787281430162921
2,2,12-17,50-64,0.36026686035443956,0.2861601074992372,0.44792237568934357
2,2,12-17,65-74,0.09714053754080437,0.05348624776554885,0.15167544467559055
2,2,12-17,75-84,0.04484500627771926,0.01619633840624784,0.08360197368277775
2,2,12-17,85+,0.015407856205084476,0.0022828455790784557,0.04594173210691036
2,2,18-29,0-4,0.20805178274885827,0.154473993118879,0.26886748113418696
2,2,18-29,5-11,0.2607701945158081,0.2061890150136369,0.32002589326128666
2,2,18-29,12-17,0.18101294907041407,0.13783086698362346,0.22993597265602067
2,2,18-29,18-29,1.0555232170593902,0.8612888530286859,1.2879791227509212
2,2,18-29,30-49,0.7460133148417545,0.6400819780177402,0.8734976814821923
2,2,18-29,50-64,0.3395704151300102,0.28650894470903054,0.4015148522146329
2,2,18-29,65-74,0.11417012215381593,0.06549662293948867,0.18411325469036555
2,2,18-29,75-84,0.04971895063604401,0.021207494462165875,0.08488837974380081
2,2,18-29,85+,0.02172344562595372,0.00181159420289855,0.06879679302103
2,2,30-49,0-4,0.20738096548457102,0.16896680878641251,0.24839485950968415
2,2,30-49,5-11,0.3150896536501211,0.27966287920721,0.35722758169741264
2,2,30-49,12-17,0.2602680657465558,0.22271850431415718,0.30469447142660167
2,2,30-49,18-29,0.45314931569025435,0.3888036641623881,0.5305868792766013
2,2,30-49,30-49,1.0177357187612432,0.8951369284505665,1.1525554042066282
2,2,30-49,50-64,0.36518950698702024,0.3144148899170517,0.42221770194326413
2,2,30-49,65-74,0.13294418883482081,0.10128088285037097,0.17402897396558337
2,2,30-49,75-84,0.05758228516235973,0.037609148917245164,0.08170359127236197
2,2,30-49,85+,0.01919563625013293,0.003622666332566608,0.07890239363861908
2,2,50-64,0-4,0.06720517044461069,0.039717979766200624,0.10390621190269524
2,2,50-64,5-11,0.08489063441729153,0.06221953845403107,0.11091006086611742
2,2,50-64,12-17,0.14178766501610857,0.11262199754692334,0.17628562253818622
2,2,50-64,18-29,0.314042054264427,0.2649696603489686,0.3713296076128555
2,2,50-64,30-49,0.5560085945400515,0.4787031875246578,0.6428352035200959
2,2,50-64,50-64,0.6391109835498922,0.540518810511373,0.7566184139158522
2,2,50-64,65-74,0.1473793486459021,0.11572749770984553,0.18296339821341623
2,2,50-64,75-84,0.08539688434194115,0.0594228558371504,0.11361210518277784
2,2,50-64,85+,0.06710641369472665,0.015075439397241349,0.13968946037900562
2,2,65-74,0-4,0.09846334752666758,0.05055483294641201,0.1684740569829479
2,2,65-74,5-11,0.11181799845480783,0.06636083284191892,0.16594494473511798
2,2,65-74,12-17,0.08148648661734162,0.044867019712840725,0.12723317582574814
2,2,65-74,18-29,0.2250512267975952,0.12910641650862756,0.3629225672715108
2,2,65-74,30-49,0.43142323180912445,0.32867119791206517,0.5647493360536638
2,2,65-74,50-64,0.3141286788490631,0.24666499272869838,0.38997356879764944
2,2,65-74,65-74,0.4482761084508003,0.33157537589195535,0.621923908112756
2,2,65-74,75-84,0.18189542161986783,0.11596756182557644,0.27283839281066347
2,2,65-74,85+,0.030567622843722574,0.002645154553049289,0.13423178804225006
2,2,75-84,0-4,0.05553229740790655,0.011111311414935815,0.11747836161946232
2,2,75-84,5-11,0.056276342093930766,0.02191901924764164,0.1002306089711646
2,2,75-84,12-17,0.05613621124045827,0.020274299182042984,0.10465151962989819
2,2,75-84,18-29,0.14624963496283658,0.06238241724513841,0.24970145973107644
2,2,75-84,30-49,0.2788476463632924,0.18212585047172894,0.3956573460307759
2,2,75-84,50-64,0.2716169691792333,0.1890028673392046,0.361359502862595
2,2,75-84,65-74,0.2714348993688337,0.1730535226991999,0.40714527631864084
2,2,75-84,75-84,0.4036706445106071,0.24242596155267537,0.6000748235458716
2,2,75-84,85+,0.09865399040308256,0.02081925678605221,0.2467598562735338
2,2,85+,0-4,0.01959117563074631,0,0.166666669065953
2,2,85+,5-11,0.07660795643901767,0,0.5157614268000245
2,2,85+,12-17,0.05262352296012733,0.007796761285026651,0.15690799305085812
2,2,85+,18-29,0.1743452991257969,0.014539265024401069,0.5521406532220151
2,2,85+,30-49,0.25362338390345496,0.047864675181699144,1.0425021505901073
2,2,85+,50-64,0.5823547157085508,0.13082584422257482,1.2122360815846909
2,2,85+,65-74,0.12445555274045587,0.010769701447402176,0.5465224254286003
2,2,85+,75-84,0.2691679521412307,0.05680334562553076,0.6732606041826783
2,2,85+,85+,0.05104803567638618,0,0.500000007592876
2,3,0-4,0-4,0.3787956775390441,0.22151426438040137,0.5750461402963338
2,3,0-4,5-11,0.20838321361773382,0.12857535157241914,0.31803179264006426
2,3,0-4,12-17,0.07373298659958508,0.03559384300786005,0.12063756744353929
2,3,0-4,18-29,0.20163261475529318,0.10195274116808858,0.3171732065584902
2,3,0-4,30-49,0.3670700612771955,0.22977942416356492,0.5269280590687588
2,3,0-4,50-64,0.154379963088056,0.07081921482071565,0.2557913907404017
2,3,0-4,65-74,0.09323202815091261,0.03141902431740816,0.18110747659551799
2,3,0-4,75-84,0.04473052398820657,0.006664473684925975,0.10255230447510477
2,3,0-4,85+,0.011155421368151178,0,0.0882428993258667
2,3,5-11,0-4,0.1337028487203527,0.0767965038680404,0.2033875901343736
2,3,5-11,5-11,1.087725802223295,0.8505871374020407,1.3354502378704824
2,3,5-11,12-17,0.1435730846587554,0.09445111620998761,0.20109704216427832
2,3,5-11,18-29,0.18790210863439785,0.11868791843708056,0.27743314180734147
2,3,5-11,30-49,0.30341017653413604,0.21355484720145348,0.4159683304914818
2,3,5-11,50-64,0.0787697205651682,0.0426819498944466,0.1240694169791705
2,3,5-11,65-74,0.07761862086692399,0.03521080755850579,0.13358408205080885
2,3,5-11,75-84,0.027136864995275057,0.008509736749745915,0.052580504709143966
2,3,5-11,85+,0.011451611847812158,0,0.06066749320814755
2,3,12-17,0-4,0.05168795725346327,0.023926921643886868,0.08592495065153591
2,3,12-17,5-11,0.15995177014515236,0.10077728783316216,0.22642460671479828
2,3,12-17,12-17,0.9299235676368357,0.6841566652148954,1.2214196642834674
2,3,12-17,18-29,0.1614634449629696,0.09182654502814737,0.24749220612939996
2,3,12-17,30-49,0.323221301101007,0.2110249919034664,0.45283629283033416
2,3,12-17,50-64,0.10536040568648444,0.0522130694889216,0.18017288387063507
2,3,12-17,65-74,0.061060503418188056,0.023058469508750134,0.11641949453930837
2,3,12-17,75-84,0.038890473200876255,0.01173497410534662,0.07568200810673043
2,3,12-17,85+,0.014504872625802266,0,0.0722514547980407
2,3,18-29,0-4,0.06903113657399651,0.03671848037650594,0.11414627076198791
2,3,18-29,5-11,0.08912870785896698,0.05734267292875888,0.127208232323554
2,3,18-29,12-17,0.07824767810168431,0.04693099438424376,0.1155822146612223
2,3,18-29,18-29,0.41794643899587985,0.3245822122593693,0.5282851543871088
2,3,18-29,30-49,0.3951459484333236,0.3131517240539746,0.4932853111312227
2,3,18-29,50-64,0.137547077301026,0.10059053066185966,0.18027662083561585
2,3,18-29,65-74,0.0729018809082143,0.034882343622725576,0.12793229803106249
2,3,18-29,75-84,0.03772879021086513,0.014726293268184497,0.06912297581091545
2,3,18-29,85+,0.014807182096130583,0.0031441627358490573,0.03953863878340359
2,3,30-49,0-4,0.06430430796803663,0.037382618046016794,0.09807941616200248
2,3,30-49,5-11,0.08123331747283188,0.05565196707173856,0.11138683030893252
2,3,30-49,12-17,0.07563387212085769,0.050497119956110934,0.10676971821343226
2,3,30-49,18-29,0.20560079498929712,0.16420947626958798,0.25076230482747014
2,3,30-49,30-49,0.47361751373932925,0.4079187817587325,0.5451140374435193
2,3,30-49,50-64,0.20862014895074435,0.16826137051457213,0.2567118734752499
2,3,30-49,65-74,0.0790384926179309,0.0482180886949778,0.11623870916223536
2,3,30-49,75-84,0.036624335916008124,0.02099280958480936,0.05701138776691143
2,3,30-49,85+,0.015905560282946457,0.003095617453891135,0.06037591694166926
2,3,50-64,0-4,0.0451033374736224,0.020780121707040515,0.07700895414546258
2,3,50-64,5-11,0.04121908749649191,0.023171559025921724,0.06416848913261824
2,3,50-64,12-17,0.04135658360711399,0.02180209477423088,0.0700380972160671
2,3,50-64,18-29,0.11128731970061664,0.07862193597863273,0.14295847364865719
2,3,50-64,30-49,0.3186060608283598,0.2602679483614247,0.386966693703304
2,3,50-64,50-64,0.2635957456279247,0.21020208229369655,0.32362546254253793
2,3,50-64,65-74,0.06909336637297539,0.044596747418093885,0.1017847666448583
2,3,50-64,75-84,0.04534187270180484,0.02647054702156964,0.07237549538911177
2,3,50-64,85+,0.022689269947663716,0.0059382422807449,0.06675981201822181
2,3,65-74,0-4,0.053853790132354085,0.015604605292444418,0.11463478936414535
2,3,65-74,5-11,0.055624756079857465,0.02160795601113825,0.09985348481236472
2,3,65-74,12-17,0.0385297734873311,0.012506225753784574,0.08446231937197766
2,3,65-74,18-29,0.09588016419436897,0.0392648539886591,0.19812988464198952
2,3,65-74,30-49,0.25226989055762983,0.1561703471374192,0.36468654938760436
2,3,65-74,50-64,0.13133739976107786,0.0813807495070454,0.19283942787200387
2,3,65-74,65-74,0.153356466268997,0.08197331906468461,0.24233838341985472
2,3,65-74,75-84,0.10503159526980166,0.05143039408018053,0.17560686008469945
2,3,65-74,85+,0.01835995983436962,0.002392344497607655,0.06728300266347904
2,3,75-84,0-4,0.027954361066603723,0,0.07039319092530306
2,3,75-84,5-11,0.0381882152008468,0.007853426318162894,0.07706409428941194
2,3,75-84,12-17,0.032815215363918473,0.006784807500414266,0.07448418718026066
2,3,75-84,18-29,0.056935739277636226,0.015194401711485388,0.12128537641700315
2,3,75-84,30-49,0.14415272789062575,0.07496318828611057,0.23169686525132083
2,3,75-84,50-64,0.11061739506319401,0.054719758052213546,0.18304107990898338
2,3,75-84,65-74,0.13880332264326026,0.06572292114187117,0.23901193776588575
2,3,75-84,75-84,0.1482664169121628,0.06781348885684883,0.2472368065465538
2,3,75-84,85+,0.04506046491427527,0.006317944900853745,0.14503498608238613
2,3,85+,0-4,0.016411015527281376,0,0.14718202521896478
2,3,85+,5-11,0.018631405567387016,0,0.12810198470947773
2,3,85+,12-17,0.029102631365292325,0,0.1439437264364428
2,3,85+,18-29,0.07066563213015027,0,0.2939107684313009
2,3,85+,30-49,0.1752528588501853,0.021186933298278292,0.7818380890400225
2,3,85+,50-64,0.19086418394337046,0.03484890896534423,0.8269176982413043
2,3,85+,65-74,0.07824148047993554,0,0.510400513327211
2,3,85+,75-84,0.1895616080827019,0.018727153543938384,0.7719271987093846
2,3,85+,85+,0.0587939432034382,0,0.5
2,4,0-4,0-4,0.33969773572107115,0.20771783698464327,0.5053335983517074
2,4,0-4,5-11,0.22047319331830384,0.12947718808700018,0.32914685551435535
2,4,0-4,12-17,0.060631315605222294,0.027737597100608608,0.09728535827716944
2,4,0-4,18-29,0.1640895370950182,0.08218779615873063,0.26610092144887443
2,4,0-4,30-49,0.29369049732956976,0.18122287310782115,0.4292543343365118
2,4,0-4,50-64,0.17708521707164349,0.08109207544214866,0.30749239380301613
2,4,0-4,65-74,0.10712837233709316,0.03309418858948583,0.21888225525541286
2,4,0-4,75-84,0.037848564648483976,0.00609756097672135,0.09155742431042918
2,4,0-4,85+,0.013356562010114295,0,0.0799314992973342
2,4,5-11,0-4,0.1309696490570053,0.07331267223391093,0.20348045242741994
2,4,5-11,5-11,0.9043608551377088,0.6995910008753686,1.1430502375109477
2,4,5-11,12-17,0.1483599905435926,0.0948963708342618,0.21338760102826387
2,4,5-11,18-29,0.15874998229564746,0.09951765191540499,0.23426119981612278
2,4,5-11,30-49,0.2480356529205993,0.1756065241825044,0.3452005942496348
2,4,5-11,50-64,0.07135329256640142,0.03549506630918936,0.11695344173308866
2,4,5-11,65-74,0.08080087185103577,0.03784176655489708,0.1352216257951968
2,4,5-11,75-84,0.0312346014090483,0.010636054510526901,0.059253144132392514
2,4,5-11,85+,0.01378828958709984,0,0.08121055195770972
2,4,12-17,0-4,0.05895064472275405,0.02842307610409758,0.0968326068657445
2,4,12-17,5-11,0.127212576370623,0.0795935052234164,0.18375575804698413
2,4,12-17,12-17,0.7938305209361658,0.5781573812827268,1.044078679042831
2,4,12-17,18-29,0.14375590531510948,0.08170366108639443,0.21625863839544807
2,4,12-17,30-49,0.26856260449893293,0.17997569235089672,0.3769609841483563
2,4,12-17,50-64,0.11478309657099,0.05472364163902078,0.19909821160386806
2,4,12-17,65-74,0.06066770221274482,0.022074713554634313,0.11822851813324305
2,4,12-17,75-84,0.042634670739671136,0.012815315643417648,0.08419461637163517
2,4,12-17,85+,0.014133982468125658,0,0.09269445526893215
2,4,18-29,0-4,0.05278913779613956,0.026662423926588942,0.0912189693839734
2,4,18-29,5-11,0.07242993130437758,0.04541349472527706,0.10367850878336418
2,4,18-29,12-17,0.06765477760120538,0.03905690840897951,0.10236807083450619
2,4,18-29,18-29,0.36082711136926515,0.2728185820589907,0.46290466450224305
2,4,18-29,30-49,0.34475579059214573,0.27212757805549975,0.4332041138317915
2,4,18-29,50-64,0.11879365870875178,0.08759123219038437,0.1550543656047436
2,4,18-29,65-74,0.08435813185269836,0.03501474146085085,0.16748138333896204
2,4,18-29,75-84,0.03645208233918984,0.014335282539171487,0.06916147566817357
2,4,18-29,85+,0.01672946435838334,0.0032352120102980843,0.04320186631378508
2,4,30-49,0-4,0.05482272777842542,0.033907382200820034,0.08353594642786565
2,4,30-49,5-11,0.07379298741052463,0.04999942279664102,0.1013900905186825
2,4,30-49,12-17,0.06927796302337548,0.04640510731621434,0.0951545469771343
2,4,30-49,18-29,0.17697047894682713,0.13913535351538142,0.2160932650823733
2,4,30-49,30-49,0.41715866461141055,0.3538009781538047,0.4815180592534993
2,4,30-49,50-64,0.18886246086952052,0.15407928081112243,0.2309495870082988
2,4,30-49,65-74,0.08208193369673708,0.05251419087514862,0.11705912382425343
2,4,30-49,75-84,0.03715558465741188,0.021314180355228137,0.05778430408986364
2,4,30-49,85+,0.01583979797863176,0.002304059116225158,0.06131782031100307
2,4,50-64,0-4,0.03906507432924279,0.01717884291833008,0.06767582101087855
2,4,50-64,5-11,0.03821585846323475,0.019828330248474076,0.060621157264599886
2,4,50-64,12-17,0.033060278536864295,0.016041581878119826,0.05742585651953616
2,4,50-64,18-29,0.09593378019972272,0.06876437453604603,0.1293368573163288
2,4,50-64,30-49,0.2863071816105657,0.23465416507393577,0.3458771968791341
2,4,50-64,50-64,0.24065089974931733,0.19093718001735652,0.2938296253075499
2,4,50-64,65-74,0.06879175086133779,0.043704560376810246,0.09922879212638387
2,4,50-64,75-84,0.04307372482306191,0.02498900211744969,0.06544424463514638
2,4,50-64,85+,0.02103114570346834,0.006141755226378182,0.06553060279576747
2,4,65-74,0-4,0.04649807710237405,0.012948900582405862,0.09713976440356452
2,4,65-74,5-11,0.0529789063240831,0.018426114725723253,0.09900708476388263
2,4,65-74,12-17,0.03640464064821131,0.010035855490825411,0.0748470598645177
2,4,65-74,18-29,0.09355667873954977,0.03186279514125507,0.20086559507542814
2,4,65-74,30-49,0.20677721544719335,0.12322161717802999,0.3067026694941742
2,4,65-74,50-64,0.12012211411513063,0.07504028319242917,0.1713194355518728
2,4,65-74,65-74,0.17230933944929308,0.09682409817159997,0.27377096581547095
2,4,65-74,75-84,0.09186297321531559,0.045340938978686796,0.15164307999084023
2,4,65-74,85+,0.020482191515902425,0,0.08898758749574784
2,4,75-84,0-4,0.025836936958912687,0,0.0640022353372211
2,4,75-84,5-11,0.030194691448745852,0.006941478394028061,0.06431528679220583
2,4,75-84,12-17,0.028132667882755324,0.006017999475204885,0.06467032579834504
2,4,75-84,18-29,0.06696018831088395,0.01622835424186214,0.14330784501771981
2,4,75-84,30-49,0.11750109994401403,0.053304831661809486,0.19603711832375167
2,4,75-84,50-64,0.09646354036344514,0.04780268422185251,0.1535021437806214
2,4,75-84,65-74,0.1433974213865869,0.06873882707785764,0.24319170701568577
2,4,75-84,75-84,0.13984679145244558,0.06684005861383056,0.23689574160240176
2,4,75-84,85+,0.045420180772416344,0,0.16881333636241466
2,4,85+,0-4,0.011285996700355584,0,0.100000001659903
2,4,85+,5-11,0.02100382601772861,0,0.166666669065953
2,4,85+,12-17,0.026856781349709907,0,0.17638142565329124
2,4,85+,18-29,0.07450302116898633,0,0.27603439274964275
2,4,85+,30-49,0.15101502462080843,0.010052165832554335,0.7784947887169686
2,4,85+,50-64,0.22495381753684082,0.032368850325923106,1.054753908225436
2,4,85+,65-74,0.1013551984446569,0,0.5198790826526193
2,4,85+,75-84,0.21035655406964318,0.017901640306995755,0.8585266743227675
2,4,85+,85+,0.06984821878105568,0,0.5000000000420708
2,5,0-4,0-4,0.2095271821135393,0.11273685676868188,0.3265879241190902
2,5,0-4,5-11,0.19446525882675766,0.1151653962360148,0.2906204398818013
2,5,0-4,12-17,0.06370808084602622,0.028232336376976076,0.10647993456665002
2,5,0-4,18-29,0.14910084966041112,0.06904905486199256,0.25398139708503475
2,5,0-4,30-49,0.29484425549960636,0.1726732012226133,0.43504604859521395
2,5,0-4,50-64,0.17176123226079662,0.07531130804490492,0.2954119756397529
2,5,0-4,65-74,0.08935596645877451,0.028943298318351348,0.1801100304165094
2,5,0-4,75-84,0.03257267309122631,0.0056179775290243,0.07695468399472044
2,5,0-4,85+,0.009096886976117945,0,0.07436999112250314
2,5,5-11,0-4,0.09353109111811259,0.04958134743027638,0.1536374573308267
2,5,5-11,5-11,0.8353608833628321,0.6461585114824816,1.0554050025872466
2,5,5-11,12-17,0.13514585438809557,0.08445117281486943,0.19283369053081004
2,5,5-11,18-29,0.1539303255653735,0.089134333125198,0.23470471596762083
2,5,5-11,30-49,0.2186369854822404,0.14501864803442452,0.30430881557547734
2,5,5-11,50-64,0.07246690751545744,0.03303592109166181,0.12552992897770343
2,5,5-11,65-74,0.07799096249116814,0.0377584345233229,0.13328428696322636
2,5,5-11,75-84,0.03270471582925639,0.011207041946773216,0.06166021663954786
2,5,5-11,85+,0.007858253979650832,0,0.04433655572324283
2,5,12-17,0-4,0.032917238003704066,0.01184694402667565,0.059839498612967834
2,5,12-17,5-11,0.1271058161762455,0.0787635683534087,0.182199795280564
2,5,12-17,12-17,0.7629376377775161,0.5422953787779948,0.9956128031646163
2,5,12-17,18-29,0.10913028615618153,0.05478461177378222,0.17380568717600467
2,5,12-17,30-49,0.24024910065809937,0.15599569903796465,0.3431637953716794
2,5,12-17,50-64,0.12928838421231706,0.05793427887455447,0.24735502020121655
2,5,12-17,65-74,0.04730267047379951,0.017700679849147475,0.09344702779655421
2,5,12-17,75-84,0.03902982673017554,0.00947870332469985,0.07918473443696077
2,5,12-17,85+,0.009324502837100564,0,0.05659816439405166
2,5,18-29,0-4,0.03754004036504369,0.01589111636612323,0.07148248199544341
2,5,18-29,5-11,0.06714384573091427,0.04154233094948509,0.0967916827707579
2,5,18-29,12-17,0.06979375720410513,0.04001828213136428,0.10802385686121148
2,5,18-29,18-29,0.303115372724487,0.22985432428737565,0.39264489528550256
2,5,18-29,30-49,0.30281974619199703,0.23440865777025613,0.3743513410837259
2,5,18-29,50-64,0.10427532383684142,0.07639464802146399,0.1383433474114931
2,5,18-29,65-74,0.047231062137351947,0.02174995600722875,0.0812534875709123
2,5,18-29,75-84,0.03178223205929262,0.011887509150295579,0.05790108223309728
2,5,18-29,85+,0.015382727618500038,0.0018580552037801117,0.0416474630051784
2,5,30-49,0-4,0.042224419984500154,0.023431978616625083,0.06977356703793754
2,5,30-49,5-11,0.06605090603574662,0.04561117624050125,0.09102356751450605
2,5,30-49,12-17,0.06891884674369725,0.04407642067145465,0.10053271184675476
2,5,30-49,18-29,0.15324856582503874,0.11893610666468586,0.19474820529476072
2,5,30-49,30-49,0.37865726557941193,0.31801630425288996,0.4379639255833611
2,5,30-49,50-64,0.1694386512563293,0.13830033721412016,0.20520227991442155
2,5,30-49,65-74,0.07554222495980964,0.04707085151968962,0.10968471773169296
2,5,30-49,75-84,0.03618492752727485,0.019395199429254086,0.056182580303119053
2,5,30-49,85+,0.018982970724379013,0.002343658590093604,0.06546511694660898
2,5,50-64,0-4,0.026630129218804297,0.010197785636491248,0.04977957969544488
2,5,50-64,5-11,0.030938674923999415,0.015708626712397304,0.050199371361357464
2,5,50-64,12-17,0.031072404529433457,0.014275627032647394,0.05448480870428419
2,5,50-64,18-29,0.08045391752267184,0.05613429746218197,0.10866260708544682
2,5,50-64,30-49,0.25206781826979113,0.20095918925568715,0.30601678240973107
2,5,50-64,50-64,0.2041950382823149,0.16371826225070255,0.25123279492980494
2,5,50-64,65-74,0.05753266156820817,0.035036943734557985,0.08470920278564795
2,5,50-64,75-84,0.03678931210898172,0.019324628427514392,0.05625340918091953
2,5,50-64,85+,0.026548218694498145,0.005166310710997752,0.07748104523704878
2,5,65-74,0-4,0.029790975265978837,0.004777172078074687,0.07758073408798392
2,5,65-74,5-11,0.05074148345883076,0.014632928068082847,0.10614409662596518
2,5,65-74,12-17,0.04570311656007719,0.011237570061534913,0.10083991711319423
2,5,65-74,18-29,0.08075252932453864,0.02799521283297535,0.16649618222983206
2,5,65-74,30-49,0.20349709966189808,0.12479971831139999,0.29946020117350675
2,5,65-74,50-64,0.1173577655828565,0.07104929739626968,0.1721559487792204
2,5,65-74,65-74,0.15228780813061893,0.0806240233682427,0.2506322166473521
2,5,65-74,75-84,0.09205427801731,0.04297823591464231,0.15186260955768713
2,5,65-74,85+,0.018471746465752996,0,0.06563414424403363
2,5,75-84,0-4,0.02169509909510259,0,0.062192006891441796
2,5,75-84,5-11,0.03081304519247713,0.004032121487374741,0.06861877900297585
2,5,75-84,12-17,0.029997796497623293,0.0038339851904759087,0.06691182296780558
2,5,75-84,18-29,0.05712286742477489,0.015155182822187007,0.11742699983070834
2,5,75-84,30-49,0.11115508033356815,0.055473305943150794,0.17948378699656092
2,5,75-84,50-64,0.08794925546125333,0.045303075424200326,0.1419620391411036
2,5,75-84,65-74,0.12382974542523972,0.057875276811639204,0.21351662352437875
2,5,75-84,75-84,0.14533961476600285,0.07116819676392407,0.2429009739440351
2,5,75-84,85+,0.052893412962889345,0,0.14576176247829567
2,5,85+,0-4,0.012114818335498724,0,0.1250000033590455
2,5,85+,5-11,0.021502270944580508,0,0.14680107318511904
2,5,85+,12-17,0.03121859342993514,0,0.1546402249325532
2,5,85+,18-29,0.07951156847804,0,0.2738271588742826
2,5,85+,30-49,0.1557042075815351,0.01071134287675393,0.8448893997621536
2,5,85+,50-64,0.23065701196451138,0.034714488046587146,1.0670309022500692
2,5,85+,65-74,0.11126761956136816,0,0.5736050205825315
2,5,85+,75-84,0.2034147946501148,0.021191820643357322,0.8159727551918357
2,5,85+,85+,0.11016139641178442,0,0.600000237372615
3,1,0-4,0-4,0.2983718199554317,0.1711722675540418,0.4445294316141865
3,1,0-4,5-11,0.1962605800700401,0.10126247393797032,0.3209562259955248
3,1,0-4,12-17,0.06989702895311294,0.03179546696656196,0.11679671235684437
3,1,0-4,18-29,0.18804356999473995,0.10213508022488961,0.3035338801311656
3,1,0-4,30-49,0.2517965551974696,0.14783566862717107,0.3798597115216331
3,1,0-4,50-64,0.1102170994121886,0.04684773607983768,0.18966434334628918
3,1,0-4,65-74,0.05944054718778353,0.013093193381683096,0.13239113349916182
3,1,0-4,75-84,0.02401490784310082,0,0.06913551906025668
3,1,0-4,85+,0.004556751644570738,0,0.03803836918728253
3,1,5-11,0-4,0.12543520709025008,0.07454388871256822,0.18271475372458096
3,1,5-11,5-11,0.9718675100366932,0.7553745245223769,1.2150748038201615
3,1,5-11,12-17,0.14688588167584624,0.09532883388276786,0.20534161525825198
3,1,5-11,18-29,0.15953643182604074,0.10132566767773284,0.22727099833534314
3,1,5-11,30-49,0.2578977976684849,0.17883973734979403,0.34895894515480136
3,1,5-11,50-64,0.07480069049974206,0.04187962637349938,0.1188906745279842
3,1,5-11,65-74,0.04519548835197455,0.014914074011753453,0.08335046767563367
3,1,5-11,75-84,0.018899679068481872,0.002873563218390805,0.04034421404473963
3,1,5-11,85+,0.004484186145070726,0,0.033004784551490175
3,1,12-17,0-4,0.06666196025791968,0.03328069400682045,0.11069789230051258
3,1,12-17,5-11,0.16756035522101745,0.10568890779870714,0.23979238441932563
3,1,12-17,12-17,0.8640114366324622,0.6353424766471358,1.1380073325522344
3,1,12-17,18-29,0.1832979855670551,0.11379209000678195,0.26009882494646597
3,1,12-17,30-49,0.2534167304925905,0.1661951380119684,0.36122028093894537
3,1,12-17,50-64,0.06980682296670467,0.03405348749328151,0.11614144117166257
3,1,12-17,65-74,0.03899863242915808,0.010608250789281926,0.08474008228139478
3,1,12-17,75-84,0.016408514925983934,0.0027472527472527453,0.040952758364265936
3,1,12-17,85+,0.015860487692783535,0,0.04806601942197699
3,1,18-29,0-4,0.060231508200874216,0.02694779117178629,0.09879762587566193
3,1,18-29,5-11,0.11807657020125027,0.07137123911008098,0.18050581144950664
3,1,18-29,12-17,0.08291299692620537,0.047792293539114655,0.1353043733121075
3,1,18-29,18-29,0.4343603263354362,0.3388858727722615,0.5399697502757127
3,1,18-29,30-49,0.3513485460314517,0.27955679677253975,0.43168136504440313
3,1,18-29,50-64,0.10969051119564023,0.0790236534763975,0.14494903387591884
3,1,18-29,65-74,0.05129292285691528,0.018508654093653522,0.10369397945350979
3,1,18-29,75-84,0.01713866317716994,0.0036896977431478224,0.03643099019945246
3,1,18-29,85+,0.0057096106418913625,0,0.022818761407408527
3,1,30-49,0-4,0.06917435949247734,0.04455976576974144,0.10158147498071117
3,1,30-49,5-11,0.09052226078234325,0.06352457603102026,0.1237079030891834
3,1,30-49,12-17,0.08479416617641325,0.05773926569509337,0.12045968712155072
3,1,30-49,18-29,0.22084731675385952,0.17729426893948302,0.26980410855212733
3,1,30-49,30-49,0.42891229077414494,0.36707965629884026,0.5003171590996003
3,1,30-49,50-64,0.1843703237587649,0.15022717784665082,0.22565840265027556
3,1,30-49,65-74,0.07539535970275849,0.04564212499737067,0.11139695919428391
3,1,30-49,75-84,0.027589865368144107,0.013178852830181926,0.0462860370605328
3,1,30-49,85+,0.008474481194557036,0.0015771630656905324,0.03520560774425736
3,1,50-64,0-4,0.04510427005331252,0.019695833579938954,0.08428154585536521
3,1,50-64,5-11,0.030412515765731066,0.016885621056896005,0.0476718164200474
3,1,50-64,12-17,0.03717059708849712,0.019009697103852218,0.06366367906658678
3,1,50-64,18-29,0.10421898797002321,0.0764777648976967,0.13660035049051988
3,1,50-64,30-49,0.2505876147985947,0.20067846303786133,0.30926928792602876
3,1,50-64,50-64,0.19494978955412573,0.1523980905328179,0.24728852078026864
3,1,50-64,65-74,0.04280031607188714,0.024442119469778267,0.0647305348232389
3,1,50-64,75-84,0.026669276623342744,0.011932200135878878,0.04718449552312999
3,1,50-64,85+,0.010559315565051713,0.0012499220698254363,0.04723382446307151
3,1,65-74,0-4,0.02999863518658527,0.007681052923700752,0.0673371642175804
3,1,65-74,5-11,0.057792349154254956,0.02673491669629655,0.09943475891043163
3,1,65-74,12-17,0.03697613646170816,0.016126268498058084,0.06539831267784478
3,1,65-74,18-29,0.10632903279732456,0.050213937743149174,0.17347162122514131
3,1,65-74,30-49,0.19863482418204134,0.11696061958309391,0.30483693537589235
3,1,65-74,50-64,0.10432347329411323,0.058575955991824434,0.16461635119153498
3,1,65-74,65-74,0.11306741895761627,0.06021868385917384,0.18836635510365377
3,1,65-74,75-84,0.0538190564115549,0.021140829372207143,0.1021705076819772
3,1,65-74,85+,0.005617989632963385,0,0.0397317003149892
3,1,75-84,0-4,0.028112701317678818,0,0.07491609437949011
3,1,75-84,5-11,0.02595350916927938,0.007709102839938764,0.05222236450899895
3,1,75-84,12-17,0.025459253739364703,0.0066714162511617445,0.05212884381012386
3,1,75-84,18-29,0.08111722469885269,0.03771984204481586,0.14070090418919604
3,1,75-84,30-49,0.12708234591918569,0.06619629673766714,0.1993393080526159
3,1,75-84,50-64,0.09204189348619374,0.04258730343077083,0.15478675785135326
3,1,75-84,65-74,0.09159333792512882,0.039113926769604526,0.16045995540979818
3,1,75-84,75-84,0.09839067592111372,0.042110930802016326,0.17095427237826571
3,1,75-84,85+,0.02511790635699273,0,0.08103818421429936
3,1,85+,0-4,0.019295133721060728,0,0.16666669185248248
3,1,85+,5-11,0.03547568552763884,0,0.1913505755195811
3,1,85+,12-17,0.03921398552073857,0,0.19205120635560383
3,1,85+,18-29,0.05550778882477758,0,0.21487128509051767
3,1,85+,30-49,0.16240469653001702,0.030511612846264913,0.6051865099840711
3,1,85+,50-64,0.0957821507732258,0.02412466234117869,0.2451974675254393
3,1,85+,65-74,0.0354370307651141,0,0.13556540569571218
3,1,85+,75-84,0.0568580843415473,0,0.15922830843244873
3,1,85+,85+,0.009852468537280726,0,0.1395888437309111
3,2,0-4,0-4,0.420159594640546,0.2457032882049582,0.6378403121604108
3,2,0-4,5-11,0.22200878311795572,0.12751783925798807,0.33771779598703755
3,2,0-4,12-17,0.07596562878027578,0.03516532175069598,0.1262836306753202
3,2,0-4,18-29,0.23840569209449483,0.12681081554314938,0.3942151619051901
3,2,0-4,30-49,0.3656090315196012,0.21254287949518022,0.5576410272982293
3,2,0-4,50-64,0.16843111028341182,0.07759999962282531,0.28757746931854467
3,2,0-4,65-74,0.09435370338186325,0.02733980831313485,0.20084411675249603
3,2,0-4,75-84,0.032820737054507595,0,0.08264744110167621
3,2,0-4,85+,0.0070619643679248134,0,0.06333515533925799
3,2,5-11,0-4,0.15089970763531732,0.09310722598307716,0.23030120178565783
3,2,5-11,5-11,1.1791398655119574,0.9220717213404389,1.447683424133072
3,2,5-11,12-17,0.1534734355203419,0.0966956262637303,0.21725400254918986
3,2,5-11,18-29,0.20095814024971398,0.1292902947380905,0.2868158913808722
3,2,5-11,30-49,0.3015278510393363,0.20657309782855338,0.41345389579058367
3,2,5-11,50-64,0.10049128547636428,0.05649178316246093,0.15644145350286395
3,2,5-11,65-74,0.06362491177298601,0.02471569120823652,0.11421477790016736
3,2,5-11,75-84,0.02927146891287252,0.006019692806343633,0.059070035832446494
3,2,5-11,85+,0.005234221312057922,0,0.035988381878013266
3,2,12-17,0-4,0.06002237275886826,0.02897518480487585,0.09820506907094378
3,2,12-17,5-11,0.17496234474414124,0.11510088255802509,0.24506271563225027
3,2,12-17,12-17,1.0030373051747623,0.7379473772649848,1.3174518112963918
3,2,12-17,18-29,0.19832849613983608,0.11895245666559662,0.2929575339536945
3,2,12-17,30-49,0.31559872844559217,0.21071018052397483,0.44551979635273614
3,2,12-17,50-64,0.11334447384391451,0.05975220255996387,0.19195084761833475
3,2,12-17,65-74,0.04954287397683902,0.016080924188390966,0.10860448078713252
3,2,12-17,75-84,0.028275876846980488,0.0058462630576889465,0.06418076737878836
3,2,12-17,85+,0.009191034303210829,0,0.04545952257042762
3,2,18-29,0-4,0.07429301140825954,0.037565233044746286,0.11686478738492671
3,2,18-29,5-11,0.10364278134945151,0.06546571546639894,0.1530261829651756
3,2,18-29,12-17,0.07882788820094287,0.044830535029261515,0.1208278936439598
3,2,18-29,18-29,0.4794796009528791,0.37236960311093664,0.6060631970532427
3,2,18-29,30-49,0.38831086814051163,0.3101365648438364,0.4736057965609496
3,2,18-29,50-64,0.13805025865861434,0.09752933781934839,0.17733785230635288
3,2,18-29,65-74,0.05580194748155839,0.022852018856627007,0.11531095623602239
3,2,18-29,75-84,0.022205555042978286,0.005925981252377266,0.04730261055895289
3,2,18-29,85+,0.010101275669497128,0,0.042012978652625696
3,2,30-49,0-4,0.07658420019381446,0.04794036691342421,0.1099364078428233
3,2,30-49,5-11,0.0947633892332942,0.06669908484671792,0.12991841361871048
3,2,30-49,12-17,0.08935290738509831,0.05833680049322965,0.1251843216893543
3,2,30-49,18-29,0.25669066534556456,0.20342641679670195,0.3204429533479915
3,2,30-49,30-49,0.5065071102921866,0.43624603691543656,0.5829685935921421
3,2,30-49,50-64,0.22379408899105677,0.18281644814187978,0.27181171149743455
3,2,30-49,65-74,0.08313598412921891,0.05146621133569288,0.12018309087545012
3,2,30-49,75-84,0.03183483261278541,0.0165549454812935,0.05116816747151241
3,2,30-49,85+,0.014185221538840257,0.0017149012263567498,0.06328311317316071
3,2,50-64,0-4,0.043558861242636825,0.01998189590140345,0.0721724599063872
3,2,50-64,5-11,0.03327094332425264,0.018028104273035535,0.052404737644993
3,2,50-64,12-17,0.039389595064210796,0.01952015703458844,0.0673586713241536
3,2,50-64,18-29,0.12083681699504686,0.08837003143600143,0.1583752520798657
3,2,50-64,30-49,0.30172369091955015,0.24335349201013753,0.37127791518408165
3,2,50-64,50-64,0.2503965511439202,0.19967650207794627,0.30742036253267513
3,2,50-64,65-74,0.058533892421334464,0.036269425506204114,0.08594385412064993
3,2,50-64,75-84,0.03303684002639494,0.01634252815320109,0.05466679875942696
3,2,50-64,85+,0.020892519647891492,0.0038146576283901367,0.09051669045891596
3,2,65-74,0-4,0.05137099226598737,0.017311931181008475,0.09979050079701365
3,2,65-74,5-11,0.06402343473077551,0.029043505467649142,0.11018634011693768
3,2,65-74,12-17,0.04457914147762604,0.016834561081949913,0.0849957145337854
3,2,65-74,18-29,0.12507021073642646,0.05984402615575248,0.21948020099626026
3,2,65-74,30-49,0.22323333500122514,0.13618534957134087,0.32830022237337736
3,2,65-74,50-64,0.128172110946207,0.08272949427671299,0.18881651145226674
3,2,65-74,65-74,0.13347143256885416,0.07134421256679091,0.2109154702660704
3,2,65-74,75-84,0.08095471972105335,0.038331796090815114,0.1393997208665714
3,2,65-74,85+,0.016725175242852622,0,0.10910501663665058
3,2,75-84,0-4,0.03381909649487097,0.005038762315806185,0.07753600833581498
3,2,75-84,5-11,0.03071410850729429,0.009631509680492355,0.059511786910025746
3,2,75-84,12-17,0.03896007102327531,0.01175597484348171,0.07581744752223482
3,2,75-84,18-29,0.0888164111209612,0.03466680245735147,0.16272068633037004
3,2,75-84,30-49,0.14193691111106937,0.08135723074526287,0.22094653938158854
3,2,75-84,50-64,0.11541488681582379,0.0673791135302136,0.18422727405877545
3,2,75-84,65-74,0.1254328769735877,0.06142020671771332,0.20971664402640208
3,2,75-84,75-84,0.1186561618295125,0.05427047119368281,0.19786119566900529
3,2,75-84,85+,0.05560184390529314,0.005493012423096964,0.22642019153036527
3,2,85+,0-4,0.022822611685661454,0,0.1805340523560113
3,2,85+,5-11,0.03507245816547748,0,0.18580424710724494
3,2,85+,12-17,0.0393198432982003,0,0.19585941593670705
3,2,85+,18-29,0.0943222396755924,0.020028420615379572,0.2518624367258527
3,2,85+,30-49,0.1667999474739883,0.03246341653630517,0.6331559275759601
3,2,85+,50-64,0.15628030330032877,0.04090172609547568,0.45983161620213076
3,2,85+,65-74,0.05933138617501389,0.007731014475615428,0.21742933263766728
3,2,85+,75-84,0.0975808324270117,0.013681845578517109,0.3140809731964329
3,2,85+,85+,0.0466651584682186,0,0.3968534505905506
3,3,0-4,0-4,0.8855247619674068,0.4809286354689948,1.4627864712532068
3,3,0-4,5-11,0.43840008766950095,0.316115183462436,0.5890602498590802
3,3,0-4,12-17,0.14483603818797688,0.08647616710884214,0.21300689203446624
3,3,0-4,18-29,0.5071018349426263,0.36483212716353547,0.6742157653512011
3,3,0-4,30-49,1.1070176911489984,0.9024146947057217,1.3498204602579902
3,3,0-4,50-64,0.2562228888613738,0.13763189566510103,0.4056179717558617
3,3,0-4,65-74,0.14433930601125336,0.06525847479388376,0.27647493597733597
3,3,0-4,75-84,0.049267253858645416,0.007560294656911327,0.11612258224642516
3,3,0-4,85+,0.011793812750241236,0,0.09772926965707834
3,3,5-11,0-4,0.28621146625620164,0.20637721731670697,0.38457062981363294
3,3,5-11,5-11,1.852153463099285,1.3502314608226276,2.4413895631688254
3,3,5-11,12-17,0.2850630038504382,0.2127385063902165,0.3677857709615717
3,3,5-11,18-29,0.39256075006308727,0.29823264742435784,0.49507932339078087
3,3,5-11,30-49,1.1107508704074545,0.9727444409150898,1.2486996486470097
3,3,5-11,50-64,0.21008158727453297,0.14414270148143823,0.2804620275793228
3,3,5-11,65-74,0.12211201156219914,0.06945046580008338,0.18861919794396312
3,3,5-11,75-84,0.03880359910511694,0.013226454917446472,0.07199096901452864
3,3,5-11,85+,0.02357925501667176,0,0.11321329225984328
3,3,12-17,0-4,0.10629643515416572,0.06346561535697191,0.15632762101063577
3,3,12-17,5-11,0.32045461038200573,0.23915076406861435,0.4134477092627987
3,3,12-17,12-17,1.5097943800844675,1.0268895600751062,2.0307291209042337
3,3,12-17,18-29,0.3460609120593737,0.2523768494512202,0.45245166863017033
3,3,12-17,30-49,1.0123578257592474,0.86611483954309,1.180675306593107
3,3,12-17,50-64,0.42477388210762845,0.32610470090156934,0.5521325752235964
3,3,12-17,65-74,0.09763888076089747,0.04981032292762457,0.16970457828940236
3,3,12-17,75-84,0.057314650321882925,0.02239581050676562,0.10444668179945113
3,3,12-17,85+,0.015394023538611705,0,0.0779529810545458
3,3,18-29,0-4,0.1684508053544159,0.12119117188131534,0.2239632768611522
3,3,18-29,5-11,0.19974153734029368,0.15174580615110853,0.2519047182979322
3,3,18-29,12-17,0.15663484962553217,0.1142313635698189,0.20478966739401278
3,3,18-29,18-29,0.8927679731579559,0.7430973861452315,1.0595139513061407
3,3,18-29,30-49,0.6405177205161512,0.5519925942531361,0.7393325974527839
3,3,18-29,50-64,0.35977302263676764,0.30262153189051,0.4229768131588644
3,3,18-29,65-74,0.09631041794381241,0.056630212176363194,0.158817890021813
3,3,18-29,75-84,0.04140193937044113,0.0183815556169653,0.0717272965035346
3,3,18-29,85+,0.0235424293904394,0.0019299493059035037,0.06194505310395716
3,3,30-49,0-4,0.20822626415537254,0.16974113611721162,0.2538966395634382
3,3,30-49,5-11,0.3200230146853285,0.28026141306182156,0.3597680061685996
3,3,30-49,12-17,0.2594615016440443,0.22198026344637845,0.3026003061446594
3,3,30-49,18-29,0.3626888344535218,0.31256207943055253,0.41864209131882
3,3,30-49,30-49,0.9789334217707087,0.8708872461280293,1.098949596649096
3,3,30-49,50-64,0.38018894181700774,0.3285191324655133,0.4377002199858314
3,3,30-49,65-74,0.17870033925374748,0.13269718411289635,0.2340164644049452
3,3,30-49,75-84,0.07860371997967987,0.0544921992310501,0.10698530866733391
3,3,30-49,85+,0.026596248950664807,0.006833056017791854,0.07608009501150052
3,3,50-64,0-4,0.06517698059882555,0.03501026560666566,0.10317951996072512
3,3,50-64,5-11,0.08185550793606258,0.056163294451982086,0.10927831430692192
3,3,50-64,12-17,0.14722855726902942,0.11302937081291933,0.19137165888840338
3,3,50-64,18-29,0.275503423060745,0.23173852035008424,0.32390299596822275
3,3,50-64,30-49,0.5141559295331997,0.4442792552434258,0.5919324280926093
3,3,50-64,50-64,0.6523701587449066,0.556859167252712,0.7637326109348164
3,3,50-64,65-74,0.15393801205493118,0.12382147323437549,0.18932852761643423
3,3,50-64,75-84,0.10296812060546727,0.0725779121918565,0.1345383929695022
3,3,50-64,85+,0.07251655721152789,0.0172859511942471,0.15120011810100253
3,3,65-74,0-4,0.0717014873598663,0.03241757103358251,0.13734071941397066
3,3,65-74,5-11,0.09291493791692337,0.052844807284410794,0.14352020610172636
3,3,65-74,12-17,0.06608825441862501,0.03371482004567445,0.11486693885257111
3,3,65-74,18-29,0.1440253401846885,0.08468643110021726,0.23750079302065386
3,3,65-74,30-49,0.4719412981096039,0.35044858665211587,0.6180292351514027
3,3,65-74,50-64,0.3006167059839038,0.24180384634634294,0.36972881201379537
3,3,65-74,65-74,0.4673755742332933,0.3529282220184341,0.6065475709603205
3,3,65-74,75-84,0.20001062347145146,0.13984391085505338,0.27601939063866615
3,3,65-74,85+,0.033455428915882254,0.0024866476443364096,0.11711391496068294
3,3,75-84,0-4,0.03358204195785434,0.005153324216336152,0.07915264448151364
3,3,75-84,5-11,0.04051392849320469,0.013809431627525499,0.07516408369517762
3,3,75-84,12-17,0.05323194420420771,0.02080048519198556,0.09700661011867383
3,3,75-84,18-29,0.08495550382787302,0.03771838571635293,0.14718220221875786
3,3,75-84,30-49,0.28484650700394587,0.19747045831851665,0.3876965553603199
3,3,75-84,50-64,0.2759149397111701,0.19448087572179507,0.36051112098327365
3,3,75-84,65-74,0.2744468536263104,0.191888414059395,0.3787431486680303
3,3,75-84,75-84,0.425773503292053,0.28567930877605197,0.5825958692760721
3,3,75-84,85+,0.1093953807462499,0.030486685989172667,0.25241474273404557
3,3,85+,0-4,0.021753258420331288,0,0.18025808134330287
3,3,85+,5-11,0.06661680108226292,0,0.3198535053380421
3,3,85+,12-17,0.03868834696192644,0,0.19591187256471673
3,3,85+,18-29,0.1307204270002948,0.01071613269695443,0.34395276961491544
3,3,85+,30-49,0.260801169358323,0.06700452394759585,0.7460366979079461
3,3,85+,50-64,0.5258125582558159,0.1253392407036023,1.0963416351297925
3,3,85+,65-74,0.12422046231137888,0.009232956503460935,0.43484555813317405
3,3,85+,75-84,0.29601950677733707,0.08249574788467304,0.6830241563926549
3,3,85+,85+,0.07774662720450526,0,0.500001007483578
3,4,0-4,0-4,0.4225948287272385,0.23834201317803472,0.6500909793558642
3,4,0-4,5-11,0.21785334023212372,0.12181011959610426,0.3398471978383558
3,4,0-4,12-17,0.06503223322182336,0.027022907892855216,0.11476572799802709
3,4,0-4,18-29,0.16224228488240713,0.07936965587841545,0.26724707663438824
3,4,0-4,30-49,0.33574251602345023,0.19680114800577084,0.5126381714998014
3,4,0-4,50-64,0.21408579598374397,0.10047726717638218,0.37596678472344236
3,4,0-4,65-74,0.0980001018140991,0.026359446817638552,0.22086772275142175
3,4,0-4,75-84,0.03455201551764154,0,0.08956934854863159
3,4,0-4,85+,0.014197603054720488,0,0.09672732836007196
3,4,5-11,0-4,0.13601216078450423,0.07370049354557635,0.2171131068908954
3,4,5-11,5-11,1.059082170389076,0.8049834295461659,1.3353489224233537
3,4,5-11,12-17,0.15527442366990263,0.09948106208173742,0.224087170848738
3,4,5-11,18-29,0.1527268761061696,0.09059653922198638,0.2282479464586609
3,4,5-11,30-49,0.26811167512350076,0.18205546384649152,0.3654775205218757
3,4,5-11,50-64,0.08626472199611629,0.0420350552038384,0.14404580705964964
3,4,5-11,65-74,0.08216717992732407,0.03315891325051752,0.14683650570746518
3,4,5-11,75-84,0.028550980824054772,0.007852380563397203,0.06023085758961011
3,4,5-11,85+,0.013319482966654667,0,0.0742504296242899
3,4,12-17,0-4,0.06838307089324999,0.03259642707389183,0.11064530221841955
3,4,12-17,5-11,0.16623887651210473,0.10590835582312962,0.24144917732629861
3,4,12-17,12-17,0.9996744402180643,0.7292425300909856,1.3238330363291702
3,4,12-17,18-29,0.14918970537836765,0.08302276208287328,0.22752274688839264
3,4,12-17,30-49,0.2872383788319688,0.1879664568224538,0.40060268592528814
3,4,12-17,50-64,0.14381647336832568,0.07158268207687565,0.25628319601154503
3,4,12-17,65-74,0.05542028890340667,0.01954811908265376,0.11713835272229176
3,4,12-17,75-84,0.040284672661268825,0.009682129152291573,0.09250464267765687
3,4,12-17,85+,0.01345943087198148,0,0.08444765900444441
3,4,18-29,0-4,0.049194308506655175,0.022348546448455724,0.08349729901248774
3,4,18-29,5-11,0.07481329430598394,0.04553481705246458,0.1156436148809883
3,4,18-29,12-17,0.0668236673340335,0.035717315793823944,0.10269177821380394
3,4,18-29,18-29,0.3580604899573529,0.27546684597429255,0.45277743097162726
3,4,18-29,30-49,0.34839381733788144,0.2788598369046951,0.41964783029764513
3,4,18-29,50-64,0.13252690060051203,0.09714874569171465,0.17091898489272242
3,4,18-29,65-74,0.06483528624870291,0.026897300660570868,0.13152843330383687
3,4,18-29,75-84,0.03020992962349088,0.009687726918060602,0.06053346685851307
3,4,18-29,85+,0.010987966599496336,0,0.041760678856771795
3,4,30-49,0-4,0.06299261452741242,0.038374887594460665,0.09731998523985837
3,4,30-49,5-11,0.08519396511722264,0.05900400391839714,0.11621916981244886
3,4,30-49,12-17,0.08119901628329493,0.05639962478868356,0.11207999554147825
3,4,30-49,18-29,0.19627952722605402,0.15753424133553967,0.23762279306609946
3,4,30-49,30-49,0.46873516306166424,0.40429817338036067,0.5446435968713558
3,4,30-49,50-64,0.2217511203589733,0.18462757133733615,0.2629820530862789
3,4,30-49,65-74,0.11549283417552746,0.07394343883078965,0.16720835969794243
3,4,30-49,75-84,0.04553615224655907,0.02644190369247929,0.06890313200477609
3,4,30-49,85+,0.018246607538664163,0.0026220355731225273,0.07571353092350826
3,4,50-64,0-4,0.04419659414842529,0.019230024639028943,0.07801844320418
3,4,50-64,5-11,0.03623791305150017,0.017837703409360466,0.06028604657418107
3,4,50-64,12-17,0.04376131353837054,0.02066342143137915,0.078965381928458
3,4,50-64,18-29,0.0998910770399495,0.07285831275877777,0.13133684580996335
3,4,50-64,30-49,0.29782777671912275,0.23740042439346135,0.36434436564775974
3,4,50-64,50-64,0.2706483338292864,0.21674327783760666,0.33422199273205955
3,4,50-64,65-74,0.07620994181733919,0.04830191611358208,0.10781817152636124
3,4,50-64,75-84,0.044119294214623635,0.024976226003667647,0.06906448791982173
3,4,50-64,85+,0.03200045518450175,0.007629315257343079,0.12041825873746105
3,4,65-74,0-4,0.04172951037100531,0.011639568474308689,0.09005261679676627
3,4,65-74,5-11,0.050828225658452804,0.020851573238176754,0.09584736183544018
3,4,65-74,12-17,0.036688657634837106,0.014066400285883105,0.07360553360672534
3,4,65-74,18-29,0.09485331061433877,0.03322967848505028,0.2010615875426716
3,4,65-74,30-49,0.22091671517842756,0.13730285785551724,0.3264470854339261
3,4,65-74,50-64,0.129885039212976,0.08226693713428915,0.18178441030493425
3,4,65-74,65-74,0.17636209639496114,0.10167481441700364,0.2706338377254079
3,4,65-74,75-84,0.09824686819139536,0.053425856029118333,0.1504180892432465
3,4,65-74,85+,0.025237678142583958,0.0022214912281216387,0.10299562109847422
3,4,75-84,0-4,0.023759268789105392,0,0.06105869046425129
3,4,75-84,5-11,0.026964193093913562,0.005745983927098497,0.05861756456980683
3,4,75-84,12-17,0.028157794673188345,0.007301667831061966,0.06116358335868131
3,4,75-84,18-29,0.07064493833136141,0.022653105497693535,0.13983773056374016
3,4,75-84,30-49,0.12953730860232324,0.06078232115871243,0.20875477406106593
3,4,75-84,50-64,0.1082584481260237,0.05755760965976605,0.16842281978518478
3,4,75-84,65-74,0.14969351198832131,0.07761521032545188,0.2309292210853958
3,4,75-84,75-84,0.16836504891295864,0.08977004465899657,0.2627673994738571
3,4,75-84,85+,0.07452028261882732,0.010201509655400271,0.26304341789089203
3,4,85+,0-4,0.019707113203212168,0,0.166668939737687
3,4,85+,5-11,0.02932358693053806,0,0.1835609147851431
3,4,85+,12-17,0.031011041872517537,0,0.18081472411878394
3,4,85+,18-29,0.07834497655777362,0.009891386472177214,0.20944295076401892
3,4,85+,30-49,0.14117494634385874,0.023664485862569414,0.5548681900435577
3,4,85+,50-64,0.19155897005878755,0.03664234608917564,0.726025148041664
3,4,85+,65-74,0.12088558508952858,0.008655304445681439,0.47526985936013644
3,4,85+,75-84,0.1946955554090697,0.031407834993784446,0.6140518519392987
3,4,85+,85+,0.082346073085361,0,0.447606962576826
3,5,0-4,0-4,0.3002443814618973,0.1616811090198058,0.4650271804946038
3,5,0-4,5-11,0.20478675790210554,0.1128765945613182,0.32402286409378966
3,5,0-4,12-17,0.06918557514131028,0.03061170754570827,0.11750831974511135
3,5,0-4,18-29,0.1465815440925967,0.06674054144113001,0.25483144076685216
3,5,0-4,30-49,0.37238888377735596,0.22117165900971386,0.559605142480933
3,5,0-4,50-64,0.22393675456746515,0.09695305841786021,0.39398820509021476
3,5,0-4,65-74,0.09566366155768205,0.0263106025170328,0.2248801185041918
3,5,0-4,75-84,0.026289059587522482,0,0.07098731680094914
3,5,0-4,85+,0.010168811758223218,0,0.08455390652266562
3,5,5-11,0-4,0.09385289150799403,0.04281608431328265,0.16630017040500367
3,5,5-11,5-11,1.0372826213315383,0.7974829744140995,1.3042102987843183
3,5,5-11,12-17,0.16354549094363005,0.10298740423858513,0.23857551370420396
3,5,5-11,18-29,0.1429800553878278,0.08216728208021935,0.22117917431018216
3,5,5-11,30-49,0.26010748652993954,0.1680665193326604,0.3744800755564832
3,5,5-11,50-64,0.0875246242971382,0.03901303517487841,0.15251714174007094
3,5,5-11,65-74,0.08579893041980687,0.036590852097100376,0.15928926900628507
3,5,5-11,75-84,0.02901652499808413,0.007730967488736103,0.058283144569082214
3,5,5-11,85+,0.009668087878555403,0,0.055494043790872784
3,5,12-17,0-4,0.044819337703445386,0.01517073799751576,0.07979802433956129
3,5,12-17,5-11,0.1781129115527609,0.1168767672583707,0.24654982444187432
3,5,12-17,12-17,1.059101307158766,0.7572201472449189,1.398788844107453
3,5,12-17,18-29,0.14192645845791568,0.0804563197853337,0.22093816853476167
3,5,12-17,30-49,0.274521091460217,0.1711107799621851,0.3858544769827621
3,5,12-17,50-64,0.15336310394891267,0.07151860526479548,0.29356834563426815
3,5,12-17,65-74,0.04752424611627071,0.015837059034103318,0.10729224671888167
3,5,12-17,75-84,0.03701299695302852,0.00914358654147574,0.07837571806375192
3,5,12-17,85+,0.006975593882632586,0,0.04843171034055125
3,5,18-29,0-4,0.04004598200529217,0.015593851651488605,0.07609812837568854
3,5,18-29,5-11,0.06923401495873388,0.04060252482022537,0.10640690734532003
3,5,18-29,12-17,0.07179958706852153,0.040479326286190165,0.11181331138161665
3,5,18-29,18-29,0.3228139884594203,0.24301270666248215,0.4160303779727135
3,5,18-29,30-49,0.3228882787633516,0.2559237863485683,0.39729092065761257
3,5,18-29,50-64,0.1243714479513565,0.09046519878220893,0.16232362802314843
3,5,18-29,65-74,0.05083851263805399,0.021891704562360705,0.09529745525417614
3,5,18-29,75-84,0.02856615985488243,0.008021795656915406,0.05976400977760454
3,5,18-29,85+,0.012599101455123989,0,0.043845727719875285
3,5,30-49,0-4,0.052075981171437906,0.029554399990683825,0.08453810520083534
3,5,30-49,5-11,0.07874602592993736,0.054001090940459115,0.10688579351723404
3,5,30-49,12-17,0.08442008827140993,0.05339913254290031,0.12141883873476471
3,5,30-49,18-29,0.17149919212997622,0.13314073523701597,0.21826502112820356
3,5,30-49,30-49,0.44093370244039926,0.37451974558768847,0.5176325003027622
3,5,30-49,50-64,0.20577849489176966,0.16754681763658574,0.24529879930557694
3,5,30-49,65-74,0.10293536394044998,0.06660896144680857,0.1479698592211564
3,5,30-49,75-84,0.0467887285007768,0.02744932336179806,0.07118897308962416
3,5,30-49,85+,0.02260493707204534,0.003361344538413605,0.07141379835558444
3,5,50-64,0-4,0.03542408514901197,0.014858274281881922,0.06562625298512234
3,5,50-64,5-11,0.03008493183875256,0.014189795754348537,0.05009790534082011
3,5,50-64,12-17,0.045748639702060674,0.02185100138604487,0.07748026666627791
3,5,50-64,18-29,0.08833976182911185,0.06312440811279896,0.11749802128692505
3,5,50-64,30-49,0.27608786788031064,0.21873826027605228,0.33478669136389766
3,5,50-64,50-64,0.23523196416568803,0.18710596746139424,0.2898252997313309
3,5,50-64,65-74,0.06890072082855982,0.04272561674907362,0.09965601837072295
3,5,50-64,75-84,0.03902319411723397,0.021409176142060456,0.06218865122639379
3,5,50-64,85+,0.03331282507501817,0.006593736079231336,0.09830177482879576
3,5,65-74,0-4,0.026831650158854938,0.004183449875081495,0.07304642921240945
3,5,65-74,5-11,0.04965696627318368,0.016276289790511794,0.10233008004776722
3,5,65-74,12-17,0.0449100535328316,0.011436441223043284,0.10034797966897817
3,5,65-74,18-29,0.09505629293479387,0.03340860176097121,0.19917234061510253
3,5,65-74,30-49,0.21754032581530922,0.13274989608547455,0.31938625245837016
3,5,65-74,50-64,0.12367749962054173,0.07808630908208439,0.1771021797905758
3,5,65-74,65-74,0.1663414218732705,0.09627209574368183,0.2611152670178483
3,5,65-74,75-84,0.10474931868719792,0.052248450430330697,0.167027981264983
3,5,65-74,85+,0.02590597312413509,0.0021827002710435198,0.08399751332297871
3,5,75-84,0-4,0.01390103087348325,0,0.04656520465563576
3,5,75-84,5-11,0.025539051443631767,0.003352530473794942,0.05701132435147934
3,5,75-84,12-17,0.036583216967028494,0.00655289501774729,0.08044091526217234
3,5,75-84,18-29,0.05146874768659606,0.0149288359948331,0.10589674157120865
3,5,75-84,30-49,0.11860403139294332,0.06256371426468993,0.1885676732568732
3,5,75-84,50-64,0.0978261571077343,0.05154885999294293,0.15067061386069028
3,5,75-84,65-74,0.1482781137805227,0.08171739335756904,0.229916227328027
3,5,75-84,75-84,0.1881834833491565,0.10278084931995056,0.2888388762879569
3,5,75-84,85+,0.09711600226769337,0.010523574567236852,0.2539871533740947
3,5,85+,0-4,0.02088877814948997,0,0.2000005305747315
3,5,85+,5-11,0.025642829188299267,0,0.166668939737687
3,5,85+,12-17,0.04659085650332948,0,0.20717272849716142
3,5,85+,18-29,0.07545604710898861,0.009596448319343347,0.23233936034932445
3,5,85+,30-49,0.1598058021437621,0.033161553730216516,0.5862082862248513
3,5,85+,50-64,0.2328277941743845,0.04295429058298533,0.8841599629910344
3,5,85+,65-74,0.10971036468209354,0.008267026901672258,0.3767305371368467
3,5,85+,75-84,0.20125555057804584,0.03364018859266684,0.6394320538742035
3,5,85+,85+,0.14770477889307915,0,0.5620595869764545
4,1,0-4,0-4,0.2914491419029385,0.1724088942470031,0.44374434244234606
4,1,0-4,5-11,0.18112005749853094,0.09420223244019797,0.28329630609288325
4,1,0-4,12-17,0.06721504580156407,0.03459189727874487,0.10876470855403031
4,1,0-4,18-29,0.16412966981936009,0.07700254052948026,0.28908614565833857
4,1,0-4,30-49,0.23857495517783053,0.1443020502372758,0.3711706303767643
4,1,0-4,50-64,0.10436078506655212,0.043415614774893925,0.19540642027622698
4,1,0-4,65-74,0.04881715020942218,0.009606481485913115,0.11237231265459338
4,1,0-4,75-84,0.022052508383983063,0,0.06155746956646648
4,1,0-4,85+,0.004111144340045955,0,0.03940422592102049
4,1,5-11,0-4,0.132417874423892,0.08090664797658863,0.19413525988611066
4,1,5-11,5-11,0.8079098872832016,0.614696656935022,1.0326500847034032
4,1,5-11,12-17,0.11968536875715732,0.07221394542094839,0.16769454972300427
4,1,5-11,18-29,0.14392376397365464,0.08973900140515333,0.20059128580292454
4,1,5-11,30-49,0.23156109278924572,0.16321177375767373,0.31327707295529067
4,1,5-11,50-64,0.07229872096776588,0.03702619161140761,0.1154318254232933
4,1,5-11,65-74,0.046356284064359266,0.015719114111593314,0.09345851419353798
4,1,5-11,75-84,0.015739440670919907,0.002499076354679803,0.034659760316316554
4,1,5-11,85+,0.00415385414488263,0,0.03303068276579628
4,1,12-17,0-4,0.049216211396897656,0.021974061825189187,0.08310305043054055
4,1,12-17,5-11,0.14102757581484715,0.08790679149977419,0.20261029044049067
4,1,12-17,12-17,0.6688806704215341,0.4778839157273391,0.8706469824570859
4,1,12-17,18-29,0.12297036123348443,0.07380108576195665,0.17897969800664623
4,1,12-17,30-49,0.2172103916266223,0.14237435770293705,0.3115409660631502
4,1,12-17,50-64,0.0632192956754388,0.03081718995671174,0.106614073294178
4,1,12-17,65-74,0.0344999816609863,0.009432251048600092,0.07229590630034023
4,1,12-17,75-84,0.011992214150321314,0,0.031619085246438666
4,1,12-17,85+,0.010947633764928731,0,0.03959381999378605
4,1,18-29,0-4,0.051524642120586855,0.023923110193662014,0.08485744881053484
4,1,18-29,5-11,0.10962411037794774,0.06651671743451827,0.1695075400489983
4,1,18-29,12-17,0.08414274856855955,0.0471856446369094,0.13330516710092125
4,1,18-29,18-29,0.3746759783320304,0.2929282885332415,0.46865714133272074
4,1,18-29,30-49,0.33681133595234886,0.2625432637852745,0.42131043579572985
4,1,18-29,50-64,0.10841366250080922,0.07755959745824084,0.14362758956494448
4,1,18-29,65-74,0.05074759710783512,0.016341225949528963,0.10677984424779731
4,1,18-29,75-84,0.026226447578176885,0.007128442524308788,0.05204657680407558
4,1,18-29,85+,0.010412624417905452,0,0.03676501067576335
4,1,30-49,0-4,0.06671834738644522,0.04190219915666871,0.09925527134883487
4,1,30-49,5-11,0.07949754344400488,0.056152554800540155,0.10774770032813287
4,1,30-49,12-17,0.0672283094150119,0.04609825128040141,0.09248819956925601
4,1,30-49,18-29,0.19525358488794395,0.15560826944345446,0.23623953578864437
4,1,30-49,30-49,0.3780148146237114,0.317207848284315,0.4383407637143735
4,1,30-49,50-64,0.16620916906346253,0.13213941462350057,0.20453166335516476
4,1,30-49,65-74,0.06977657416766485,0.04035953729451776,0.1039138310187847
4,1,30-49,75-84,0.0279044392102584,0.012725152707855347,0.04738902633976381
4,1,30-49,85+,0.007507753312237122,8.2372322899506e-4,0.03464539683156718
4,1,50-64,0-4,0.04200109709934036,0.019652970971335483,0.07638088467358702
4,1,50-64,5-11,0.03048988772671875,0.01719453459308747,0.047983582865635796
4,1,50-64,12-17,0.03427331880035637,0.01573996250065791,0.06388807618472271
4,1,50-64,18-29,0.08974112926942507,0.06590939275426447,0.12270761116675906
4,1,50-64,30-49,0.22524347643843984,0.18115043185307894,0.27462874291151185
4,1,50-64,50-64,0.17188456773508556,0.13162138225580006,0.21451236843860616
4,1,50-64,65-74,0.039009501555727584,0.02070655031691486,0.05958037797318482
4,1,50-64,75-84,0.025849164387625696,0.011042636903427966,0.044013837287297006
4,1,50-64,85+,0.011328210545277103,0.0012434747445040824,0.04798640425896265
4,1,65-74,0-4,0.034737294185128866,0.010482367679240257,0.07685599255649118
4,1,65-74,5-11,0.05331463341731263,0.02422538839666048,0.0868035775963192
4,1,65-74,12-17,0.03498912083463186,0.015331363546618047,0.06410170088727891
4,1,65-74,18-29,0.0973261012894726,0.05001697405613713,0.16522774584569944
4,1,65-74,30-49,0.20717080277606834,0.12448539040446524,0.3079388414190962
4,1,65-74,50-64,0.0947397935177459,0.052329943952195514,0.14779188787961758
4,1,65-74,65-74,0.117864971541932,0.06579302651508635,0.19108403190828427
4,1,65-74,75-84,0.05089977843208765,0.02029375482537324,0.08874076289462261
4,1,65-74,85+,0.00890043206548642,0,0.07419690110599964
4,1,75-84,0-4,0.022405172304423113,0,0.05573591338520366
4,1,75-84,5-11,0.03542410576223645,0.012864160372437651,0.06302663626259614
4,1,75-84,12-17,0.02347229478599485,0.007716671425755778,0.046810306431794006
4,1,75-84,18-29,0.07321816458997059,0.03278024539954952,0.12613971324951692
4,1,75-84,30-49,0.120287097096078,0.06458064850047791,0.18740211030746604
4,1,75-84,50-64,0.09347209816621486,0.04736807976168386,0.1505354054867776
4,1,75-84,65-74,0.0758324015835269,0.033047017338265705,0.13869094261165119
4,1,75-84,75-84,0.07676450157935351,0.03195416762707558,0.1381931808592167
4,1,75-84,85+,0.02197882284773776,0,0.10264118939486254
4,1,85+,0-4,0.016597731981928474,0,0.14314106406148644
4,1,85+,5-11,0.03173673336027058,0,0.17926603103791944
4,1,85+,12-17,0.030086514966240492,0,0.17891815377094836
4,1,85+,18-29,0.05986586217379006,0.008337036844200769,0.23863043473774742
4,1,85+,30-49,0.14175339813367435,0.0073186627644949995,0.6811816078083557
4,1,85+,50-64,0.08262557756035517,0.020789062961616984,0.24003838865663957
4,1,85+,65-74,0.03581122980784585,0,0.11743085373789555
4,1,85+,75-84,0.04611224075112325,0,0.15327197788219155
4,1,85+,85+,0.011334461140711892,0,0.14293081805380028
4,2,0-4,0-4,0.3891257500797581,0.237942001438488,0.5788626029011062
4,2,0-4,5-11,0.22458885836042228,0.12571774818759196,0.3489315489380712
4,2,0-4,12-17,0.08947554970206516,0.043140670820452254,0.14697295965369192
4,2,0-4,18-29,0.18828001013188034,0.09509534833519792,0.32534550092784753
4,2,0-4,30-49,0.3219033788351447,0.19909445115560256,0.49049918708904344
4,2,0-4,50-64,0.15065735386435156,0.06625148066311463,0.26099681849227085
4,2,0-4,65-74,0.08413287279950582,0.02342953243409234,0.17576312724385298
4,2,0-4,75-84,0.0313276510699137,0,0.07760361452781679
4,2,0-4,85+,0.005015543858734445,0,0.044440416519256884
4,2,5-11,0-4,0.15976410950250564,0.09382459311388161,0.23851359648463513
4,2,5-11,5-11,0.981037054729577,0.7589057964141763,1.2399637070148612
4,2,5-11,12-17,0.12214395439517049,0.07642220407388742,0.17643424550533607
4,2,5-11,18-29,0.16341948194719558,0.10246385227439712,0.23392384735578395
4,2,5-11,30-49,0.2740981466345617,0.18571885489762047,0.3766053777396969
4,2,5-11,50-64,0.09323337632952895,0.04837421558436679,0.1478944971030646
4,2,5-11,65-74,0.0606400884070672,0.021090681244559626,0.11332431697025497
4,2,5-11,75-84,0.02316026451929124,0.005324329146847841,0.04933181904739862
4,2,5-11,85+,0.0059047652650999006,0,0.046854680548194944
4,2,12-17,0-4,0.04903816739557788,0.022433966939249192,0.07868369070856339
4,2,12-17,5-11,0.17962809407335084,0.11489657127221051,0.25836081500914504
4,2,12-17,12-17,0.8507139015634808,0.6195863078793165,1.1188940500049074
4,2,12-17,18-29,0.17037192725247255,0.0983552232982669,0.25778882342939974
4,2,12-17,30-49,0.2872102436664987,0.1923847295447018,0.3944885130940799
4,2,12-17,50-64,0.0900218864775522,0.04368061996641095,0.15636843261055627
4,2,12-17,65-74,0.04650797120720378,0.012821092857838693,0.09561926290553507
4,2,12-17,75-84,0.02408450072619558,0.005152035823081745,0.05536455039190542
4,2,12-17,85+,0.008426980677808574,0,0.0553440431506015
4,2,18-29,0-4,0.06707374631462867,0.03359533756571537,0.10877223505734793
4,2,18-29,5-11,0.09714167430963572,0.060896456116902635,0.14334820607124077
4,2,18-29,12-17,0.07786026281924861,0.044251876203188316,0.11712878427842005
4,2,18-29,18-29,0.45923307688153014,0.3472225698173475,0.5891495585669145
4,2,18-29,30-49,0.3708002994369177,0.29152563214380006,0.45277295894599734
4,2,18-29,50-64,0.13202239089362836,0.09463232988060624,0.1779911215634464
4,2,18-29,65-74,0.06040597194050334,0.020572589099777633,0.12969123811798547
4,2,18-29,75-84,0.028971956807455478,0.007021592830181663,0.06200563052102463
4,2,18-29,85+,0.01181479942010022,0,0.04377394275044226
4,2,30-49,0-4,0.06336813627728007,0.039101556993074764,0.09261807039444352
4,2,30-49,5-11,0.08011528386315683,0.056720743036112325,0.11149946901743618
4,2,30-49,12-17,0.07677946415172832,0.05145331847231569,0.1077695177369117
4,2,30-49,18-29,0.23160873496101686,0.1828167236674561,0.2910287789863025
4,2,30-49,30-49,0.4613705654743987,0.39129801488906035,0.5325509887008236
4,2,30-49,50-64,0.20797811749031425,0.17045653985627307,0.251250729671164
4,2,30-49,65-74,0.07047208628264809,0.04199536403891268,0.10452784626665847
4,2,30-49,75-84,0.02683567108838436,0.01217410671542305,0.04477224154461111
4,2,30-49,85+,0.012641016322538388,8.414367556158583e-4,0.06516547181906218
4,2,50-64,0-4,0.04904761994874951,0.022460222049662693,0.08516673677103104
4,2,50-64,5-11,0.02958488415032547,0.014717154414258431,0.04849186211603816
4,2,50-64,12-17,0.042124238579183786,0.02008302446256251,0.0730670352764279
4,2,50-64,18-29,0.10244510539737482,0.0755368014687536,0.13371556191939052
4,2,50-64,30-49,0.2681321248610639,0.2187496910224693,0.3278841290917122
4,2,50-64,50-64,0.22440239153758418,0.1780452924712515,0.27399054270019835
4,2,50-64,65-74,0.05255233330963962,0.032829441964354805,0.07495069617999084
4,2,50-64,75-84,0.028280580228543857,0.014014493363838277,0.04500280288371428
4,2,50-64,85+,0.024171844527096396,0.003478113090794426,0.1133359182926387
4,2,65-74,0-4,0.05673304498325315,0.01752602087543775,0.11591566792751092
4,2,65-74,5-11,0.06405718639183798,0.03000013537072236,0.10720078495860008
4,2,65-74,12-17,0.042570390189203375,0.015489776850956207,0.08296068525512978
4,2,65-74,18-29,0.13909799380215734,0.05773575331433541,0.2761597952683265
4,2,65-74,30-49,0.2228161891138088,0.14255282932815344,0.3177638086340363
4,2,65-74,50-64,0.12265134407776622,0.07792246897958105,0.1769186650016538
4,2,65-74,65-74,0.14413644663531652,0.08099318065826827,0.22900891112854063
4,2,65-74,75-84,0.08038266814119918,0.03853214564102017,0.1363232203948273
4,2,65-74,85+,0.020823724541955472,0,0.10681069129566036
4,2,75-84,0-4,0.02594502287642003,0.004179850953416228,0.06276220750514853
4,2,75-84,5-11,0.032052420889277636,0.010914539657738356,0.06080457662553358
4,2,75-84,12-17,0.03872452099029032,0.011639985744488256,0.07647288304068128
4,2,75-84,18-29,0.07780174035703057,0.03059660404800024,0.1476152479459125
4,2,75-84,30-49,0.13055584472900503,0.074892935924454,0.20304023478809494
4,2,75-84,50-64,0.09940802248733344,0.05767105804366044,0.15103599628500208
4,2,75-84,65-74,0.09946689198737907,0.049094016034389364,0.16419527182871155
4,2,75-84,75-84,0.10147209783569525,0.04849879569323227,0.17189030666400837
4,2,75-84,85+,0.055942450516561326,0.004760781671237273,0.22831751645612441
4,2,85+,0-4,0.024429746307611546,0,0.1461982693107862
4,2,85+,5-11,0.03775329775295176,0,0.22236015057367642
4,2,85+,12-17,0.03425368643402912,0,0.22464488067079097
4,2,85+,18-29,0.095272735229286,0.018424229889540903,0.24603058905838174
4,2,85+,30-49,0.1485051402837891,0.021601577415239007,0.5748817958073641
4,2,85+,50-64,0.12950649984890805,0.03781996632574343,0.4035271839550494
4,2,85+,65-74,0.05917443247140025,0,0.2570911410027379
4,2,85+,75-84,0.08793517237597419,0,0.32682894651549643
4,2,85+,85+,0.04956332144091294,0,0.3547930234301544
4,3,0-4,0-4,0.43642761847747424,0.24614365847234487,0.6713703969555498
4,3,0-4,5-11,0.21515398379966658,0.11658483111268195,0.34344539203895175
4,3,0-4,12-17,0.09622647671952497,0.04586865272345,0.15569654095625743
4,3,0-4,18-29,0.15294137794046306,0.06947993767065266,0.25958677645705996
4,3,0-4,30-49,0.3458571322998466,0.2106949945691406,0.5343294807341826
4,3,0-4,50-64,0.17943226417762229,0.0780713294238164,0.31674445014306657
4,3,0-4,65-74,0.08675365582495526,0.024198106049976374,0.18721508242645205
4,3,0-4,75-84,0.03599750281296342,0,0.09250959704410619
4,3,0-4,85+,0.011034202969664762,0,0.09331954867467379
4,3,5-11,0-4,0.1423240792751769,0.07957882628488774,0.22202294201712078
4,3,5-11,5-11,1.0598085536304,0.805535536350637,1.3362647862776302
4,3,5-11,12-17,0.14798056861537745,0.0942762550171906,0.2149303899431677
4,3,5-11,18-29,0.14713467318939225,0.0895529395932143,0.22743531934795702
4,3,5-11,30-49,0.2958980107555203,0.204934320899863,0.40365560062668815
4,3,5-11,50-64,0.09306813786666382,0.045811739703876066,0.15482983487565186
4,3,5-11,65-74,0.06684602043327499,0.02742265095207578,0.12605229918471175
4,3,5-11,75-84,0.025843590086328447,0.005507186984508149,0.05618148131949561
4,3,5-11,85+,0.010386307159487318,0,0.06501660414024904
4,3,12-17,0-4,0.047419463617398974,0.01970425639991029,0.08368356726677036
4,3,12-17,5-11,0.17342491841264712,0.11110970285618847,0.25028139472847466
4,3,12-17,12-17,0.9932177998324282,0.7245325399369092,1.3152827388499853
4,3,12-17,18-29,0.14668319663793206,0.07840231260842952,0.22541651630009538
4,3,12-17,30-49,0.3147732302975443,0.2186367876719674,0.43448534062577765
4,3,12-17,50-64,0.12544172123536138,0.05923165785896954,0.22635411568320826
4,3,12-17,65-74,0.0538537858954493,0.02064749593335725,0.10804256419054684
4,3,12-17,75-84,0.030121587894640343,0.007810903939867997,0.0654292807186334
4,3,12-17,85+,0.012259541712142616,0,0.07148117311299593
4,3,18-29,0-4,0.059789711414206984,0.02924939588625059,0.09848619673867269
4,3,18-29,5-11,0.08621076042076416,0.05113963394620574,0.12884064370569628
4,3,18-29,12-17,0.07491334620105478,0.041688619886395405,0.11424709408090668
4,3,18-29,18-29,0.3972289527154349,0.3056003379407352,0.5023070396274846
4,3,18-29,30-49,0.38455322733294683,0.30864299388320365,0.46555345456990677
4,3,18-29,50-64,0.14471474549007562,0.10555169190443425,0.19027103098765188
4,3,18-29,65-74,0.07036737412681139,0.024651593106521624,0.14915848336248858
4,3,18-29,75-84,0.038193961787296477,0.012247329620194586,0.07560282539312148
4,3,18-29,85+,0.015653212005948994,0.001976284584980235,0.041846395972090285
4,3,30-49,0-4,0.06530976324920731,0.03828242111145486,0.09972010101580375
4,3,30-49,5-11,0.07988607773637191,0.05424492212236851,0.10889703181280024
4,3,30-49,12-17,0.07613286485835037,0.04982072699810865,0.1061802057004497
4,3,30-49,18-29,0.20401603291575954,0.16329760987020156,0.24574169028952625
4,3,30-49,30-49,0.4847506017748465,0.4181119708674778,0.563252625665453
4,3,30-49,50-64,0.22775118973960348,0.18154192901654234,0.2786169364902977
4,3,30-49,65-74,0.08650810406470316,0.05376600818164842,0.12783242053698063
4,3,30-49,75-84,0.036967313780891846,0.017346038472230277,0.059574367564374425
4,3,30-49,85+,0.014888786735608476,0.0024957366185742115,0.058518273687241815
4,3,50-64,0-4,0.053458185412924644,0.025089625184226905,0.09388059583538663
4,3,50-64,5-11,0.03299462447201825,0.01607761352518641,0.05509479658342732
4,3,50-64,12-17,0.048931995900236246,0.02435523152443696,0.08719757898957275
4,3,50-64,18-29,0.09962136558173083,0.07302736777595409,0.12848095444548896
4,3,50-64,30-49,0.29438198923737496,0.24509924292768526,0.34911742405604945
4,3,50-64,50-64,0.26567788352815075,0.21276279262509992,0.3280840136766664
4,3,50-64,65-74,0.06528928867229924,0.04135310609514679,0.09137753595363142
4,3,50-64,75-84,0.03965878563348512,0.02108532814376965,0.06169906017747636
4,3,50-64,85+,0.025933358361889043,0.004960660897578069,0.0982896824833095
4,3,65-74,0-4,0.04678954729854794,0.012585156145827784,0.10545193901944949
4,3,65-74,5-11,0.060090290271314774,0.024249690984494206,0.10738409494145217
4,3,65-74,12-17,0.036053633416014814,0.012717016336868643,0.07620428026577367
4,3,65-74,18-29,0.09318710917729449,0.03865922151737669,0.18904450313039758
4,3,65-74,30-49,0.29315439486822353,0.18768994820900228,0.4244234359134403
4,3,65-74,50-64,0.1430400431787481,0.09065888257811394,0.20236619452549584
4,3,65-74,65-74,0.16950558693137222,0.09772195639643663,0.2601122828819225
4,3,65-74,75-84,0.10485195913882812,0.05436512747613768,0.16175304414727332
4,3,65-74,85+,0.031291525952951434,0.0022404464807954786,0.12302475210596082
4,3,75-84,0-4,0.02135348474423972,0,0.05535473659440075
4,3,75-84,5-11,0.027027134885133267,0.007433276984919872,0.05701616775806645
4,3,75-84,12-17,0.03392291380496066,0.008153126511499844,0.07789630181430901
4,3,75-84,18-29,0.05620399376243595,0.01802350915943455,0.11261934854323408
4,3,75-84,30-49,0.14961349125090573,0.08687746617965468,0.22638799346810326
4,3,75-84,50-64,0.10718835733237729,0.060680042266133494,0.1677930062551581
4,3,75-84,65-74,0.12222795242189241,0.0664665765844521,0.1871336500986371
4,3,75-84,75-84,0.15265061890414167,0.08139131586231221,0.23824188224631473
4,3,75-84,85+,0.06523509804679027,0.010523574567236852,0.20574549163646316
4,3,85+,0-4,0.023411542634104943,0,0.1595012878622472
4,3,85+,5-11,0.033642322678232014,0,0.18754158240761712
4,3,85+,12-17,0.030241242763418833,0,0.18974072388692673
4,3,85+,18-29,0.0545449342323229,0,0.20730254875767337
4,3,85+,30-49,0.15996176462884135,0.022986488655906117,0.6637546177907981
4,3,85+,50-64,0.20744111754262665,0.04945659909971378,0.7806044639369407
4,3,85+,65-74,0.08377623660892394,0.007374219359654325,0.3418930011738956
4,3,85+,75-84,0.18027717766772958,0.024679178661099317,0.6363465531122728
4,3,85+,85+,0.0736186423265866,0,0.400167435387896
4,4,0-4,0-4,0.9587697897069418,0.5312272931269424,1.5741930225907783
4,4,0-4,5-11,0.48192689829789503,0.34474850578360483,0.659694279557388
4,4,0-4,12-17,0.15506226162613007,0.0934030496249053,0.21975280187412854
4,4,0-4,18-29,0.4356235748838249,0.3074659674488665,0.5847245084087516
4,4,0-4,30-49,1.0652796540016236,0.8718228490448563,1.3046403448169563
4,4,0-4,50-64,0.3093851507791341,0.17555710571977087,0.48071757862696307
4,4,0-4,65-74,0.15507811369476993,0.07692982473277121,0.27446374166113446
4,4,0-4,75-84,0.05557242629742442,0.01388413243399017,0.1177251813589804
4,4,0-4,85+,0.013432992746018967,0,0.10438108393053784
4,4,5-11,0-4,0.3048647967639684,0.21808636023763422,0.4173196457262242
4,4,5-11,5-11,1.9185089355087572,1.4069352839352558,2.5543782606956356
4,4,5-11,12-17,0.27656340531370577,0.21076902999241914,0.35130340485152106
4,4,5-11,18-29,0.37451167419058806,0.28474570267658256,0.47683979133458415
4,4,5-11,30-49,1.1170671889281376,0.9787196800495882,1.2662484047549714
4,4,5-11,50-64,0.1983037278070598,0.13315507721287104,0.27423176411356764
4,4,5-11,65-74,0.12527709250543942,0.07030728708635088,0.19497003745523106
4,4,5-11,75-84,0.039482439937540664,0.01395668893883269,0.07281960837013084
4,4,5-11,85+,0.03144584718222678,0,0.14017591390834358
4,4,12-17,0-4,0.1094828351129625,0.06594790101660775,0.1551580605163987
4,4,12-17,5-11,0.30868002257439964,0.23524511083542132,0.39209939151937745
4,4,12-17,12-17,1.4731019627346298,1.0222907828916192,2.049432829927959
4,4,12-17,18-29,0.30592158592586904,0.22490664117906808,0.3957706905392343
4,4,12-17,30-49,1.0143118286297133,0.8589263918279894,1.1819107779932176
4,4,12-17,50-64,0.4524376395803404,0.34468503620481544,0.5866194685880274
4,4,12-17,65-74,0.09641477471067153,0.04893547889671399,0.16630233212050602
4,4,12-17,75-84,0.06332947651111091,0.02808754828424896,0.11584955444543321
4,4,12-17,85+,0.013500682928116917,0,0.08545463984550004
4,4,18-29,0-4,0.155448211624346,0.10971636415228903,0.2086534897687886
4,4,18-29,5-11,0.2112582137841039,0.16062214525131652,0.2689804604789558
4,4,18-29,12-17,0.15461248350035614,0.11366760617162028,0.20002213696600588
4,4,18-29,18-29,0.9353071085920335,0.7632492108526281,1.1070185343786356
4,4,18-29,30-49,0.6663111437053144,0.5735723712503812,0.7681251144520718
4,4,18-29,50-64,0.4126207497583767,0.3479572489213361,0.4774065851263514
4,4,18-29,65-74,0.12032713267797893,0.06734872076943109,0.21331345266151522
4,4,18-29,75-84,0.06180259940202876,0.029856241962118463,0.1041619285394836
4,4,18-29,85+,0.023847338576973538,0.0020489712278943524,0.06909108658094651
4,4,30-49,0-4,0.20065378353268948,0.1642146759998409,0.2457392482373609
4,4,30-49,5-11,0.3326112272018002,0.29141770261841315,0.37703053139712894
4,4,30-49,12-17,0.2705922100608984,0.22913938700523243,0.31530328295987287
4,4,30-49,18-29,0.3517113974378458,0.30275936719651997,0.40545375829782737
4,4,30-49,30-49,1.0169860844205316,0.9011866026219226,1.1463258345861271
4,4,30-49,50-64,0.39721989279266784,0.34439777153881684,0.44900195602143006
4,4,30-49,65-74,0.18140995602668702,0.13904900180559418,0.2274804616065508
4,4,30-49,75-84,0.08912314904390205,0.06155254565249969,0.11911971688695501
4,4,30-49,85+,0.02860440763080349,0.00506735392643907,0.07860136895802253
4,4,50-64,0-4,0.07480623143123438,0.04244795022255662,0.11623269684815304
4,4,50-64,5-11,0.07579543984210005,0.0508943919318447,0.10481657308977176
4,4,50-64,12-17,0.15493770466657333,0.11803772204280905,0.20088840101822367
4,4,50-64,18-29,0.2795857417270845,0.2357707061168281,0.32348366941339396
4,4,50-64,30-49,0.5099006670117141,0.44209430748890266,0.5763719315648472
4,4,50-64,50-64,0.714682482984565,0.618227569270564,0.8140454717643133
4,4,50-64,65-74,0.16331011239552892,0.12970240678719488,0.19821419145518873
4,4,50-64,75-84,0.11079262679283909,0.08005931847650978,0.1442934004762585
4,4,50-64,85+,0.06438001435626552,0.01255423710249876,0.16786529537895453
4,4,65-74,0-4,0.07169432467019009,0.03556550760004588,0.12688761899424744
4,4,65-74,5-11,0.09155452675272684,0.05138170329247919,0.1424872588689752
4,4,65-74,12-17,0.06313031234504987,0.03204189479024126,0.10889117567284767
4,4,65-74,18-29,0.15589187513639294,0.08725478730455437,0.2763618926764934
4,4,65-74,30-49,0.44525793282545734,0.3412859606023731,0.558334737031816
4,4,65-74,50-64,0.3122547367530862,0.24799560966247947,0.3789925759383672
4,4,65-74,65-74,0.5339200205697505,0.4083300096503593,0.7023086001921709
4,4,65-74,75-84,0.21696491647202118,0.15268579786376593,0.29170349561537806
4,4,65-74,85+,0.058574569804255225,0.0060483870967742,0.1749141932011388
4,4,75-84,0-4,0.03325574516444066,0.00830856597088189,0.07044930177708039
4,4,75-84,5-11,0.037349534768112334,0.013202726062353135,0.06888577552256357
4,4,75-84,12-17,0.05367515434706225,0.02380571532315008,0.09818875914450442
4,4,75-84,18-29,0.10364293702221708,0.0500689070579504,0.17467951678705593
4,4,75-84,30-49,0.2831484101964577,0.1955553145509355,0.3784489082963031
4,4,75-84,50-64,0.27420784346200905,0.1981439893967819,0.35712107669742676
4,4,75-84,65-74,0.2808423316748333,0.197638568405238,0.37758496257567375
4,4,75-84,75-84,0.5322836206277002,0.3874487785179313,0.7041082842243165
4,4,75-84,85+,0.1458127646591946,0.03888760339943834,0.33576530555616213
4,4,85+,0-4,0.021448638703550717,0,0.16666666907674874
4,4,85+,5-11,0.0793714183602203,0,0.3538133681808948
4,4,85+,12-17,0.03053112237788076,0,0.19325141407825033
4,4,85+,18-29,0.10670690312353792,0.00916829245377312,0.30915382270840686
4,4,85+,30-49,0.24248014947204535,0.0429560630434977,0.6663054148733414
4,4,85+,50-64,0.42514758030312066,0.08290466505867701,1.1085353872755948
4,4,85+,65-74,0.2023027529330293,0.020889702896172924,0.6041123806782017
4,4,85+,75-84,0.389058737240424,0.10376020170973331,0.8958915640489379
4,4,85+,85+,0.10505060630940773,0,0.6260423349264753
4,5,0-4,0-4,0.387762169877025,0.21394668151121132,0.6231021180845507
4,5,0-4,5-11,0.22620602963323133,0.12375124073405631,0.3557239707309655
4,5,0-4,12-17,0.09732475372993989,0.04921919587679967,0.15479088151957535
4,5,0-4,18-29,0.12483840166219883,0.05131681692141752,0.21685019016823862
4,5,0-4,30-49,0.4219260022527561,0.24385485724076855,0.6356875425285724
4,5,0-4,50-64,0.20380051863736054,0.0887056939163118,0.3474645660946666
4,5,0-4,65-74,0.10465177127618036,0.02775415220787342,0.23557247184731395
4,5,0-4,75-84,0.029787943080927005,0,0.07401170003686379
4,5,0-4,85+,0.008266322422332452,0,0.07880109156707206
4,5,5-11,0-4,0.10369242302400647,0.04615983688751848,0.17550678353143465
4,5,5-11,5-11,1.2410063977272494,0.9563493605228818,1.5769152121202084
4,5,5-11,12-17,0.19002273048307894,0.12149725030824991,0.2677439976983054
4,5,5-11,18-29,0.13056254810166065,0.07210282087543694,0.20662030961181832
4,5,5-11,30-49,0.3441658508368611,0.21824676642501722,0.49171347316878067
4,5,5-11,50-64,0.09325303771912832,0.04073207454331741,0.1691498523648719
4,5,5-11,65-74,0.07334161726719157,0.02917459791307577,0.13637096881004482
4,5,5-11,75-84,0.03685964839803301,0.011042414001077586,0.0766679294804874
4,5,5-11,85+,0.0096935368213709,0,0.05227665586725893
4,5,12-17,0-4,0.049707984936308375,0.018984394753135323,0.08540300740814455
4,5,12-17,5-11,0.17689637440983738,0.11878058798869072,0.24839500886980434
4,5,12-17,12-17,1.1850202344773142,0.846516783497425,1.602105869074563
4,5,12-17,18-29,0.15931932830987175,0.08980461757979015,0.24822536902578501
4,5,12-17,30-49,0.32422068227740136,0.210286815371669,0.45277408244404027
4,5,12-17,50-64,0.1635274069509591,0.07307845194704993,0.30682550012740173
4,5,12-17,65-74,0.04887742078845691,0.01807433155366785,0.10176054921766636
4,5,12-17,75-84,0.03364701323308787,0.008668042942620819,0.07526768370182106
4,5,12-17,85+,0.00826201349711746,0,0.06014990830182199
4,5,18-29,0-4,0.0436721466862027,0.017529783233160776,0.08083998890486896
4,5,18-29,5-11,0.08279016720296299,0.04960940201357934,0.12234654742966111
4,5,18-29,12-17,0.0882830987214289,0.048247681233223046,0.13359379548451603
4,5,18-29,18-29,0.37925150103256383,0.29139161900155613,0.4754276300691721
4,5,18-29,30-49,0.38313557896268274,0.30861344214139314,0.46461883392927206
4,5,18-29,50-64,0.1516211408942208,0.11169720365417657,0.19778663774917504
4,5,18-29,65-74,0.07048552673999679,0.02452298851104081,0.1460280167359972
4,5,18-29,75-84,0.03401574004507689,0.010039978388615856,0.06760131770371026
4,5,18-29,85+,0.014543599659926255,0,0.046533527412119885
4,5,30-49,0-4,0.058949976554147146,0.035119248740496024,0.09486590365347407
4,5,30-49,5-11,0.08742747882754327,0.05937576185462155,0.12235168246658958
4,5,30-49,12-17,0.10551217853324082,0.06911595617457789,0.14832681034923098
4,5,30-49,18-29,0.1880801570204087,0.14831743172748146,0.23513337861949105
4,5,30-49,30-49,0.5100414397597579,0.43333156411562684,0.597943138579891
4,5,30-49,50-64,0.24819594029355752,0.2074951793763564,0.29392419006213544
4,5,30-49,65-74,0.09781022363572857,0.062324682419331645,0.14013884397755091
4,5,30-49,75-84,0.05068792365049706,0.029316881600293606,0.07657096812678327
4,5,30-49,85+,0.0228692743500747,0.0032678405783194185,0.07412407485944628
4,5,50-64,0-4,0.03513653487932839,0.015211792714369272,0.06624761578118712
4,5,50-64,5-11,0.0328065132797883,0.014685978498956129,0.058209280128470965
4,5,50-64,12-17,0.06307276642400551,0.032337844898635816,0.09949194837380042
4,5,50-64,18-29,0.09224138777920739,0.06675421657504546,0.12055117361975418
4,5,50-64,30-49,0.3117892490333491,0.2557465573495876,0.37456803149969564
4,5,50-64,50-64,0.2737059359163116,0.22458340255757803,0.3286086332147686
4,5,50-64,65-74,0.07575933168068082,0.04992594462189609,0.10608053468677701
4,5,50-64,75-84,0.047426553311600485,0.02730813471781496,0.07150560284594927
4,5,50-64,85+,0.03868575369054171,0.005798473036657413,0.11744847771980872
4,5,65-74,0-4,0.0372027636111866,0.00796347683197641,0.09742748368021163
4,5,65-74,5-11,0.065387027147894,0.023522233712200368,0.12870598139550407
4,5,65-74,12-17,0.05427352197697555,0.014880381781819375,0.11407491441290299
4,5,65-74,18-29,0.10232411761877123,0.040481053265008095,0.2059522175823405
4,5,65-74,30-49,0.2559824038404867,0.1616182606401239,0.3686486026103058
4,5,65-74,50-64,0.1549154892969833,0.10079880171909411,0.21929647501353985
4,5,65-74,65-74,0.208263346603693,0.12568036597488355,0.3232083709589445
4,5,65-74,75-84,0.1329745681466333,0.07627074584059672,0.20066309473813113
4,5,65-74,85+,0.0448889470683093,0.0040979424557944285,0.1282321273717239
4,5,75-84,0-4,0.015235348618833279,0,0.05129344906888833
4,5,75-84,5-11,0.028705605354045323,0.005350776934454706,0.06192037970079398
4,5,75-84,12-17,0.056326449402420875,0.013918375188397858,0.1273141791144812
4,5,75-84,18-29,0.053376915224231485,0.016511495563448757,0.10854644243444538
4,5,75-84,30-49,0.1421093984586458,0.08145727755773557,0.21540824531981922
4,5,75-84,50-64,0.11653908638501954,0.06668957957258545,0.1746918365247902
4,5,75-84,65-74,0.16684865670981971,0.09817216085990464,0.24652504497708358
4,5,75-84,75-84,0.21846351799779756,0.1343654344228239,0.3237549046585507
4,5,75-84,85+,0.10985313933321168,0.01700591612497379,0.2666614665533986
4,5,85+,0-4,0.018723854940124286,0,0.16666893973768704
4,5,85+,5-11,0.03594352437241106,0,0.18312318019777823
4,5,85+,12-17,0.03374597404568311,0,0.18286002611883131
4,5,85+,18-29,0.06350373405134438,0.008577521718927651,0.2361053095655985
4,5,85+,30-49,0.16197436929920525,0.023875442823716477,0.7179227850877409
4,5,85+,50-64,0.24526817823519825,0.053249022062418196,0.9743521973868008
4,5,85+,65-74,0.13661540579307008,0.014906984284459532,0.46384798333588034
4,5,85+,75-84,0.2229622217577349,0.043241075292379506,0.7262319413291561
4,5,85+,85+,0.17671032367954662,0,0.6675287622121049
5,1,0-4,0-4,0.24315351967572968,0.13004296535245777,0.39557519998852825
5,1,0-4,5-11,0.15047672665271933,0.06494083829580531,0.2784692797054839
5,1,0-4,12-17,0.05932925337098711,0.02353800476996698,0.10371850289937978
5,1,0-4,18-29,0.1343107095552692,0.05854631998307523,0.2637870537381933
5,1,0-4,30-49,0.19765030108013126,0.10674245290065307,0.3148303057221429
5,1,0-4,50-64,0.08296162326004156,0.025533369571271072,0.16608737619121394
5,1,0-4,65-74,0.03907872179635465,0,0.10868297565503147
5,1,0-4,75-84,0.022702148435077087,0,0.06687005647555257
5,1,0-4,85+,0.004401971561598915,0,0.05795712991074131
5,1,5-11,0-4,0.12508720832096035,0.07499342630447198,0.1816608963292924
5,1,5-11,5-11,0.7669905656519994,0.5806367955638161,0.9920665059041542
5,1,5-11,12-17,0.12347082261629222,0.07642530047906043,0.17933182421163218
5,1,5-11,18-29,0.13465268299092376,0.08772720238248675,0.18975459757087007
5,1,5-11,30-49,0.19446367208566948,0.13058187618085454,0.2684678146189455
5,1,5-11,50-64,0.07347668831850895,0.03923943916240149,0.11549846241847721
5,1,5-11,65-74,0.037602844520436614,0.0088757396449704,0.078972129549661
5,1,5-11,75-84,0.019293799478918138,0.002889758155769167,0.04484596065203697
5,1,5-11,85+,0.004177418507236551,0,0.03328948972574814
5,1,12-17,0-4,0.05049564663053894,0.023522260324328408,0.08506136697973232
5,1,12-17,5-11,0.15907805428685634,0.09857743844608464,0.2383035039460538
5,1,12-17,12-17,0.642140567231843,0.46188705677927,0.8500529858063942
5,1,12-17,18-29,0.10457072179361292,0.05939457469741236,0.1577104455430822
5,1,12-17,30-49,0.24477275925581457,0.1416109558853965,0.37094250121882894
5,1,12-17,50-64,0.053609995108552556,0.023336992699870645,0.09432164579086053
5,1,12-17,65-74,0.047998087471236225,0.0106757623779625,0.10786312270869088
5,1,12-17,75-84,0.015841590853477708,0,0.04333819655035698
5,1,12-17,85+,0.013678323682179453,0,0.0425408450860757
5,1,18-29,0-4,0.05635457196142963,0.025496908597971758,0.09775785535392749
5,1,18-29,5-11,0.11103654483790949,0.06611580537923858,0.17219323396787387
5,1,18-29,12-17,0.06516017671369251,0.03249632735082886,0.10685924073662935
5,1,18-29,18-29,0.38351264127429857,0.2894406197105458,0.4919936768219616
5,1,18-29,30-49,0.3508256931620691,0.2642113123312038,0.4518113827459218
5,1,18-29,50-64,0.11235181032058299,0.07346242029884954,0.15633471223118506
5,1,18-29,65-74,0.045671739102264304,0.01428494662641238,0.09479109374883686
5,1,18-29,75-84,0.022330942240280382,0.004829192546943908,0.04716079668204933
5,1,18-29,85+,0.01107851232215558,0,0.03629773126526343
5,1,30-49,0-4,0.0726398827827044,0.044045343951564966,0.10910115338708123
5,1,30-49,5-11,0.08092946854429972,0.05362545327653251,0.11110536806473512
5,1,30-49,12-17,0.07217275950302492,0.046584105307860106,0.10470633452071382
5,1,30-49,18-29,0.1937102152602097,0.15493899214852896,0.23728671330092624
5,1,30-49,30-49,0.37281985871323087,0.3090987770640928,0.44235902793286946
5,1,30-49,50-64,0.1689927760803416,0.13357304598830436,0.21024047318364053
5,1,30-49,65-74,0.07487246332135954,0.04686171433455158,0.11088156221042111
5,1,30-49,75-84,0.02632367832009007,0.012217476056248844,0.04339568008668836
5,1,30-49,85+,0.008407701534666679,9.54198473282445e-4,0.0377512057131568
5,1,50-64,0-4,0.048885949689343726,0.02003576139726979,0.0908231178429892
5,1,50-64,5-11,0.03320596510108779,0.017352168077047068,0.053775881606512414
5,1,50-64,12-17,0.03840777776117991,0.015154080321164809,0.08296374148441434
5,1,50-64,18-29,0.0823101451470618,0.057991504919473934,0.11011649171999537
5,1,50-64,30-49,0.20318753993959868,0.16311879419768996,0.24760600656417422
5,1,50-64,50-64,0.1521665042889414,0.11872209218150011,0.18859225097235754
5,1,50-64,65-74,0.04110704980868668,0.022331829386611608,0.06539314200140592
5,1,50-64,75-84,0.024299413499305967,0.010272808538446424,0.04178227375601104
5,1,50-64,85+,0.013265642742544315,0.0013510796319107295,0.05144515707613826
5,1,65-74,0-4,0.02393726206343457,0.0055489773969390616,0.05483276434796419
5,1,65-74,5-11,0.05090790896871939,0.023559621277644577,0.08833170499725301
5,1,65-74,12-17,0.02964828252092335,0.012429155938020006,0.053342610595236255
5,1,65-74,18-29,0.08025116822697041,0.03939611180003611,0.1380501990899009
5,1,65-74,30-49,0.18976831137396416,0.11936965267221383,0.27766884685031
5,1,65-74,50-64,0.07962863954902852,0.04211295361082396,0.12414500649775977
5,1,65-74,65-74,0.10724531932685902,0.05621239927774749,0.17815693834168045
5,1,65-74,75-84,0.04751389390534042,0.01929195235133372,0.08699026758745323
5,1,65-74,85+,0.007281600681768477,0,0.04269708840041174
5,1,75-84,0-4,0.015379174078692161,0,0.04248765191825553
5,1,75-84,5-11,0.027843363781698494,0.009541228406949221,0.05416023806433104
5,1,75-84,12-17,0.022268519688774944,0.00570590233129443,0.04744900730301679
5,1,75-84,18-29,0.07103116186735726,0.029685590779165518,0.12480309413034447
5,1,75-84,30-49,0.09427625184130378,0.04892971204858966,0.1491932727257026
5,1,75-84,50-64,0.07679951621922823,0.035809483962455604,0.12922081449129127
5,1,75-84,65-74,0.06845060207715821,0.027140958932807473,0.12109433848833533
5,1,75-84,75-84,0.065735896063018745,0.025613273884436825,0.11750537983082789
5,1,75-84,85+,0.017665435552615023,0,0.0701407457573291
5,1,85+,0-4,0.011975335063242916,0,0.10934804079850274
5,1,85+,5-11,0.022352028745033798,0,0.14377689729762205
5,1,85+,12-17,0.020022128389069638,0,0.12505649534043548
5,1,85+,18-29,0.05079631368246791,0,0.1759962856212598
5,1,85+,30-49,0.15847991719898824,0.012986419084636356,0.5676888187389013
5,1,85+,50-64,0.08860788486703962,0.01882658404985858,0.24166257008390127
5,1,85+,65-74,0.03267789822268588,0,0.10738193027833402
5,1,85+,75-84,0.04218843492436764,0,0.1504847478484928
5,1,85+,85+,0.015010688460567318,0,0.11468141270995523
5,2,0-4,0-4,0.2669728847569392,0.14364572446574225,0.4161279665452046
5,2,0-4,5-11,0.17840335104221802,0.09457260067221451,0.2930516142360853
5,2,0-4,12-17,0.05557361739659507,0.020000995666260485,0.10102601563189925
5,2,0-4,18-29,0.1489305669245795,0.06304396442990988,0.28358857543133187
5,2,0-4,30-49,0.2757770047658045,0.1530394231821617,0.4557065635623145
5,2,0-4,50-64,0.1142363760036246,0.04374586637574279,0.2135415392342798
5,2,0-4,65-74,0.05995769235113606,0.009614596743086125,0.15613996337121253
5,2,0-4,75-84,0.029260241666552486,0,0.08387853604145427
5,2,0-4,85+,0.0059885886500959384,0,0.06178991551069907
5,2,5-11,0-4,0.1423210291122439,0.08428476021534856,0.21269300405929265
5,2,5-11,5-11,0.915211375574343,0.7079235237258464,1.1562890763061717
5,2,5-11,12-17,0.12325682327730271,0.07637846573255536,0.176682457527496
5,2,5-11,18-29,0.1530014642884306,0.09466299399498607,0.22056033629972374
5,2,5-11,30-49,0.24778408276704614,0.1711062595047859,0.3414667949378302
5,2,5-11,50-64,0.07623126388296142,0.03870522803879984,0.12368860445403121
5,2,5-11,65-74,0.058657508997833605,0.01691576696835501,0.12270331646799555
5,2,5-11,75-84,0.02386993074506372,0.00312356211656797,0.053156885091375464
5,2,5-11,85+,0.006105091455994469,0,0.041680898726614686
5,2,12-17,0-4,0.04998690318123063,0.02215177488184946,0.08354673550425908
5,2,12-17,5-11,0.15873937373198826,0.09919450614494868,0.22649824819180805
5,2,12-17,12-17,0.7931754195449489,0.5637883665466203,1.0350722834370167
5,2,12-17,18-29,0.17050637181667042,0.09776479109156597,0.26390262741099646
5,2,12-17,30-49,0.2771834441343978,0.17727014690575416,0.4043306676544592
5,2,12-17,50-64,0.08208067763575963,0.03771041083753653,0.14392674422946955
5,2,12-17,65-74,0.05664230681717318,0.013927319168009605,0.12497628071021452
5,2,12-17,75-84,0.024913833206196636,0.0031842094654556626,0.05557174831406511
5,2,12-17,85+,0.009502892927520915,0,0.04707225208976549
5,2,18-29,0-4,0.06970062845377537,0.03227857204691683,0.11872945749614436
5,2,18-29,5-11,0.10772115181286097,0.06237661744072515,0.16424744277699246
5,2,18-29,12-17,0.0675959018735734,0.033933891058826236,0.10765620240933203
5,2,18-29,18-29,0.44119122252929044,0.33455812360980564,0.5715034503655898
5,2,18-29,30-49,0.36721513304236314,0.28499541250047633,0.46665681817031734
5,2,18-29,50-64,0.12662169797404274,0.08834647557390232,0.1710176985672356
5,2,18-29,65-74,0.059627433436393096,0.020671583957787478,0.12294029804842409
5,2,18-29,75-84,0.028265460412856287,0.0074990671761049925,0.0581050700839962
5,2,18-29,85+,0.014420080703321712,0,0.0496608204983279
5,2,30-49,0-4,0.06928285076912463,0.040574952399400975,0.10222763340410337
5,2,30-49,5-11,0.07690895920666084,0.05101256432567592,0.1070453575441505
5,2,30-49,12-17,0.07480202350111183,0.04856956348034852,0.10684471332383202
5,2,30-49,18-29,0.22155399986655755,0.17150194591149087,0.2738891304661605
5,2,30-49,30-49,0.4560862176924731,0.38304521411809805,0.527520078082779
5,2,30-49,50-64,0.1994136314636556,0.15898103129760477,0.24209325207803076
5,2,30-49,65-74,0.07553090854934462,0.046321230751807364,0.11114900952683932
5,2,30-49,75-84,0.027647246453913105,0.013797697382981868,0.0446424264071806
5,2,30-49,85+,0.01419430790648777,9.764675036478599e-4,0.07702181253433156
5,2,50-64,0-4,0.047817186999128194,0.020966168282166606,0.08224073322610927
5,2,50-64,5-11,0.030200826610744295,0.013767830848897388,0.05231501866843167
5,2,50-64,12-17,0.0476910497149725,0.021370416150225485,0.09124269467465743
5,2,50-64,18-29,0.09038632925889768,0.06621923150763719,0.1199166484438707
5,2,50-64,30-49,0.24179033565923264,0.19735570785557735,0.292825325099455
5,2,50-64,50-64,0.1913852320444691,0.15344769331489524,0.23547216014300962
5,2,50-64,65-74,0.05160646547758052,0.03124295265061315,0.07570321387179493
5,2,50-64,75-84,0.025916749583780017,0.013349839688652743,0.041833152532412904
5,2,50-64,85+,0.024911870233989605,0.003749302109181141,0.11524356075765174
5,2,65-74,0-4,0.04704459142929079,0.01523821741250061,0.09482526046171788
5,2,65-74,5-11,0.061468221799196546,0.029759138160820625,0.10504740359283452
5,2,65-74,12-17,0.03299820387844987,0.012347942232412859,0.0651883719075403
5,2,65-74,18-29,0.07742410296903472,0.035653884483447,0.13319578479918148
5,2,65-74,30-49,0.20386538541281216,0.12702984710704715,0.2960055421476355
5,2,65-74,50-64,0.10197764347422006,0.06210359227606896,0.15014853554826174
5,2,65-74,65-74,0.12664401985036813,0.06704772063635306,0.20842818482884956
5,2,65-74,75-84,0.06900818632294728,0.03225289587727517,0.11898914019905321
5,2,65-74,85+,0.02272666636360152,0,0.11716014037737253
5,2,75-84,0-4,0.02130057817860771,0.00367382097341211,0.05032375629868459
5,2,75-84,5-11,0.03201611242013452,0.010971075753670987,0.060361950187490715
5,2,75-84,12-17,0.033818404305602914,0.008213068009336777,0.06861166416479486
5,2,75-84,18-29,0.06471198343527232,0.02420422498285972,0.11789272280695585
5,2,75-84,30-49,0.12129231199291875,0.06501294160572099,0.18832468445754383
5,2,75-84,50-64,0.08099608366272192,0.0425454875652279,0.12384862817858217
5,2,75-84,65-74,0.09508573635783026,0.04439356103076336,0.15686362835086323
5,2,75-84,75-84,0.10060312812019911,0.049262159038000734,0.16813446107969868
5,2,75-84,85+,0.05160613364341587,0.00537634408622785,0.20701148668289532
5,2,85+,0-4,0.015290246431158009,0,0.1250027063468445
5,2,85+,5-11,0.019772790832391876,0,0.11155880744176712
5,2,85+,12-17,0.0207666225220201,0,0.12604990699707724
5,2,85+,18-29,0.08050398182496897,0.009723947928130102,0.2179578737903882
5,2,85+,30-49,0.16355108887074846,0.020192198571892972,0.5640261113566586
5,2,85+,50-64,0.15023164894732566,0.029235233671186786,0.4384514577822303
5,2,85+,65-74,0.04904142167933835,0,0.174254868125322
5,2,85+,75-84,0.09410501442025387,0,0.25933120953199945
5,2,85+,85+,0.07183430813189468,0,0.39124959681451293
5,3,0-4,0-4,0.34489936934139775,0.185727747056694,0.5341901170581981
5,3,0-4,5-11,0.1651386660795861,0.07533695485177824,0.2926131296354466
5,3,0-4,12-17,0.07015213335184126,0.02374554577511658,0.12490148073410828
5,3,0-4,18-29,0.13848366521716537,0.053925353391646315,0.263156182116824
5,3,0-4,30-49,0.3180343477729203,0.18049231360449852,0.5162844855672608
5,3,0-4,50-64,0.15997047720296645,0.06709799892606429,0.2963594673768289
5,3,0-4,65-74,0.062047079167603575,0.009674054486254533,0.16891684072428811
5,3,0-4,75-84,0.023426951294480712,0,0.07847481179010993
5,3,0-4,85+,0.013009495574484203,0,0.12455999095715367
5,3,5-11,0-4,0.13512000390872228,0.07447691469201079,0.21379297719922594
5,3,5-11,5-11,1.048331134574793,0.8059772854368502,1.318101965782084
5,3,5-11,12-17,0.1601294155064684,0.10507609057765885,0.22165647025204538
5,3,5-11,18-29,0.13751794903455308,0.08064787145783692,0.21135361960388802
5,3,5-11,30-49,0.2762265874487981,0.18942590299435436,0.3749357207726446
5,3,5-11,50-64,0.07803519080235741,0.03680591417231485,0.12994543657345498
5,3,5-11,65-74,0.06595601532018266,0.02161870326255639,0.1359181769223562
5,3,5-11,75-84,0.024721441865676833,0.003245202250121074,0.05518615848952294
5,3,5-11,85+,0.009173047179074518,0,0.059621426180140255
5,3,12-17,0-4,0.04894045404215574,0.02165409282545822,0.08312297050809267
5,3,12-17,5-11,0.17720444730775894,0.11158868362839472,0.2585008110170998
5,3,12-17,12-17,1.0208169660574598,0.7298481912196019,1.3482254949032357
5,3,12-17,18-29,0.15289612384641987,0.08620010696115017,0.2381047385184356
5,3,12-17,30-49,0.3174806746176334,0.2008194136117464,0.4566227733483384
5,3,12-17,50-64,0.12721968322981791,0.060764155889464086,0.2154602857273962
5,3,12-17,65-74,0.06395175387923374,0.016285450958452095,0.1428951602869359
5,3,12-17,75-84,0.03796519081066588,0.006800438297573948,0.08347966499680518
5,3,12-17,85+,0.017868292043165424,0,0.07945384768580419
5,3,18-29,0-4,0.06177696908491691,0.028127881929765702,0.10739901899364537
5,3,18-29,5-11,0.09230099219515192,0.05304321390428574,0.1427825523382211
5,3,18-29,12-17,0.08150206404159592,0.04620249246647544,0.1268749812882318
5,3,18-29,18-29,0.40956396697565234,0.308317643362249,0.5278304474909823
5,3,18-29,30-49,0.38426288346872717,0.29831652379183266,0.4890468890111255
5,3,18-29,50-64,0.14636162238706382,0.10458473729513423,0.19467112732419514
5,3,18-29,65-74,0.08064633330437532,0.028344059605781506,0.1689790172784941
5,3,18-29,75-84,0.031823076420266744,0.009230484713210295,0.06547585187419365
5,3,18-29,85+,0.017241349840048777,0.0021927430475752693,0.05308844482152403
5,3,30-49,0-4,0.07888973840582615,0.04685471312965085,0.11855107717788524
5,3,30-49,5-11,0.0844034626355422,0.054536670105214485,0.12151674481444999
5,3,30-49,12-17,0.07924237097081081,0.04939228469020285,0.11137950619086485
5,3,30-49,18-29,0.205919833261865,0.16321367754345342,0.25336961890223325
5,3,30-49,30-49,0.4966107960717373,0.4218106893882232,0.5829944198531872
5,3,30-49,50-64,0.22992956441866058,0.18216806588825515,0.2788147074678294
5,3,30-49,65-74,0.09277266459431281,0.05661277530182368,0.13620607381323363
5,3,30-49,75-84,0.03686162819940944,0.019444536133501975,0.05860603033798855
5,3,30-49,85+,0.018354656451794984,0.0038088036727121017,0.06732954347410497
5,3,50-64,0-4,0.056205004329366835,0.02433386640190635,0.09888554835755498
5,3,50-64,5-11,0.033648326134391005,0.014998331516399314,0.058634316543108515
5,3,50-64,12-17,0.0524479396666587,0.024458317531321494,0.10039608278270024
5,3,50-64,18-29,0.09397068369169516,0.06835231654771903,0.1226460136623769
5,3,50-64,30-49,0.2745798390313827,0.22356552972685853,0.3273136236288541
5,3,50-64,50-64,0.23209705332527678,0.18461242655261192,0.2859628294366339
5,3,50-64,65-74,0.06248801808762086,0.03945308329556824,0.08948082107145455
5,3,50-64,75-84,0.036021007426031836,0.018981036601124626,0.05547910151253
5,3,50-64,85+,0.0316821275803511,0.005845020862733999,0.12031239160364095
5,3,65-74,0-4,0.04540711125669064,0.012488424928217024,0.10674018111026012
5,3,65-74,5-11,0.06237956638881679,0.026603146174972878,0.1158102494097038
5,3,65-74,12-17,0.030736191050630267,0.010242579565836723,0.0693910006554289
5,3,65-74,18-29,0.07264267032639357,0.031280849790558465,0.13616963333013726
5,3,65-74,30-49,0.2597529761367022,0.16808485743726356,0.3733955935052596
5,3,65-74,50-64,0.12856546514623526,0.07972396696215009,0.185953386298144
5,3,65-74,65-74,0.15894019136160253,0.09198854469298076,0.24949714893546723
5,3,65-74,75-84,0.10325359519169269,0.05690397887278149,0.16010236749887533
5,3,65-74,85+,0.028232831856868756,0.0021274341868012985,0.09694772176861091
5,3,75-84,0-4,0.015499003323062421,0,0.04185135095191449
5,3,75-84,5-11,0.02620340471990703,0.006981458668712775,0.05263265761814518
5,3,75-84,12-17,0.029733149112599527,0.007345193430477165,0.06296050317011466
5,3,75-84,18-29,0.05069938288562533,0.014237128529219819,0.10606950426265124
5,3,75-84,30-49,0.14665234701696428,0.08603584290537925,0.22313130362470876
5,3,75-84,50-64,0.09044305444940438,0.049619497515148873,0.14413303924087975
5,3,75-84,65-74,0.12431867584334744,0.06200955055146664,0.1982322913398378
5,3,75-84,75-84,0.16276517123116613,0.08889803845222224,0.24982484286359474
5,3,75-84,85+,0.06432895501701477,0.01075268817444295,0.20438688876886132
5,3,85+,0-4,0.015409289807088422,0,0.1281286035092142
5,3,85+,5-11,0.022440710770215148,0,0.1288078678869751
5,3,85+,12-17,0.014402952891084219,0,0.10000003644225017
5,3,85+,18-29,0.05747435137745004,0,0.2000146415478892
5,3,85+,30-49,0.18211040977338339,0.02707974055973068,0.5753254716241738
5,3,85+,50-64,0.1984483835258074,0.03927965470873653,0.5855951354639586
5,3,85+,65-74,0.07902577690316848,0.00665829397102524,0.2562331365231916
5,3,85+,75-84,0.21590090731581293,0.023395210307455894,0.5646449151487505
5,3,85+,85+,0.12134918704623425,0,0.4617689045830243
5,4,0-4,0-4,0.43131533582125703,0.23797701775064042,0.6930884964817664
5,4,0-4,5-11,0.18232674310870367,0.08116478019017614,0.30860094982409986
5,4,0-4,12-17,0.07830972521669706,0.029907926028951225,0.13454349540381969
5,4,0-4,18-29,0.13613181907498448,0.05464263748395634,0.25198886655823904
5,4,0-4,30-49,0.3481203240258769,0.20739150319860075,0.5602164928517128
5,4,0-4,50-64,0.16164046155047077,0.06997961534355311,0.3047624140589136
5,4,0-4,65-74,0.08950976098086859,0.019160106363511033,0.23441029457717394
5,4,0-4,75-84,0.02831877966502921,0,0.09534195237551997
5,4,0-4,85+,0.013043609173674904,0,0.11610667345379116
5,4,5-11,0-4,0.14452198160855995,0.07906409288205973,0.2272703925667241
5,4,5-11,5-11,1.2533652202007004,0.9658733661935588,1.5926192529679986
5,4,5-11,12-17,0.16006955640410409,0.1074818864558427,0.22476706498610952
5,4,5-11,18-29,0.14822932639801606,0.08882175857253334,0.21905193485311067
5,4,5-11,30-49,0.29654729340363606,0.2013980239153336,0.4150075098290217
5,4,5-11,50-64,0.08668650530872665,0.03880559150727954,0.15380967272686702
5,4,5-11,65-74,0.09036225383250099,0.03250678530775996,0.1778665137094595
5,4,5-11,75-84,0.03064708095306592,0.005712671509605412,0.0661083041423261
5,4,5-11,85+,0.014382137481973088,0,0.07327335868494055
5,4,12-17,0-4,0.06666343746631424,0.03371311676348932,0.10602536204888934
5,4,12-17,5-11,0.20575188990572316,0.1315542030457096,0.2899065464289045
5,4,12-17,12-17,1.1496092128493391,0.8212209925423508,1.5542314075847736
5,4,12-17,18-29,0.16946015671777814,0.09261183331194982,0.2564344234309685
5,4,12-17,30-49,0.3836924556140473,0.2513384835323249,0.5393868166447333
5,4,12-17,50-64,0.17867671509690364,0.09160879135947163,0.2818473886893835
5,4,12-17,65-74,0.08041149330564361,0.022046730642279005,0.16901306350721904
5,4,12-17,75-84,0.06447174744234059,0.015931094174658898,0.14572492476944524
5,4,12-17,85+,0.014476361021112712,0,0.0784433648542124
5,4,18-29,0-4,0.050945690920137614,0.02094203914079315,0.08849506736058578
5,4,18-29,5-11,0.08422708340401569,0.046514183399756936,0.13329263486101353
5,4,18-29,12-17,0.09208476887839234,0.05190605271673734,0.14347145433625802
5,4,18-29,18-29,0.4337227571004218,0.33324370779078055,0.5437125020043503
5,4,18-29,30-49,0.40749146307414175,0.3213421777794049,0.5094362211789605
5,4,18-29,50-64,0.15568500112449918,0.11266775720490264,0.20346625362440304
5,4,18-29,65-74,0.09032396558835086,0.035733601688230206,0.18179898783059997
5,4,18-29,75-84,0.036400336888320464,0.01125999879376126,0.07402314382620608
5,4,18-29,85+,0.016230487559728165,0.0021922704488493957,0.06034455055181259
5,4,30-49,0-4,0.08655099209668751,0.0500227047138495,0.13040056117800874
5,4,30-49,5-11,0.11160339957910143,0.07077134765390648,0.15944898394493975
5,4,30-49,12-17,0.09419688771805135,0.061095311369444884,0.13154592454140224
5,4,30-49,18-29,0.22024897091754558,0.17740924303347916,0.26709036085578275
5,4,30-49,30-49,0.5554660267435011,0.4719243250023567,0.6511963019356927
5,4,30-49,50-64,0.2645200430032448,0.21697377493862477,0.3177811682318223
5,4,30-49,65-74,0.11358254729102445,0.07171201401674862,0.1635739281745606
5,4,30-49,75-84,0.04871371329609076,0.0279227588594877,0.07383984182564284
5,4,30-49,85+,0.020809186557741107,0.003067328158257166,0.09223304423767975
5,4,50-64,0-4,0.0495298306043667,0.021558227735109885,0.08444463838834272
5,4,50-64,5-11,0.03582600925846371,0.01564847339451329,0.06498409408542659
5,4,50-64,12-17,0.056287529401843464,0.025154226984375548,0.10561195631773063
5,4,50-64,18-29,0.10326352896100628,0.0760728177903199,0.13470513461945915
5,4,50-64,30-49,0.320237738776513,0.26772310204558214,0.3792391522838278
5,4,50-64,50-64,0.27511068796273164,0.22573604103901457,0.33029516459536995
5,4,50-64,65-74,0.08143706859154692,0.0529886260360116,0.11528131989000451
5,4,50-64,75-84,0.04732883798919336,0.02708396302962648,0.07094582500501949
5,4,50-64,85+,0.03733153173141579,0.00810487349436653,0.14830321746606442
5,4,65-74,0-4,0.048098929340210574,0.012756066998818183,0.1082713033875011
5,4,65-74,5-11,0.053286009332156804,0.02119666779360083,0.09907969018700602
5,4,65-74,12-17,0.03181685035432511,0.011765520623242806,0.06624122374307145
5,4,65-74,18-29,0.09078506736802307,0.03158550793345744,0.18808348252682588
5,4,65-74,30-49,0.23866534194452096,0.1520775752092233,0.34195080917282195
5,4,65-74,50-64,0.14400801023132234,0.09490231479631546,0.20164442301189325
5,4,65-74,65-74,0.20704626492429035,0.12494589553933579,0.321319555700097
5,4,65-74,75-84,0.12814575242247725,0.07539974050982305,0.18934007622558316
5,4,65-74,85+,0.03932434964599282,0.004290932334947123,0.13351730116673324
5,4,75-84,0-4,0.017005178223658126,0,0.042251395013865656
5,4,75-84,5-11,0.03326333188250054,0.009965029447253639,0.0691876047083968
5,4,75-84,12-17,0.027204908553658164,0.007008447197366297,0.06085682666597242
5,4,75-84,18-29,0.054418459218174585,0.016061980535135262,0.10814874366041168
5,4,75-84,30-49,0.15362484341648752,0.0888535379030197,0.2320711155942286
5,4,75-84,50-64,0.11197573592427221,0.0644754524254781,0.16882720632843093
5,4,75-84,65-74,0.16420069566058923,0.09418123856411302,0.2477843711669318
5,4,75-84,75-84,0.208406984918129,0.1281801891772045,0.30885149223416375
5,4,75-84,85+,0.07971590895778305,0.015460025443186474,0.25965044150005506
5,4,85+,0-4,0.012129327094418748,0,0.11562629258593174
5,4,85+,5-11,0.022484359459120654,0,0.1212567861968432
5,4,85+,12-17,0.01717000201948032,0,0.1250027063468445
5,4,85+,18-29,0.05980285574937771,0,0.19134450152699192
5,4,85+,30-49,0.17815295527795266,0.0254566650210708,0.5774307829496748
5,4,85+,50-64,0.2347670369424948,0.03518841443535927,0.712743800424585
5,4,85+,65-74,0.14247199885051876,0.013006365508261534,0.4069930059999495
5,4,85+,75-84,0.269357774273063,0.04169817762788746,0.6538487616393396
5,4,85+,85+,0.1623900203316692,0,0.6134333694287974
5,5,0-4,0-4,0.8787908584120153,0.424952584542896,1.4706658829293058
5,5,0-4,5-11,0.4556690495163379,0.30933621842072573,0.640896516566149
5,5,0-4,12-17,0.16324831062825154,0.08656838673982131,0.25191202760413905
5,5,0-4,18-29,0.3947669732419077,0.2646182119742951,0.5447820427535552
5,5,0-4,30-49,1.313385263095811,1.0535271064512595,1.6086110595118026
5,5,0-4,50-64,0.28478222203326226,0.1469986665440135,0.4668349473141745
5,5,0-4,65-74,0.16733417631363756,0.06718834757601908,0.3574623967354844
5,5,0-4,75-84,0.04914021676956177,0,0.12149399614053635
5,5,0-4,85+,0.009322724989429085,0,0.08423012972950081
5,5,5-11,0-4,0.26172776611914755,0.17767692915052458,0.36811895337733946
5,5,5-11,5-11,2.5834094368950917,1.841396063077044,3.488222923498397
5,5,5-11,12-17,0.3135166565088862,0.23424964233504017,0.4002367365862373
5,5,5-11,18-29,0.3643548027589027,0.26818300689878904,0.46854452591210244
5,5,5-11,30-49,1.215409185110003,1.034737684859839,1.4087988405213707
5,5,5-11,50-64,0.21409462909538585,0.13615102679643137,0.30805698258340747
5,5,5-11,65-74,0.1371782780415767,0.06752731499506934,0.23393643875981987
5,5,5-11,75-84,0.05044980580481181,0.01711511581566335,0.10075138204275837
5,5,5-11,85+,0.03633780330226516,0,0.12806763602275958
5,5,12-17,0-4,0.10052720853537792,0.05330822862959063,0.15512572739082683
5,5,12-17,5-11,0.33612071516215564,0.2511386737307247,0.42909317684599757
5,5,12-17,12-17,2.1426915331885676,1.3475774778415992,3.1133662990619846
5,5,12-17,18-29,0.40762716003687927,0.28261492473786504,0.5582849459914475
5,5,12-17,30-49,1.0033333101374038,0.8326028505654784,1.2137009428189782
5,5,12-17,50-64,0.5337783658273613,0.40344624671021806,0.6889872308721583
5,5,12-17,65-74,0.11200969893512024,0.0491086739072856,0.2069873502761267
5,5,12-17,75-84,0.08593518490582104,0.029522065302183854,0.16445768151587126
5,5,12-17,85+,0.013539212652542345,0,0.06516122399591186
5,5,18-29,0-4,0.14483402680126178,0.09708441638480625,0.19987228499143958
5,5,18-29,5-11,0.23273088699687106,0.17130134857682514,0.2992818601192093
5,5,18-29,12-17,0.24286111209129854,0.16837978830759662,0.33262185678463296
5,5,18-29,18-29,1.0166124123208382,0.8081176101023766,1.2255127941189354
5,5,18-29,30-49,0.7240016269931197,0.6172415984684202,0.8361002788382504
5,5,18-29,50-64,0.4579291040595012,0.381715673506483,0.5418517535378408
5,5,18-29,65-74,0.14444868364464236,0.08117913097877248,0.23929212362167976
5,5,18-29,75-84,0.059315210447469784,0.02489886246220097,0.1030111803885595
5,5,18-29,85+,0.02165448077406952,0.0022214912281216387,0.06187025814031863
5,5,30-49,0-4,0.24221355027868327,0.1942906989582787,0.2966588758758478
5,5,30-49,5-11,0.39023708877172136,0.3322280485691313,0.4523296062965647
5,5,30-49,12-17,0.30048071215271926,0.24934993680618206,0.36348212498669025
5,5,30-49,18-29,0.3639284812086258,0.3102642163973084,0.4202762718634121
5,5,30-49,30-49,1.1628030589806677,1.009291133896232,1.3175358002397333
5,5,30-49,50-64,0.4520254454579924,0.39009376976633,0.5155236665797818
5,5,30-49,65-74,0.21122896503090619,0.15740847912606792,0.280278530114438
5,5,30-49,75-84,0.11374741657516495,0.08028824268284407,0.15193738558169778
5,5,30-49,85+,0.032584614637583956,0.0054982749985077115,0.08877172025351139
5,5,50-64,0-4,0.06222214361686832,0.03211777784401666,0.1019988920999535
5,5,50-64,5-11,0.08143996898092441,0.05179081533186088,0.11718253377936128
5,5,50-64,12-17,0.1893904757116084,0.14314719643999935,0.2444602999446125
5,5,50-64,18-29,0.2727096759439982,0.22732243201378183,0.32268797682226247
5,5,50-64,30-49,0.5355360129569912,0.4621626154880637,0.6107653711958179
5,5,50-64,50-64,0.7511015275522362,0.6451089908848352,0.8592968274295528
5,5,50-64,65-74,0.17022321566576187,0.13394447796820871,0.20741495560783915
5,5,50-64,75-84,0.11406794561309755,0.07922716312263814,0.1528917511146488
5,5,50-64,85+,0.07374626137557781,0.019485597297333505,0.1661614030684445
5,5,65-74,0-4,0.0691423303914924,0.02776216448367535,0.14770313920387873
5,5,65-74,5-11,0.09868347683716384,0.04857788215691177,0.16828948041413933
5,5,65-74,12-17,0.07515883941820949,0.03295206550262058,0.13888912450354124
5,5,65-74,18-29,0.16268336899602764,0.09142689421999683,0.2694995057259055
5,5,65-74,30-49,0.4732673425752011,0.3526802898641205,0.6279757849911124
5,5,65-74,50-64,0.32191859130682543,0.2533098525498406,0.3922539593914706
5,5,65-74,65-74,0.5092553003704356,0.36713068629628276,0.7092805727823565
5,5,65-74,75-84,0.2767434589054902,0.2008791816901225,0.3713225738911335
5,5,65-74,85+,0.04888626012264667,0.0060933432969438915,0.13124214129269163
5,5,75-84,0-4,0.025220185545795748,0,0.062354245194589215
5,5,75-84,5-11,0.045078602184365706,0.015292932943659559,0.09002475625381634
5,5,75-84,12-17,0.07162214075941775,0.02460498012425302,0.13706622296101392
5,5,75-84,18-29,0.08297504400216625,0.03483059729231964,0.14410059681109022
5,5,75-84,30-49,0.3165530153028217,0.22343791252458292,0.4228336694691578
5,5,75-84,50-64,0.2679431968814606,0.1861029341137808,0.3591394966419012
5,5,75-84,65-74,0.3437393183418967,0.24950932266414216,0.4612147616391762
5,5,75-84,75-84,0.600311694450494,0.42983950789596936,0.7954612762444945
5,5,75-84,85+,0.16805907908284698,0.05499694057048592,0.31252301620872974
5,5,85+,0-4,0.012298093123843296,0,0.1111123604333885
5,5,85+,5-11,0.08345518157071129,0,0.29412641509193604
5,5,85+,12-17,0.029003698786286877,0,0.13958836173300773
5,5,85+,18-29,0.07785972854770372,0.007987478702318964,0.22245749294298456
5,5,85+,30-49,0.2330779538245083,0.03932919571000487,0.6349846743409038
5,5,85+,50-64,0.44524886167074257,0.11764582846345362,1.0032125587093015
5,5,85+,65-74,0.1560710512516091,0.019453206107505623,0.4189950081817316
5,5,85+,75-84,0.43196213006584977,0.1413585967838186,0.8032776837339316
5,5,85+,85+,0.3002713764157086,0,0.9187502865215508
